( Reaffirmed 2005 )

ISI H A N D B O O K
OF

MATHEMATICAL, PHYSICAL, CHEMICAL AND ENGINEERING TABLES

INDIAN STANDARDS INSTITUTION
MANAK BHAVAN, 9 BAHADUR SHAH ZAFAR MARG .NEW DELHI 2
Price

&bMQ-

February I97 1

@ 1971 INDIAN STANDARDS INSTITUTION

Edition I I970 ( Second Reprint MAY 1983 )

UDC St l*t62/*168 (021)

SP:8- 1970

Today b Tomorrow's Printers Et Publishers New Delhi (India)

SP : 8 - 1970

CONTENTS
PAGE

FOREWORD SECTION 1 MATHEMATICAL TABLES
L OGARITHMS OF N U M B E R S ... ... A NTI-LOGARITHMS ... C OMMON L OGARITHMS " ' ... .`.*.* N ATURAL L O G A R I T H M S ... ... EXPONENTIAL AND H Y P E R B O L I C F U N C T I O N S EXPONENTIAL FUNCTIOKS @?-") . . . ... E XPONENTIAL F UNCTIONS (e*) . . . ... L OGARITHMS OF T RIGONOMETRIC F U N C TI O N S .NATURAL FUNCTIONS ... ... ... N ATURAL F U N C T I O N S - SECANTS AND COSECANTS LENGTHS OF C IRCULAR A R C S ... ... R ADIANS TO C IRCULAR FUNCTIONS ... P O W E R S A N D SQUAR~E ROOTS . . . ... R ECIPROCALS , RO O T S, FACTORIALS AND F ACTORS MATHEMATICAL CONSTANTS ... ...

5

... ... ... ... ... ... ... ... ... ... ... ... ... ...

... ... ... ... ... ... ... ... ... ... ... ... ... ...

... ... ... .*. ... ... ... ... ... ... ... ... ... ... ...

... ... ... ... ... ... ... ... ... ... ... ... ... ... ...

2; 29 30 if 42 if 114 129 130 131 133 135

SECTION 2 PHYSICAL AND CHEMICAL TABLES
E A R T H, SUN AND M O O N ... ... ... ... G RAVITATION ... ... ... ... ... P ROPERTIES OF E LEMENTS :: ... ... ... ... P ROPERTIES OF S O L I D S ... ... ... 16 ... P ROPERTIES OF L I Q U I D S ... ... 17 ... ... ... P ROPERTIES OF G ASES AND V A P O U R S ... ... C ONVERSION OF G ASEOUS V OLUMES TO N T P :; ... ... E LASTIC C ONSTANTS . . . ... ... ... ... ?A PERCENTAGE HU M I D I T I E S WITH WET AND DRY B ULB H Y G R O M E T E R ... 21B P RESSURE OF S ATURATED W ATER V APOUR . . . ... A TMOSPHERE ... ... 22 ... LIGHT - S T A N D A R D S F O R M EASUREMENT ::: ::: 23 ... R EFRACTIVE I NDICES ( AGAINST A IR ) FOR M EAN D LI N E S ... W AVELENGTHS OF I MPORTANT S PECTRAL L I N E S ... ;; ... M AGNETIC E LEMENTS ... I NSULATORS AND D IELECTRICS . . . 1:: 1:: ;; ... 28 E LECTROMOTIVE F ORCE OF C E L L S ... ... S TANDARD D IAMETERS AND R ESISTANCES OF W I R E 1:: 29 ... V ELOCITY OF SOUND . . . ... :`: S CALE OF M IN E R A L H A R D N E S S 1:: 1:: ::`: ...

13

... ... ... ... ... ... ... ... ... ... ... ... ... .*. ... ... ... ... ... ...

... ... ... ... ... ... ... ... ... ... ... ... ... ... ... ... ... ... ... ...

139 135 :z 143 :z 145 146 :z 147 147 147 148 :: 149 149 149

SECTION 3 ENGINEERING TABLES
R OLLED `STEEL BE A M S ... ... ..I R OLLED S TEEL CHANKELS ... ... ... S TEEL EQUAL AN G L E S S T E E L T EE B ARS . . . 1:: 1:: 1:: S TEEL F L A T S ... ... ... ... R OUND AND S QUARE S TEEL B A R S ... ... S TEEL R AIL S E C T I O N S S TEEL CHEQUERED PLATES 1:: 1:: 1:: MILD\ STEEL S H E E T S ... ... N OMINAL W EIGHTS OF G A L V A N I Z ED P LAIN S H E E T S 1:: N OMINAL W EIGHTS OF G ALVANIZED C ORRUGATED S H E E T S B ARE C OPPER C ONDUCTORS ... ... ... C OMPARISON T ABLE FOR W IRES AND C A B L E S ... U N E Q U A L A NGLES . . . ... ... ... B U L B ANGLES ... ... ... ...

... ... ... ... ... ... ... ... ... ... ... ... ... ... ...

... ... ... ... ... ... ...
a*, ... ... .., ... ... ... ...

1..

. . .

. . .

. . .

. . .

. . .

. . .

. . .

. . .

. . .

153 154 155 157 157 158 158 158 158 159 :zi! 161 162 162

. . .

. . .

. . .

. . .

. . .

As in the Original Standard, this Page is Intentionally Left Blank

SP:8-1970

IS1 HANDBOOK OF MATHEMATICAL, PHYSICAL, CHEMICAL AND ENGINEERING TABLES

0.

FOREWORD

0.1 This publication covering mathematical, physi- 0.5 The data covered in this document are based cal, chemical and engineering tables, is intended on the following publications: Handbook of Mathematical, Physical, Chemical to serve as a reference in examinations by students and Engineering Tables. 1960. Union Public of engineering and technology. The data are Service Commission, New Delhi given in the metric system and these generally correspond to the Handbook of Mathematical, IS1 Handbook of Quantities, Conversion Factors, Physical and Engineering Tables of the Union Formulae and Tables Indian Railway Specification T-12.64 SpecificaPublic Service Commission which had been serving, before the introduction of metric system, the tion for Flat Bottomed Rails. 1964. Ministry purpose of such reference in the competitive of Railways, Government of India examinatio,ns held by UPSC. IS: 277-1969 Galvanized steel sheets (plain and corrugated ) ( secoltd reirision ) IS : 282-1963 Hard-drawn copper conductors for 0.2 The metric data furnished in the tables are overhead power transmission ( revised ) derived from various Indian Standards and relate IS: 808-1964 Rolled steel beam, channel and to the products as manufactured by the Indian angle sections (revised) industries. IS: 1173-1967 Hot rolled and slit steel tee bars ( jirst recisio*t ) 0.3 The data relating to physical and chemical IS; 1252-1958 Rolled steel sections, bulb angles quantities and units have been, .as far as possible, IS: 1730-1961 Dimensions for steel plate, sheet based on the latest references available. The and strip for structural and general engineering symbols and nomenclature used, are in accordance purposes with the relevant IS0 standards on quantities and IS: 1731-1961 Dimensions for steel flats for units. structural and general engineering purposes IS: 1732-1961 Dimensions for round and square 0.4 The metric sections for structural steel which steel bars for structural and general engineering purposes are covered in these tables conform to the Indian Standards. It will be noted that these have IS: 2982-1965 Copper conductors in insulated cables and cords wider flange, thinner web and greater depth and have, therefore, greater structural efficiency comISO/R 31,/X1-1961 Recommendation for mathematical signs and symbols for use in the pared to the inch sections earlier in use in India. physical sciences and technology.

5

As in the Original Standard, this Page is Intentionally Left Blank

SECTION I MATHEMAfKAL TABLES (TABLES I-12)

As in the Original Standard, this Page is Intentionally Left Blank

SP:8-1970
TABLE

1 LOGARITHMS OF NUMBERS -

(*In the case of these numbers, the first two digits for logarithms shown in line 1 of second column should be increased by one.)

NO. -

0

1

2

3

4

5

6

7

8

9

.00 000
432 860 01284 703 02 119 531 938 03 342 743 04 139 532 922 05 308 690 06 070 446 819 07 188 555 918 ,08 279 636 991 09 342 691 10 037 380 721 11059 394 727 12 057 385 710 13 033 354 672 988 14 301 613 922 15 229 534 836 16 137 435 732 17 026 319 609 0 043 475 903 326 745 160 572 979 383 782 179 571 961 346 729 108 483 856 225 591 954 314 672 `026 377 726 072 415 755 093 428 760 090 418 743 066 386 704 *019 333 644 953 259 564 866 167 465 761 056 348 638 1 087 518 945 368 787 202 612 `019 423 822 218 610 999 385 767 145 521 893 262 628 990 350 707 *061 412 760 106 449 789 126 461 793 123 450 775 098 418 735 *051 364 675 983 290 594 897 197 495 791 085 377 667 2 130 561 988 410 828 243 653 `060 463 862 258 650 +038 423 805 183 558 930 298 664 *027 386 743 *096 447 795 140 483 823 160 494 826 156 483 808 130 450 767 `082 395 706 *014 320 625 927 227 524 820 114 406 696 3 173 604 `030 452 870 284 694 `100 503 902 297 689 `077 461 843 221 595 967 335 700 217 647 I `072 494 912 325 735 I `141 543 941 336 727 1 `115 500 881 258 633 `004 372 737 `099 458 814 `167 517 864 209 551 890 227 561 893 222 548 872 194 513 830 *145 45? 768 $076 381 685 987 286 584 879 173 464 754
-_

PROPORTIONAL P ARTS 44 4,4 8,s 13,2 17,6 22,0 26,4 30,s 35,2 39,6 41 4,l 8,2 12,3 16,4 20,s 24,6 28,7 32,8 36,9 38 3,8 7,6 11,4 15,2 19,0 22,8 26,6 30,4 34,2 35 385 7,O 10,s 14,0 17,s 21,0 24,s 28,O 31,s 32 3,2 644 916 12,s 16,0 19,2 22,4 25,6 28,8 43 483 8,6 12,9 17,2 21,s 25,s 30,l 34,4 38,7 40 4,O 8,O 12,0 16,0 20,o 24,0 28,O 32,0 36,0 37 3,7 7,4 11,l 14,8 185 22,2 25,9 29,6 33,3 34 3,4 688 10,2 13,6 17,0 20,4 23,s 27,2 30,6 31 381 6:2 9,3 12,4 15,s 18,6 L1,7 24,X 27,9 42 4,2 884 12,6 16,s 21,0 25,2 29,4 33,6 37,8 39 389 788 11,7 15,6 19,s 23,4 27,3 31,2 35,l 36 3`6 7,2 10,8 14,4 18,O 21,6 25,2 28,E 32,4 33 383 6,6 989 13,2 16,s 19,8 23,l 26,4 29,7 30 3,O 6,O 9,O 12,0 15,0 18,O 21,0 24,0 27,0

100 101
102 103 104 105 106 197 1.08 109

260 689 l 115 536 953 366 776 *181 583 981 376. 766 *154 538 918 296 670 `04'1 408 773 `135 493 849 *202 552 899 243 585 924 261 594 926 254 581 905 226 545 862 *176 489 799 *106 412 715 *017 316 613 909 202 493 782 6

303 732 *157 578 995 407 816 *222 623 *021 415 805 `192 576 956 333 707 *078 445 809 *171 529 884 *237 587 934 278 619 958 294 628 959 287 613 937 258 577 893 `208 520 829 `137 442 746 `047 346 643 938 231 522 811 7

346 775 *199 620 *036 449 857 *262 663 *060 454 844 5231 614 994 l 371 744 *115 482 846 `207 565 920 *272 621 968 312 653 992 327

389 817 *242 662 +078 490 898 `302 703 *1OO 493 883 `269 652 032 408 781 *151 518 882 *243 600 955 *307 656 *003 346 687 *025 361

110
111 112 113 114 115 116 117 118 119 120 121 1 2 2 123 124 125 -126 127 128 129 130 131 132 133 134 135 136 137 138 139 14a 141 142 143 144 14' 14L 147 148 145 15f X0 -.

l 063
422 778 *132 482 830 175 517 857 193 528 860 189 516 840 162 481 799 *114 426 737 *045 351 655 957 256 554 850 143 435 725 4
-

661 694 9 9 2 *024 320 352 646 678 9 6 9 *001 290 322 609 640 925 956 *270 *239 551 582 860 *168 473 776 *077 376 673 967 260 551 891 *19s 503 806 `107 406 702 997 289 580

5

840 869 -/ 8 9

PROPORTIONAL P ARTS ( Continued )

9

SP: 8 - 1970
TABLE 1 LOGARITHMS OF NUMBERS - Co&d

NO. -

0 1 2 3 4 5 6 7 8 9

150 151 152 153 154 1.55 1.56 157 1.58 159 160 161 162 163 164 16.5 166 167 168 169 170 171 172 173 174 17.5 176 177 178 179 180 181 182 183 184 185 186 187 188 189

17 609 898 18 184 469 752 19 033 312 590 866 20 140 412 683 952 21 219 484 748 22 011 272 531 789 23 045 300 553 805 24 055 3M 551 797 25 042 285 527 768 26 007 245 482 717 95? 27 184 416 646 875 28 103 330 556 780 29 003 226 447 667 88.5 30 103 0

638 926 213 498 780 061 340 618 893 167 439 710 978 245 511 775 037 298 557 814 070 325 575 830 080. 329 576 822 066 310 551 792 031 269 505 741 975 207 439 669 898 126 353 578 803 026 248 469 688 907 125 1

667 955 241 526 808 089 368 645 921 194 466 737 8005 272 537 801 063 324 583 840 096 350 603 855 105 3.53 601 846 091 334 575 816 055 293 529 764 998 231 462 692 921 149 375 601 825 048 270 491 710 929 146 2

696 984 270 554 837 117 396 673 948 222 493 763 +032 299 564 827 089 350 608 866 121 376 629 880 130 378 625 871 115 358 600 840 079 316 553 788 *021 254 485 715 944 171 398 623 847 070 292 513 732 951 168 3

725 8013 298 583 865 145 424 700 976 249 520 790 `059 325 590 854 115 376 634 891 147 401 654 905 155 403 650 895 139 382 624 864 102 340 576 811 *045 277 508 738 967 194 421 646 870 092 314 535 754 973 190 4

l 041

7.54

327 611 893 173 451 728 2003 276 548 817 `OS.5 3.52 617 880 141 401 660 917 172 426 679 930 180 428 674 920 164 406 648 888 126 364 600 834 `068 300 531 761 989 217 443 668 892 115 336 557 776 994 211 5

782 *070 355 639 921 201 479 756 l 030 303 575 844 *112 378 643 906 167 427 686 943 198 452 704 955 204 452 699 944 188 431 672 912 150 387 623 8.58 8091 323 554 784 *012 240 466 691 914 137 358 579 798 l 016 233 6

811 +099 384 667 949 229 507 783 *OS8 330 602 871 l 139 405 669 932 194 453 712 968 223 477 729 980 229 477 724 969 212 45.5 696 93.5 174 411 647 881 l 114 346 577 807 ,035 262 488 713 937 159 380 601 820 `038 255 7

840 *127 412 696 977 257 535 81! l 085 358 629 898 *165 431 696 9.58 220 479 737 994 249 502 754 l 005 254 502 748

869 *I56 441 724 *005 285 562 838 5112 385 656 925 *192 458 722 985 246 505 763 l 019 274 528 779 *030 279 527 773 `018 261 503 744 983 221 4.58 694 928 *161 393 623 852 +081 307 533 758 981 203 42.5 645 863 *OS1 298 9

29 2,9 5,8 8,7 11,6 14,s 17,4 20,3 23,2 26,l 27 2,7 5,4 881 10,s 13,s 16,2 18,9 21,6 24`3 25 2,s 5,O 7,s IO,0 12,s 15,o 17,s 20,o 22,s 24 2,4 4,8 7,2 9,6 12,0 14,4 16,s 19,2 21,6 22 2,2 4,4 6,6 888 11,o 13,2 15,4 17,6 1.9,8

28 2,8 5,6 8,4 11,2 14,o 16,8 19,6 22,4 25,2 26 2,6 582 7,8 IO,4 13,o 15,6 18,2 20,8 23,4

993

237 479 720 959 198 435 670 905 *138 370 600 830 5058 285 511 735 959 181 403 623 842 *060 276 8

23 2,3 4,6 6,9 9,2 11,s 13,8 16,1 18,4 20,7 21 2J 4,2 6,3 8,4 10,s 12,6 14`7 16,8 18,9

190
191 192 193 194 195 196 197 198 199 200 NO. -

P ROPORTIO N AL P ARTS

( CdCurd )

10

SP : 8 - 1970
TABLE 1 LOGARITHMS OF NUMBERS - Contd

No. 200 201 202 203 204 205 206 207 208 209 210 211 212 213 214 215 216 217 218 219 220 221 222 223 224 225 226 227 228 229 230 231 232 233 234 23.5 236 237 238 239 240 241 242 243 244 245 246 247 248 249 250 No. 30 103 320 535 750 963 31 17.5 387 597 806 32 015 222 428 634 838 33 041 244 445 646 846 34 044 242 439 635 830 j5 025 218 411 603 793 984 36 173 361 549 736 922 37 107 291 475 6.58 840 38 021 202 382 561 739 917 39 094 270 445 620 794 0 12.5 341 557 771 984 197 408 618 827 035 243 449 654 858 062 264 465 666 866 064 262 459 6.55 850 044 238 430 622 813 *003 192 380 568 754 940 125 310 493 676 858 039 220 399 578 757 934 Ill 267 463 637 811 1 146 363 578 792 *006 218 429 639 848 056 263 469 675 879 OS2 284 486 686 885 084 282 479 674 869 064 257 449 641 832 *021 211 399 586 773 959 144 328 511 694 876 057 238 417 596 77.5 952 129 305 480 655 829 2 168 384 600 814 *027 239 450 660 869 077 284 490 695 899 102 304 506 706 905 104 301 498 694 889 083 276 468 660 851 *040 229 418 605 791 977 162 346 530 712 894 075 256 435 614 792 970 146 322 438 672 846 3 190 406 621 83.5 $048 260 471 681 890 C98 305 510 715 919 122 325 526 726 92.5 124 321 518 713 908 102 295 488 679 850 to59 248 436 624 810 996 181 365 548 731 912 093 274 453 632 810 987 164 340 515 690 863 4 211 428 643 856 *069 281 492 702 911 118 325 531 736 940 143 345 546 746 945 143 341 537 733 928 122 315 507 698 889 *07s 267 455 642 829 `014 199 383 566 749 931 112 292 471 650 828 *OOs 182 358 533 707 881 0 1 2 3 4 5 6 7 8 9
PRoP~RTIOSAL PARTS

233 449 664 878 *091 302 513 723 931 139 346 552 756 960 163 365 566 766 965 163 361 557 753 947 141 334 526 717 908 *097 286 474 661 847 *033 218 401 585 767 949 130 310 489 668 846 *023 t99 37.5 550 724 898 6 255 471 685 899 `112 323 534 744 952 160 366 572 777 9kO 183 385 586 i86 985 183 380 577 772 967 160 353 545 736 927 `116 305 493 680 866 *051 236 420 603 785 967 148 328 507 686 863 `041 217 393 568 742 915 7 276 492 707 920 *133 345 555 765 973 181 387 593 797 *001 203 405 606 SO6 *005 203 400 596 792 986 i80 372 564 755 946 *135 324 511 698 884 8070 254 438 621 303 98.5 166 346 5 5 70 $ 881 *OS8 235 410 585 759 933 8 298 514 728 942 *154 366 576 785 994 201 408 613 815 *021 224 425 626 826 *025 223 420 616 811 `005 199 392 583 774 965 *154 342 530 717 903 *OS8 273 457 639 822 *003 184 364 543 721 899 +076 252 428 602 777 950 22 282 4,4 6,6 8,8 II,0 13,2 15,4 17,6 19,8 20 2,O 420 6,O 8,O IO,0 12,o 14,o 16,O 18,O 19 I,9 368 5,7 786 985 II,4 13,3 15,2 17,l 18 I,8 326 514 7,2 9,O IO,8 12,6 14,4 16,2 17 1,7 3,4 5,l 6,8 8,s IO,2 II,9 13,6 15,3 21 281 4,2 6,3 884 IO,5 i2,6 14,7 16,8 18,9

5
9
PROPORTIONAL PA R T S

~~( Ccwfinf4cd ) 11

SP:8-1970
TABLE 1 LOGARITHMS OF NUMBERS - Codd 4 5 6 7 8 9

NO. -

0

1

2

3

PROPORTIONAL PARTS

250 251 252 253 254 25s 256 257 258 259 260 261 262 263 264 265 266 267 268 269 270 271 272 273 274 275 276 277 278 279 280 281 252 283 284 285 286 287 288 289 290 291 292 293 294 295 296 297 298 299 300 NO. -

39 794 967 40 140 312 483 654 824 993 41 162 330 497 664 830 996 42 160 325 488 651 813 975 43 136 297 457 616 775 933 44091 248 404 560 716 871 45 025 179 332 484 637 788 939 46 090 240 389 538 637 835 982 47 129 276 422 567 712 0

811 985 157 329 500 671 841 *010 179 347 514 681 847 l 012 177 341 504 667 830 991 152 313 473 632 791 949 107 264 420 576 731 886 040 194 347 500 652 803 9.54 105 255 404 553 702 850 997 144 290 436 582 727 1

829 `002 175 346 518 688 858 *027 196 363 531 697 863 `029 193 357 521 684 846 l 008 169 329 489 648 807 965 122 279 436 592 747 902 056 209 362 515 667 818 969 120 270 419 568 716 864 *012 159 305 451 596 741 2

846 *019 192 364 535 705 875 l 044 212 380 547 714 880 l 045 210 374 537 700 862 +024 185 34.5 SO.5 664 823 981 138 295 451 607 762 917 071 22.5 378 530 682 834 984 135 28.5 434 583 731 879 l 026 173 319 465 611 756 3

863

l 037
209 381 552 722 892 l 061 229 397 564 731 896 *062 226 390 553 716 878 l 040 201 361 521 680 838 996 154 311 467 623 778 932 086 240 393 545 697 849 `000 150 300 449 598 746 894 *041 188 334 480 625 770 4

881 +054 226 398 569 739 909 *078 246 414 581 747 913 `078 243 406 570 732 894 *OS6 217 377 537 696 854 l 012 170 326 483 638 793 948 102 255 408 561 712 864 9015 165 315 464 613 `161 909 *OS6 202 349 494 640 784 5

898 *071 243 415 586 756 926 *095 263 430 597 764 929 `095 259 423 586 749 911 *072 233 393 553 712 870 `028 185 342 498 654 809 963 117 271 423 576 728 879 l 030 180 330 479 627 776 923 *070 217 363 509 654 799 6

915 `088 261 432 603 773 943 *111 280 447 614 780 946 *111 275 439 602 765 927 *OS8 249 409 569 727 886 l 044 201 358 514 669 824 979 133 286 439 591 743 894 l 045 195 345 494 642 790 938 *oa5 232 378 524 669 813 7

933 2106 278 449 620 790 960 9128 296 464 631 797 963 *127 292 455 619 781 943 l 104 265 425 584 743 902 *059 217 373 529 685 840 994 148 301 454 606 758 909 *060 210 359 509 657 805 953 *100 246 392 538 683 828 8

950 *123 295 466 637 807 976 0145 313 481 647 814 979 *144 308 472 635 797 959 9120 281 441 600 759 917 8075 232 389 545 700 855 *010 163 317 469 621 773 924 *075 225 374 0523 672 820 967 *114 261 407 553 698 842 9

18

13
3,6 5,4 7,2 9,O 10,a 12,6 14,4 16,2 17 l/7 3,4 581 618 a,5 10,2 11,9 13,6 15,3 16 I,6 3,2 4,a 684 8,O 9,6 11,2 12,s 14,4 15 L5 3,O 4,s 6,O 7.5 9,O 10,5 12,o 13,s 14 1,4 2,a 4,2 -586 7,O a,4 9,a 11,2 _",6

PROPORTIONAL PA R T S

( Contiaued

)

12

SP:8-1970
TABLE 1 LOGARITHMS OF NUMBERS - Contd 0 1 2 3 4 5 6 7 8 9 P ROPORTIONAL P ARTS

NO. -

300 301 302 303 304 305 306 307 308 309 310 311 312 313 314 315 316 317 318 319 320 321 322 323 324 325 326 327 328 329 330 331 332 333 334 33.5 336 337 338 339 340 341 342 343 344 345 346 347 348 34s 354 No -

47 712 857 48 001 144 287 430 572 714 85.5 996 49 136 276 415 554 693 831 969 50 106 243 379 515 6.51 786 9 2 0 51055 188 322 455 587 720 851 983 52 114 244 375 504 634 763 592 53 020 148 275 403 529 656 782 908 54 033 158 283 407 0

727 871 015 159 302 444 586 728 869 *010 150 290 429 568 707 845 982 120 2.56 393 529 664 799 934 068 202 335 468 601 733 865 996 127 257 388 517 647 776 905 033 161 288 415 542 668 794 920 045 170 295 419

741 885 029 173 316 458 601 742 883 *024 164 304 443 582 721 859 996 133 270 406 542 678 813 947 081 215 348 481 614 746 878 *009 140 270 401 530 660 789 917 046 173 301 428 5.55 681 807 933 058 183 307 432 2

7.56 900 044 187 330 473 615 756 897 `038 178 318 457 596 734 872 *010 147 284 420 556 691 826 961 095 228 362 495 627 759 891 `022 153 284 414 543 673 802 930 058 186 314 441 567 694 820 945 070 195 320 444 3

770 914 058 202 344 487 629 770 911 *052 192 332 471 610 748 886 *024 161 297 433 569 70.5 840 974 108 242 375 508 640 772 904 +035 166 297 427 5.56 686 815 943 071 199 326 453 580 706 832 958 083 208 332 4.56 4

784 929 073 216 359 501 643 785 926 l 066 206 346 485 624 762 900 `037 174 311 447 583 718 853 987 121 255 388 521 654 786 917 *048 179 310 440 569 699 827 956 084 212 339 466 593 719 845 970 095 220 345 469

799 943 087 230 373 515 6.57 799 940 l 080 220 360 499 638 776 914 *051 188 325 461 596 732 866 fOO1 135 268 402 534 667 799 930 `061 192 323 4.53 582 711 840 969 097 224 352 479 605 732 857 983 108 233 357 481 6

81 958 101 244 387 530 671 813 954 `094 234 374 513 651 790 927 l 065 202 338 474 610 745 880 l 014 148 282 415 548 680 812 943

828 972 116 259 401 544 686 827 968 l 108 248 388 527 665 803 941 8079 215 352 488 623 759 893 l 02s 162 295 428 561 693 825 957 *OS8 218 349 479 608 737 866 994 122 250 377 504 631 757 882 0008 133 258 382 506 8

842 986 130 273 416 558 700 841 982 *122 262 402 541 679 817 955 *092 229 36.5 501 637 772 907 "041 17s 308 441 574 706 838 970 *101 231 362 492 621 750 879 4007 135 263 390 517 643 769 895 *020 145 270 394 518 9

15 1,s 3,O 4`5 6,O 7,s Y,O 10,s 12,0 13,s

*

14 lt4 2,8 4,2 5,6 7,O 8,4 9,s 11,2 12,6

l 075
205 336 466 595 724 8.53 982 110 237 364 491 618 744 870 995 120 24.5 370 494 7

13 1,3 2,6 389 512 6,s 7,s 9,1 10,4 11,7

12 182 2,4 3,6 4,8 6,O 7,2 8,4 9,6 10,8

1

5

PROFORTIONAL PARTS

( Continued )

SP:S-1970
TABLE 1 LOGARITHMS OF NUMBERS - Conld

NC 35( 351 35: 35: 354 35! 35( 35: 351 35! 3ti 361 36: 36: 364 365 36t 36i 365 365 37a 371 372 373 374 375 376 377 378 379 380 381 382 383 384 385 386 387 388 389 390 391 392 393 394 395 396 397 398 399 400 No. 54 407 531 654 777 900 55 023 145 267 388 509 630 751 871 991 56 110 229 348 467 585 703 8 2 0 937 57 054 171 287 403 519 634 749 864 978 58 092 206 320 433 546 659 771 883 995 59 106 218 329 439 550 660 770 879 988 60 097 206 0 419 543 667 790 913 035 157 279 400 522 642 763 883 *003 122 241 360 478 597 714 832 949 066 183 299 415 530 646 761 875 990 104 218 331 444 557 670 782 894 `006 118 229 340 450 561 671 780 890 999 108 217 1 432 555 679 802 925 047 169 291 413 534 654 775 895 *015 134 253 372 490 608 726 844 961 078 194 310 426 542 657 772 887 *001 115 229 343 456 569 681 794 906 *017 129 240 351 461 572 682 791 901 *010 119 228 2 444 568 691 814 937 060 182 303 425 546 666 787 907 `027 146 265 384 502 620 738 855 972 089 206 322 438 553 `669 784 89k? *013 127 240 354 467 580 692 805 917 *028 140 251 362 472 583 693 802 912 l 021 130 239 3 456 580 704 827 949 072 194 315 437' 558 678 799 919 $038 158 277 396 514 632 750 867 984 101 217 334 449 565 680 795 910 `024 138 252 365 478 591 704 816 928 *040 151 262 373 483 594 704 813 923 *032 141 249 0 1 2 3 4

5 6 7 8 9 P ROPORTIONAL P ARTS

-469 593 716 839 962 084 206 328 449 570 691 811 931 `050 170 289 407 526 644 761 879 996 113 229 345 461 576 692 807 921 LO35 149 263 377 490 602 715 827 939 * `051
1

481 605 728 851 974 096 218 340 461 582 703 823 943 *062 182 301 419 538 656 773 891 *008 124 241 357 473 588 703 818 933 *047 161 274 388 501 614 726 838 950 *062 173 284 39s 506 616 726 835 945 *054 163 271 6

494 617 741 864 986 108 230 352 473 594 715 835 955 2074 194 312 431 549 667 785 902 *019 136 252 368 484 600 715 830 944 $058 172 286 399 512 625 737 8.50 961 fOi3 184 295 406 517 627 737 846 956 *065 173 282 7

506 630 753 876 998 121 242 364 485 606 727 847 967 *086 205 324 443 561 679 797 914 *031 148 264 380 496 611 726 841 955 f070 184 297 410 524 636 749 861 973 *084 195 306 417 528 638 748 857 966 *076 184 293 8

518 642 765 888 l 011 133 255 376 497 618 739 859 979 *098 217 336 455 573 691 808 926

13 183 286 3,9 5,2 6,5 788 9,l 10,r 11,7

l 043
159 276 392 507 623 738 852 967 *OS1 195 309 422 535 647 760 872 984 *095 207 318 428 539 649 759 868 977 *086 19s 304 9

12 182 2,4 3,6 4,8 6,O 7,2 8,4 9,6 10,8

11 13 22 3,3 4,4 5,5 6,6 7,7 8,8 9,9

10 to 2x0 380 480 5,O 6,O 7,O 840 980

162 273 384 494 605 715 824 934 l 043 152 260
-

4

5

P ROPORTIONAL P ARTS

14

SP:8-1970
TABLE 1 LOGARITHMS OF NUMBERS - Contd

NO.

0

1

2

3

4

5

6

7

8

9

PROPORTIONAL PARTS

z
4G2
403 g
407 408 409

id+

60 206 314 423 531 638 746 853 959 61 066 172 278 384 490 595 700 805 909 62 014 118 221 325 428 531 634 737 839 941 63 043 144 246 347 448 548 649 749 849 949 64 048 147 246 345 444 542 640 738 836 933 65 031 128 225 321 0

217 325 433 541 649 756 863 970 077 183 289 395 500 606 711 815 920 024 128 232 335 439 542 644 747 849 951 053 1.55 256 357 458 558 659 759 859 959 058 157 256 355 454 552 650 748 846 943 040 137 234 331 1

228 336 444 552 660 767 874 981 087 194 300 405 511. 616 721 826 930 034 138 242 346 449 552 655 757 859 961 063 165 266 367 468 568 669 769 869 969 068 167 266 365 464 562 660 758 856 953 050 147 244 341 2

239 347 455 563 670 778 885 991 098 204 310 416 521 627 731 836 941 045 149 252 356 459 562 665 767 870 972 073 175 276 377 478 579 679 779 879 979 078 177 276 375 473 572 670 768 865 963 060 1.57 254 350 3

249 358 466 574 681 788 895 *002 109 215 321 426 532 637 742 847 951 055 159 263 366 469 572 675 778 880 982 083 185 286 387 488 589 689 789 889 988 088 187 286 385 483 582 680 777 875 972 070 167 263 360 4

260 369 477 584 692 799 906 `013 119 225 331 437 542 648 752 857 962 066 170 273 377 480 583 685 788 890 992 094 195 296 397 498 599 699 799 899 998 098 197 296 395 493 591 689 787 885 982 079 176 273 369

271 379 487 595 703 810 917 `023 130 236 342 448 553 658 763 868 972 076 180 284 387 490 593 696 798 900 *002 104 205 306 407 508 609 709 809 909 "008 108 207 306 404 503 601 699 797 895 992 089 186 283 379 6

282 390 498 606 713 821 927 `034 140 247 352 458 563 669 773 878 982 086 190 294 397 500 603 706 808 910 *012 114 215 317 417 518 619 719 819 919 l 018 118 217 316 414 513 611 709 807 904 *002 099 IQ6 29' f 384 7

293 401 509 617 724 831 938 *045 151 257 363 469 574 679 784 888 993 097 201 304 408 511 613 716 818 921 *022 124 22s 327 428 528 629 729 829 929 `028 128 227 326 424 523 621 719 816 914 *011 108 205 302 398 8

304 412 520 627 735 842 949 5055 162 268 374 479 584 690 794 899 l 003 107 211 315 418 521 624 726 829 931 *033 134 236 337 438 538 639 739 839 939 +03s 137 237 335 434 532 631 729 826 924 *021 118 215 312 408 9

11 1,1 22 3,3 464 5,5 6,6 7,7 8,8 989

4w 411 412 413 414 415 416 417 418 419 420 421 422 423 424 425 426 427 428 429 430 431 432 433 434 435 436 437 13g 439 440 441 442 443 444 445 446 447 448 449 450 _
I-40.

10 180 2,O 3,o 4/o 5,o 6,O 780 8,O 9,o

9 %9 1,8 2,7 3,6 4,s 5,4 6,3 7,2 fu

5

P R O P O R T I ON A PAkTS

L

( Continued

)

15

SP:8 - 1970
TABLE 1 LOGARITHMS OF NUMBERS-Co&d

NO. -

0 1 2 3 4 5 6 7 8 9

65 321 418 514 610 706 801 896 992 66 087 181 276 370 464 5.58 6.52 745 839 932 67 025 117 210 302 394 486 578 669 761 852 943 68 034 124 21.5 305 39.5 485 574 664 753 842 931 69 020 108 197 285 373 461 548 636 723 810 897 0 331 427 523 619 715 81.1 906 `001 096 191 285 380 474 567 661 755 848 941 034 127 219 311 403 495 587 679 770 861 952 043 133 224 314 404 494 583 673 762 851 940 028 117 205 294 381 469 557 644 732 819 906 1 341 437 533 629 725 820 916 *011 106 200 295 389 483 577 671 764 857 950 043 136 228 321 413 504 596 688 779 870 961 052 142 233 323 413 502 592 681 771 860 949 037 126 214 302 390 478 566 653 740 827 914 2 350 447 543 639 734 830 925 `020 115 210 304 398 492 586 680 773 867 960 052 145 237 330 422 514 605 697 788 879 970 061 151 242 332 422 511 601 690 780 869 958 046 135 223 311 399 487 574 662 749 836 923 3 360 456 552 648 744 839 935 `030 124 219 314 408 502 596 689 783 876 969 062 154 247 339 431 523 614 706 797 888 979 070 160 251 341 431 520 610 699 789 878 966 055 144 232 320 408 496 583 671 758 845 932 369 466 562 658 753 849 944 `039 134 229 323 417 511 605 699 792 885 978 071 164 256 348 440 532 624 715 806 897 988 079 169 260 350 440 529 619 708 797 886 975 064 152 241 329 417 504 592 679 767 854 940 379 475 571 667 763 858 954 `049 143 238 332 427 521 614 708 801 894 987 080 173 265 3.57 449 541 633 724 815 906 997 088 178 269 359 449 538 628 717 806 895 984 073 161 249 338 425 513 601 688 775 862 949 6 389 485 581 677 772 868 963 `058 153 247 342 436 530 624 717 811 904 997 089 182 274 367 459 550 642 733 825 916 *006 097 187 278 368 458 547 637 726 815 904 993 082 170 2.58 346 434 522 6b9 697 784 871 958 7 398 495 591 686 782 877 973 `068 162 257 351 445 539 633 727 820 913 *006 099 191 284 376 468 560 651 742 834 925 *015 106 196 287 377 467 556 646 735 824 913 `002 090 179 267 355 443 531 618 705 793 880 966 8 408 504 600 696 792 887 982 0077 172 266 361 455 549 642 736 829 922 l 015 108 201 293 385 477 569 660 752 843 934 2024 115 205 296 386 476 565 655 744 833 922 *011 099 188 276 364 452 539 627 714 801 888 975 9 P ROPORTIONAL PARTS

450
451 452 453 454 455 456 457 4.58 459 460 461 462 463 464 465 466 467 468 469 470 471 472 473 474 475 476 477 478 479 480 481 482 483 484 485 486 487 488 489 490 491 492 493 494 495 496 497 498 q99 5oa No -

v w

10

3,O 4,O 5,O 6/O 7,O 840 9,O

9 Ot9 1,s 2,7 3,6 4,5 584 b,3 7,2 841

8 0,s I,6 2,4 3,2 480 t8 586 6,4 7,2

-_
4

5

(

co1Pti?wed )

16

SP:8-1970
TABLE 1 LOGARITHMS OF NUMBERS - Co&d

0 1 2 3 4 5 6 7

8 966 *053 140 226 312 398 484 56") 655 740 825 910 995 079 164 248 332 416 500 584 667 750 834 917 Y9Y 082 165 247 329 411 493 575 656 738 819 900 981 *062 143 223 304 384 464 544 624 703 783 862 941 *020 099 8

9

PROPORTIONAL PARTS

.
500 501 502 503 504 505 506 507 1508 1 509 1 510 511 512 513 514 515 516 517 518 519 ) 520 521 1 522 ! 523 524 525 526 527 528 529 530 531 532 533 534 535 536 537 538 539 540 541 542 543 544 545 546 547 548 549 550 No 69 897 984 70 070 157 243 329 415 501 586 672 757 842 927 71012 096 181 265 349 433 517 600 684 767 850 933 72 016 099 181 263 346 428 509 591 673 754 835 916 997 73 078 159 239 320 400 480 560 640 719 799 878 957 74 036 0 906 992 079 165 252 338 424 509 595 680 766 851 935 020 105 189, 273 357 441 52.5 609 692 775 858 941 024 107 189 272 354 436 518 599 681 762 843 925 *006 086 167 247 328 408 488 568 648 727 807 886 965 044 1 914 *001 088 174 260 346 432 sis 603 689 774 859 944 029 113 198 282 366 4.50 533 617 700 784 867 950 032 115 198 280 362 444 526 607 689 770 852 933 *014 094 175 255 336 416 496 576 656 735 815 894 973 052 2 923 *010 096 183 269 355 441 526 612 697 783 868 952 037 122 206 290 374 458 542 625 709 792 875 958 041 123 206 288 370 452 534 616 697 779 860 941 *022 102 183 263 344 424 504 584 664 743 823 902 981 060 3 932 `018 105 191 278 364 449 53.5 621 706 791 876 961 046 130 214 299 383 466 550 634 717 800 883 966 049 132 214 296 378 460 542 624 705 787 868 949 *030 111 191 272 3.52 432 512 592 672 751 830 910 989 068 4 940 `027 114 200 286 372 458 544 629 714 800 885 969 054 139 223 307 391 475 559 642 725 809 892 975 057 140 222 304 387 469 530 632 713 795 876 957 *038 `"9 ii9 280 360 440 520 600 679 759 838 918 997 076 949 *036 122 209 295 351 467 552 638 723 808 893 978 063 147 231 315 399 483 567 650 734. 817 900 983 066 148 230 313 395 477 558 640 722 803 884 965 $046 127 207 288 368 448 528 608 687 767 846 926 *005 084 6

958 *044 131 217 303 389 475 561 646 731 817 992 986 Oil 155 240 324 408 492 575 659 742 825 908 991 074 156 239 321 403 485 567 648 730 811 892 973 8054 135 215 296 376 456 536 616 695 775 854 933 *013 092 7

975 *062 14s 234 321 406 492 578 663 744, 834 Y19 *003 088 172 257 341 425 508 592 675 759 842 925 +OO8 090 173 255 ,337 41Y 501 583 665 746 827 908 989 *070 151 231 312 392 472 552 632 711 791 870 949 *02s 107 9 1 2 3 4 5 6 7 ' 8 9

9 0,9 1x8 2,7 386 4,s 584 6,3 7`2 fJ,l

H 0,s I,6 2,4 3,2 480 488 5,6 684 7'2

7 0,7 184 2,l 2,s 3,s 4,2 4,9 5,6 683

.

1

5

PROPORTlON.4L I'ARTS

17

SP 8 - 1970
TABLE

No. -550 551 552 553 554 555 556 557 558 559 560 561 562 563 564 565 566 567 568 569 570 57l 572 573 574 575 576 577 578 579 580 5x1 582 583 584 585 586 587 588 58') 590 .5',1 St!2 593 594 595 596 597 598 599 600 NO 74 036 115 104 273 351 429 507 586 663 741 819 896 974 75 051 125 205 282 358 435 511 587 664 740 815 891 967 76 042 118 1'13
ZhX

1 L O G A R I T H M S OF NUMBERS - Ct.~~td _
4 5 6 7 a 9
~`KoPoRTI~N.~L

0

1 044 123 202 280 359 437 515 593 671 749 827 904 981 059 136 213 289 366 442 519 595 671 747 823 a99 974 050 125 200 275 350 425 500 574 649 723 797 871 945 019 093 166 240 313 386 459 532 605 677 750 822 1

2

3 - - _.-. 060 139 218 296 374 453 531 609 687 764 542 920 997 074 151 228 305 381 458 534 610 686 762 838 914 989 065 140 215 290 365 440 515 589 664 738 812 886 960 034 107 181 254 327 401 434 546 619 692 764 837 3

I'AKTS

068 147 225 304 382 461 539 617 695 772 850 927 *005 082 159 236 312 389 465 542 618 694 770 846 921 997 072 148 223 20s 373 448 522 597 671 745 819 893 967 041 115 la8 262 335 408 481 554 627 699 772 844 4 076 155 233 312 390 468 547 624 702 780 858 935 `012 089 166 243 320 397 473 549 626 702 778 853 929 `005 080 155 230 .?OFl 380 4'55 530 604 678 .753 a27 901 075 048 122 195 269 342 415 488 561 634 706 779 a51 5 084 162 241 320 398 476 554 632 710 788 865 943 *020 097 174 251 328 404 481 557 633 709 785 X61 937 *012 087 163 238 313 3X8 462 537 612 686 760 a34 908 982 056 129 203 276 349 422 495 568 641 714 786 859 6 092 170 249 327 406 484 562 640 718 796 873 950 2028 105 182 259 335 412 4X8 565 641 717 703 S68 044 `020 095 170 245 320 395 470 545 619 693 768 842 916 989 063 137 210 283 357 430 503 576 648 721 793 866 7 099 178 257 335 414 492 570 648 726 803 881 958 *035 113 189 266 343 420 4'16 572 648 724 x00 X76 952 *027 103 178 253 328 403 477 552 626 701 775 x49 923 997 070 144 217 291 364 437 510 583 656 728 801 873 8 107 186 265 343 421 500 578 656 733 811 a89 966 *043 120 197 274 351 427 504 580 656 732 808 884 959 2035 110 185 260 335 `I10 485 559 634 708 782 a56 930 *004 078 151 225 298 371 444 517 590 663 73.5 808 880 9 P ROPORTIONAL PARTS ( Confintced) 1 2 3 4 5 6 7 a 9 7 087 184 %,I 2,a 3,s 4,2 4,9 5,6 683

052 131 210 288 367 445 523 601 679 757 834 912 980 066 143 220 297 374 450 526 603 679 755 831 906 `I82 057 133 20x 283 35x 433 507 582 656 730 8O5 879 953 026 100 173 247 320 393 466 539 612 685 757 830 2

8
1 2 3 4 5 6 7 a 9 0,a `,6 2,4 3,2 4,O 4,a 5,6 634 7,2

.

343 41s 4'12 567 641 716 700 864 938 77 012 085 159 232 305 379 452 525 597 670 743 815 0

18

SP: 8 - 1970
TABLE 1 LOGARITHMS OF NUMBERS-- c`o~zzd

_.NO 600 0

1

2

3

4

--l
/

S

6

7

8

9

1'ROPOI<?1ONAI. 1'ARTS

601 602 603 604 60s 606 607 60s 600 610 611 612 613 614 61S 616 617 618 619 620 621 622 623 624 625 626 627 62s 620 630 631 632 633 634 635 636 62? 63H 639 640 641 642 643 644 645 646 647 648 649 650 Ko. -

77 81 S 887 960 78 032 104 176 247 319 390 462 533 604 675 746 817 888 958 79 029 099 16Y 239 309 379 449 518 5SR 657 727 796 865 934 80 003 Oi2 140 20') 277 346 414 482 550 618 686 754 821 889 956 81 023 090 158 224 291 0

822 895 967 039 111 IS3 254 326 398 469 540 611 682 753 S24 XYS 965 036 106 176 246 316 386 456 525 595 664 734 803 Hi2 941 010 079 147 216 284 353 421 483 557 625 693 760 828 895 963 030 097 164 231 298 1

830 002 !I;4 046 118 193 262 333 40s 476 547 618 689 760 831 902 972 043 113 183 253 323 393 463 532 602 671 741 810 SiY 948 017 OS.5 154 223 291 359 428 496 564 632 699 767 835 902 969 p37 104 171 238 305 2

837 909 9x1 053 125 197 269 340 412 483 554 625 696 767 838 009 Y79 050 120 1 `JO 260 330 400 470 539 609 678 748 817 X86 055 024 092 161 229 298 366 434 so2 570 638 706 774 841 909 976 043 111 178 245 311 3

844 916 988 061 132 204 276 347 419 490 561 633 704 774 845 916 986 OS7 125 197 267 337 407 4i7 546 616 6x5 754 X24 x03 962 030 099 168 236 305 373 441 509 577 645 713 781 848 916 Y83 050 117 184 251 318 4

851 `J24 996 06s 140 211 283 35s 426 497 569 640 ill 781 852 923 993 064 134 204 274 344 414 484 553 623 692 761 831 900 969 037 106 175 243 312 380 448 S16 584 652 720 787 855 922 900 057 124 191 258 325 5

X59

Y3 ! *003 075 147 219 290 362 433 SO4 S76 647 718 789 850 930 `000 071 141 211 281 351 421 491 560 630 699 768 x37 Y06 97s 044 113 182 250 318 387 455 523 591 65') 726 794 X62 929 906 064 131 198 265 331 6

866 938 `010 0x2 154 226 297 369 440 512 583 654 725 796 s66 937 *007 078 148 218 288 358 428 4'18 567 637 706 775 844 913 982 051 120 18X 257 325 393 462 530 598 665 733 801 868 936 *003 070 137 204 271 338 7

873 94; *017 089 161 233 305 376 44i 5 10 590 661 732 so3 873 944 *014 0x5 155 22s 2')s 36S 43s SOS 574 644 513 782 851 920 989 058 127 195 264 332 400 468 536 604 672 740 808 875 943 8010 077 144 211 278 34s

X80 YS2

*025 0'17 16X 240 312 383 4SS 526 .S'J7 668 739 810 X80 YSl *021 092 162 232 303 3i2 442 511 581 650 720 789 858 927 996 Oh5 134 202 271 33') 407 47s 543 611 679 747 x14 882 949 8017 084 151 218 285 351

8 0,s 136 2,4 3,2 4,O 4,8 5,6 684 7,2

7 0,7 `84 2,l 2,s 3,S 4,2 4,9 5,6 6,3

6 0,6 142 1,8 2,4 320 3,6 4,2 4,s Sd4

8 9
PROP~RTIOSAL P A RT S

19

SP:S- 1970
TABLE 1 LOGARITHMS OF NUMBERS -Cod

NO. -

0

1

2

3

4

5

6

7

8

9

P RO PORTIONAL PARTS

650 651 652 653 654 655 656 657 658 659 660 661 662 663 664 665 666 667 668 669 678 671 672 673 674 675 676 677 678 679 680 681 682 683 684 685 686 687 688 689 690 691 692 693 694 695 696 697 698 699 700 No. -

81 291 358 425 491 558 624 690 757 823 889 954 82 020 086 151 217 282 347 413 478 543 607 672 737 802 866 930 995 83 059 123 187 251 315 378 442 506 569 632 696 759 822 885 948 84 011 073 136 198 261 323 386 448 510 0

298 365 431 498 564 631 697 763 829 895 961 027 092 158 223 289 354 419 484 549 614 679 743 808 872 937 *001 065 129 193 257 321 385 448 512 575 639 702 765 828 891 954 017 080 142 205 267 330 392 454 516 1

305 371 438 505 571 637 704 770 836 902 968 033 099 164 230 295 360 426 491 556 620 685 750 814 879 943 `008 072 136 200 264 327 391 455 518 582 645 708 771 835 897 960 023 086 148 211 273 336 398 460 522 2

311 378 445 511 578 644 710 776 842 908 974 040 105 171 236 302 367 432 497 562 627 692 756 821 885 950 *014 078 142 206 270 334 398 461 525 588 651 715 778 841 904 967 029 092 155 217 280 342 404 466 528 3

318 385 451 518 584 651 717 783 849 915 981 046 ii2 178 243 308 373 439 504 569 633 698 763 827 892 956 *020 085 149 213 276 340 404 467 531 594 658 721 784 847 910 973 036 098 161 223 286 358 410 473 535 4

325 391 458 525 591 657 723 790 856 921 987 053 119 184 249 31.5 380 445 510 575 640 705 769 834 898 963 `027 091 155 219 283 347 410 474 537 601 664 727 790 853 916 979 042 105 167 230 292 354 417 479 541 5

331 398 465 531 598 664 730 796 862 928 994 060 125 191 256 321 387 452 517 582 646 711 776 840 905 969 *033 097 161 225 289 353 417 480 544 607 670 734 797 860 923 985 048 111 173 236 298 361 423 485 547 6

338 405 471 538 604 671 737 803 869 935 `000 066 132 197 263 328 393 458 523 588 653 718 782 847 911 975 8040 104 168 232 296 359 423 487 550 613 677 740 803 866 929 992 055 117 180 242 305 367 429 491 553 7

345 411 478 544 611 677 743 809 875 941 *007 073 138 204 269 334 400 465 530 595 659 724 789 853 918 982 *046 110 174 238 502 366 429 493 556 620 683 746 809 872 935 998 061 123 186 248 311 373 435 497 559 8

351 418 48.5 551 617 684 750 816 882 948 l 014 079 145 210 276 341 406 471 536 601 666 730 795 860 924 988 *OS2 117 181 245 308 372 436 499 563 626 689 753 816 879 942 `004 067 130 192 255 317 379 442 504 566 9
PROPORTIONAL PA R T S

7 0,7 1,4 281 2,8 3,s 4,2 4,9 5,6 6,3

6

0,s 12 1,s
2,4 3,O 3,6 4,2 4,8 5,4

( Continued

20

TABLE

NO. -

1 LOGARITHMS OF NUtiBERS - ConM 4 5 6 7 8 9 P ROPORTIONAL PARTS

0

1

2

3

_
84 510 572 634 696 757 819 880 942 85 003 065 126 187 248 309 370 431 491 552 612 673 733 794 854 914 974 86 034 094 1.53 213 273 332 392 451 510 570 629 688 747 806 864 923 982 87 040 099 157 216 274 332 390 448 506 0 516 578 640 702 763 825 887 948 009 071 132 193 254 31.5 376 437 497 558 618 679 739 800 860 920 980 040 100 159 219 279 338 398 457 516 576 63.5 694 753 812 870 929 988 046 105 163 221 280 338 396 454 512 1 522 584 646 708 770 831 893 954 016 077 138 199 260 321 382 443 503 564 625 685 745 806 866 926 986 046 106 165 225 285 344 404 463 522 581 641 700 759 817 876 93.5 994 052 111 169 227 286 344 402 460 518 2 528 590 652 714 776 837 899 960 022 083 144 205 266 327 388 449 509 570 631 691 751 812 872 932 992 052 112 171 231 291350 410 469 528 587 646 705 764 823 882 941 999 058 116 175 233 291 349 408 466 523 3 535 597 658 720 782 844 905 967 028 089 150 211 272 333 394 455 516 576 637 697 757 818 878 938 998 058 118 177 237 297 356 415 475 534 593 652 711 770 829 888 947 *Oa 064 122 181 239 297 355 413 471 529 541 603 665 726 788 850 911 973 034 095 156 217 278 339 400 461 522 582 643 703 763 824 884 944 `004 064 124 183 243 303 362 421 481 540 599 658 717 776 83.5 894 9.53 *011 070 128 186 245 303 361 419 477 535 547 609 671 733 794 856 917 979 040 101 163 224 285 345 406 467 528 588 649 709 769 830 890 950 *010 070 130 189 249 308 368 427 487 546 605 664 723 782 841 900 958 *017 075 134 192 251 309 367 42.5 483 541 6 553 615 677 739 800 862 924 985 046 107 169 230 291 352 412 473 534 594 6.55 715 775 836 896 956 *016 076 136 195 255 314 374 433 493 5.52 611 670 729 788 847 906 964 *023 081 140 198 256 315 373 431 489 547 7 559 621 683 745 807 868 930 991 052 114 175 236 297 358 418 479 540 600 661 721 781 842 902 962 `022 082 141 201 261 320 380 439 499 558 617 676 735 794 853 911 970 *029 087 146 204 262 320 379 437 495 552 8 566 628 689 7.51 813 874 936 997 058 120 181 242 303 364 425 485 546 606 667 727 788 848 908 968 *028 088 147 207 267 326 386 445 504 564 623 682 741 800 859 917 976 *035 093 1.51 210 268 326 384 442 500 558 9 P ROPORTIONAL P ARTS

700 701 702 703 704 705 706 707 708 709 7ia 711 712 713 714 71.5 716 717 718 719 7M 721 722 723 724 725 726 727 728 729 730 731 732 733 734 735 736 737 738 739 740 741 742 743 744 74: 74i 74; 741 744 75@ NO -

7 1 2 ,3 4 5 6 7 8 9 0,7 164 2,l 2,8 3,s 4,2 4,9 586 6,3

6 0,6 1x2 188 2,4 3/O 386 4,2 4,8 5,4

5 0,s I,0 1,s 2,O 2`5 3,O 3,s 4,O 4`5

-_
4

5

~~ 21

_

( Continued )

SP:8-1970
TABLE 1 LOGARITHMS OF NUMBERS - Cc&d

0 75 75 75 75 75. 75 751 ?5 7s 75 76' 76 76: 76: 76 76: 761 76' 761 76' 774 771 77: 77: 774 771 77t 77; 77t 77' 78( 781 782 783 784 785 786 787 788 789 790 791 792 793 794 79s 796 797 798 799 800 --. NO. 87 SO6 564 622 679 737 79s 852 910 967 88 024 081 138 195 252 309 366 423 480 536 593 649 705 762 815 874 930 986 89 042 098 154 209 265 32i 376 432 487 542 597 653 708 763 818 873 927 982 90 037 WI 146 200 255 309
0

1 2 3 4
5

6

7

8

9

PRoP~RTI~XAL PhRTS

512 570 628 685 743 800 858 915 973 030 087 144 201 258 315 372 429 485 542 598 655 711 767 824 880 936 992 048 104 159 215 271 326 382 437 492 548 603 65X 713 768 823 878 933 988 042 097 151 206 260 314 1 518 576 633 691 749 SO6 $64 921 978 036 093 150 207 264 321 377 434 491 547 604 660 717 773 s29 885 941 997 053 109 16; 221 276 332 387 443 49s 553 609 664 719 774 s29 883 93s 993 048 102 157 211 266 520 2 523 S81 639 697 754 812 869 927 984 041 098 156 213 270 326 353 440 497 553 610 666 722 779 835 891 947 l 003 OS9 115 170 226 282 337 393 448 504 559 614 669 724 779 834 889 944 998 053 108 162 217 271 325 3 529 587 645 703 760 818 875 933 990 047 104 161 218 275 332 389 446 so2 559 615 672 728 784 840 897 953 9009 064 120 176 232 287 343 39s 454 509 564 620 675 730 785 840 894 949 *004 OS9 113 168 222 276 331 4 535 593 651 708 766 823 881 938 996 053 110 167 224 281 33s 39s 451 508 564 621 677 734 790 846 902 958 LO14 070 126 182 237 293 348 404 459 515 570 625 680 735 790 845 900 9.55 009 064 119 173 227 282 336 5 541 599 656 714 772 829 887 944 LOOI 058 116 173 230 287 343 400 457 513 570 627 683 739 79s 852 908 964 *020 076 131 187 243 298 3.54 409 465 520 575 631 686 741 7% 851 905 960 *015 069 124 179 233 287 342 6 547 604 662 720 777 835 892 950 *007 064 121 17s 235 292 349 406 463 519 576 632 689 74s 801 857 913 969 *025 081 137 193 248 304 360 415 470 526 581 636 691 746 801 856 911 966 *020 07s 129 184 238 293 347 7 552 610 668 726 783 841 898 955 l 013 070 127 184 241 298 355 412 468 52.5 581 638 694 750 so7 863. 919 975 *031 087 143 198 254 310 365 421 476 531 586 642 697 752 807 862 916 971 *026 080 135 189 244 298 352 8 558 616 674 731 789 846 904 961 *018 076 133 190 247 304 360 417 474 530 587 643 700 i.56 812 868 925 981 *037 092 148 204 260 315 371 426 481 537 592 647 702 757 812 867 922 977 *031 086 140 195 249 304 358 9 5 0,s 1,O 1,s 280 2,s 3,O 3,s 4,O 4,S 6 036 1,2 1,8 2,4 3,O 3,6 4,2 488 5`4

PROPORTIONM_

PARTS
( Coniinucd )

22

SP : 8 - 1970
TABLE 1 LOGARITHMS OF NtJMBERS - C`~~,rtd No. 800 801 802 803 804 SO5 806 807 808 809 810 811 812 813 814 815 816 817 818 819 820 821 822 823 824 825 826 827 828 829 830 831 832 833 834 835 836 837 (38 139 840 841 842 843 844 845 846 847 848 849 850 No. ( Gonlinusd ) 90 309 363 417 472 526 580 634 687 741 795 849 902 Y56 91 00') 062 116 169 222 275 328 381 434 487 540 593 645 698 751 803 855 908 960 92 012 065 117 169 221 273 324 376 428 480 531 583 634 686 737 788 840 891 942 0 314 369 423 477 531 585 63') 693 747 800 854 907 961 014 068 121 174 228 281 334 387 440 492 545 598 651 703 7.56 808 861 913 965 018 070 122 174 226 278 330 381 433 485 536 588 639 691 742 793 845 896 947 1 i20 3i4 428 482 536 590 644 598 7.52 806 85Y Y13 Y66 020 073 126 180 233 286 339 3Y2 445 4Y8 551 603 656 709 761 814 866 918 971 023 075 127 179 231 283 335 387 438 490 542 593 645 696 747 799 850 901 952 2 325 380 434 488 542 596 650 703 757 811 865 `)I8 Y72 025 078 132 185 238 2Yl 344 3Y7 450 503 556 609 661 714 766 819 871 924 976 028 080 132 184 236 288 340 392 443 495 547 598 650 701 752 804 855 906 957 3 331 385 439 493 547 601 655 709 763 816 870 Y24 Y77 030 on4 137 100 243 297 350 403 455 508 561 614 666 719 772 824 876 929 981 033 083 137 189 241 293 345 397 449 500 552 603 655 706 758 809 860 911 962 4 336 390 445 4Y9 553 607 660 714 768 822 875 929 982 036 OYO 142 196 249 302 355 408 461 514 566 619 672 724 777 `829 882 934 986 038 OYl 143 195 247 298 3.50 402 454 505 557 609 660 711 763 814 865 916 967 5 342 396 450 504 558 612 666 720 773 827 881 934 988 041 094 148 201 254 307 360 413 466 519 572 624 677 730 782 834 887 939 991 044 096 148 200 252 304 355 407 459 511 562 614 665 716 768 819 870 921 973 6 347 401 455 509 563 617 671 72.5 779 832 886 940 993 046 100 153 206 259 312 365 418 471 524 577 630 682 735 787 840 8Y2 944 997 049 101 153 205 257 309 361 412 464 516 567 619 670 722 773 824 875 927 978 7 332 407 461 515 569 623 677 730 784 838 891 945 Y98 052 105 158 212 265 318 371 424 477 529 552 635 687 740 793 845 897 950 `002 054 106 158 210 262 314 366 418 469 521 572 624 675 727 778 829 881 932 983 358 412 466 520 574 628 682 736 789 843 s97 950 *004 057 `10 164 217 270 323 376 429 482 535 587 640 693 745 798 850 903 955 *007 059 111 163 215 267 319 371 423 474 526 578 629 681 732 783 834 886 937 988 6 0,6 1,2 188 2,4 340 3,6 4,2 4,8 5,4 0 1 2 3 4 5 6 7 8 9

hOPOKTION.\L 1'ARTS

8 9
PROPoRTION.4L PARTS

23

SP:8-1970
TABLE 1 LOGARITHMS OF NUMBERS - Co&d

No 85(1 851 852 852 8.54 8% 8% 8% 8% 855 86(1 861 862 863 864 865 866 867 868 869 870 871 872 873 874 875 876 877 878 879 880 881 882 883 884 885 886 887 888 889 890 891 892 893 894 895 896 897 898 899 900 _.NO. 92 942 993 93 044 095 146 197 247 298 349 399 450 500 551 601 651 702 752 802 852 902 952 94 002 052 101 151 201 250 300 349 399 448 496: 547 596 645 694 743 792 841 890 939 988 95 036 085 134 182 231 279 328 376 424 0 947 998 a49 100 151 202 252 303 354 404 155 505 556 608 656 707 757 807 857 907 957 007 057 106 156 206 255 305 354 404 453 503 552 601 650 699 748 797 846 895 944 993 041 090 139 187 236 254 332 381 429 1 952 `003 054 105 156 207 258 308 359 409 460 510 561 611 661 712 762 812 862 912 962 012 062 111 161 211 260 310
259 _

0 1 2 3 4 5 6 7 8 9 P ROPORTIONAL P ARTS

-957 LO08 059 110 161 212 263 313 364 414 46.5 515 566 616 666 717 767 817 867 917 967 017 067 116 166 216 265 315 364 414 463 512 562 611 660 709 758 807 856 905 954 *002 051 100 148 197 245 294 342 390 439 3 962 *013 064 115 166 217 268 318 369 420 470 520 571 621 671 722 772 822 872 922 972 022 072 121 171 221 270 320 369 419 468 517 567 616 665 714 763 812 861 910 959 967 *018 069 120 171 222 273 323 374 425 475 526 576 626 676 727 777 827 877 927 977 027 077 126 176 226 275 325 374 424 473 522 571 621 670 719 768 817 866 915 963 `012 061 109 158 207 255 303 352 400 448 5 973 *024 075 125 176 227 278 328 379 430 480 531 581 631 682 732 782 832 882 932 982 032 082 131 181 231 280 330 379 429 478 527 576 626 675 724 773 822 851 919 968 f017 066 114 163 211 260 305 357 405 453 6 978 +029 080 131 181 232 283 334 384 435 485 536 586 636 687 737 787 837 887 937 987 037 086 136 186 236 285 335 384 433 483 532 581 630 680 729 778 827 876 924 973 *022 071 119 168 216 265 313 361 410 458 7 983 `034 085 136 186 237 288 339 389 440 430 541 591 641 692 742 792 842 892 942 992 042 091 141 191 240 290 340 389 438 488 537 586 635 685 734 783 832 880 929 978 *027 075 124 173 221 270 318 366 415 463 8 988 *039 090 141 192 242 293 344 394 44s 495 546 596 646 697 747 797 847 897 947 997 047 096 146 196 245 295 345 394 443 493 542 591 640 689 738 787 836 885 934 983 *032 080 129 177 226 274 323 371 419 468 9 P ROPORTIONAL P ARTS

6 Ot6 1`2 1,s 2,4 3,O 386 4,2 4,8 5`4

409 458 507 557 606 655 704 753 802 851 900 949 998 046 095 143 192 240 289 337 386 434 2

4 0,4 0,8 182 1,6 2,O 2,4 218 3,2 3,6

l 007
056 105 153 202 250 299 347 395 444 4

( Corztimed)

24

SP : 8 - 1970
TABLE 1 LOGARITHMS OF NUMBERS -Cod

SO. -

0

1

2

3

4

j_

5

6

7

8

9

P ORPORTIONAL PARTS

900 901 902 903 904 905 906 907 90s 909 910 911 912 913 914 915 916 917 918 919 920 921 922 923 924 925 926 927 928 929 930 931 932 933 934 935 936 937 938 939 940 941 942 943 944 945 946 947 94s 945 9% _ NO -

95 424 472 521 569 617 665 713 761 so9 856 904 952 999 96 047 095 142 190 237 284 332 379 426 473 520 567 614 661 70s 755 so2 848 895 942 988 97 035 OS1 128 174 220 267 313 359 405 451 497 543 589 635 681 727 772 0

429 477 525

574
622 670 718 766 813 861 909 957 *004 0.52 099 147 194 242 289 336 3s4 431 47s 525 572 619 666 713 759 SO6 853 900 946 993 039 OS6 132 179 225 271 317 364 410 456 502 54s 594 640 685 731 777 1

434 482 530 578 626 674 722 770 818 866 914 961 *009 057 104 152 199 246 294 341 388 435 483 530 577 624 670 717 764 Sl! 855 904 951 997 044 090. 137 IS3 230 276 322 368 414 460 506 5.52 59s 644 690 736 7S2 2

439 487 535 583 631 679 727 775 823 871 918 966 `014 061 109 156 204 251 298 346 393 440 487 534 551 628 675 722 769 816 562 909 956 $002 049 095 142 188 234 280 327 373 419 465 511 557 603 649 695 740 786 3

444 492 540 588 636 684 732 780 825 875 923 971 *019 066 114 161 209 256 303 350 39s 445 492 539 586 633 680 727 774 820 867 914 960 *007 053 100 146 192 239 285 331 377 424 470 516 562 607 653 699 745 791 4

/

!

44s 497 545 593 641 689 737 7S5 S32 SSO 928 976 *023 071 118 166 213 261 308 355 402 450 497 544 591 638 685 731 77s 825 872 918 965 *011 058 104 151 197 243 290 336 382 428 474 520 566 612 658 704 749 795

453 501 550 59s 646 694 742 789 837 88.5 933 980 *02s 076 123 171 218 265 313 360 407 454 501 54s 595 642 689 736 7S3 830 876 923 970 *016 063 109 155 202 248 294 340 387 433 479 525 571 617 663 708 754 800 6

458 506 554 602 650 698 746 794 842 890 938 985 $033 080 128 175 223 270 317 365 412 459 506 553 600 647 694 741 788 834 881 928 974 *021 067 114 160 206 253 299 345 391 437 483 529 575 621 667 713 759 804 7

463 511 559 607 655 703 751 799 847 895 942 990 *038 OS5 133 180 227 275 322 369 417 464 511 558 605 652 699 745 792 839 886 932 979 *025 072 118 165 211 257 304 350 396 442 488 534 580 626 672 717 763 809 8

468 516 564 612 660 70s 756 804 852 899 947 995 *042 090 137 185 232 280 327 374 421 468 515 562 609 656 703 750 797 844 890 937 984 *030 077 123 169 216 262 308 354 400 447 493 539 58.5 630 676 722 768 813 4 0,4 OdS 1,2 1,6 280 2,4 2,s 3,2 3,6 5 0,s l,O 145 2,O 2,s 3x0 3,s 4,O 4,s

--I

5 9 P ROPORTIONAL PARTS

( Continued

25

SP : 8 - 1970
TABLE 1 LOGARITHMS OF NUMBERS-Cmki 0
:--

1

2

3

4

5

6

7

8

9

PROPOkTIONAL PARTS -

950 951 952 953 954 955 956 957 958 959 960 961 962 963 964 96.5 966 967 968 969 970 971 972 973 974 975 976 977 978 979 981 982 983 984 985 986 9s7 988 989 990 991 992 993 994 995 996 997 998 999

97 772 818 864 909 955 98 000 046 091 137 182 227 272 318 363 408 453 498 543 588 632 677 722 767 811 856 900 945 989 99 034 078 123 167 211 255 300 344 388 432 476 520 564 607 651 695 739 782 826 870 913 957 00 000

777 823 868 914 959 005 050 Og6 141 186 232 277 322 367 412 4.57 502 547 592 637 682 726 771 816 860 905 949 994 038 083 127 171 216 260 304 348 392 436 480 524 568 612 656 699 743 787 830 874 917 961 004

782 827 873 918 964 009 055 100 146 191 236 281 327 372 417 462 507 552 597 641 686 731 776 820 865 909 9.54 998 043 087 131 176 220 264 308 352 396 441 484 528 572 616 660 704 747 791 835 878 922 965 009

786 832 877 923 968 014 059 105 150 195 241 286 331 376 421 466 511 55fl 601 646 691 735 780 825 869 914 958 8003 047 092 136 ti0 224 269 313 357 401 445 4s9 533 577 621 664 708 752 795 839 883 926 970 013

791 836 882 928 973 019 064 lo? 155 200 245 290 336 .381 426 471 516 561 605 650 695 740 784 829 874 918 963 *007 052 096 140 185 229 273 317 361 405 449 493 537 581 625 669 712 756 800 843 887 930 974 017

795 841 886 932 978 023 068 114 159 204 250 295 340 385 430 475 520 565 610 655 700 744 789 834 878 923 967 "012 056 100 145 189 233 277 322 366 410 454 498 542 585 629 673 717 760 804 848 891 935 978 022 5

800 845 891 937 982 028 073 118 164 209 254 299 345 390 435 480 525 570 614 659 704 749 793 838 853 927 972 *016 061 105 149 193 238 282 326 370 414 458 502 546 590 634 677 721 765 808 852 896 939 983 026 6

804 850 896 941 987 032 078 123 168 214 259 304 349 394 439 484 529 574 619 66-i iO9 753 798 843 887 932 976 *021 065 109 154 198 242 286 330 374 419 463 506 550 594 638 682 726 769 813 856 900 944 987 030 7

809 855 900 946 991 037 082 127 173 218 263 308 354 399 444 489 534 579 623 668 713 758 802 847 892 936 981 *025 069 114 158 202 247 291 335 379 423 467 511 555 599 642 686 \ 530 774 817 861 904 948 991

813 S59 905 950 996 041 087 132 177 223 268 313 358 403 448 491' 538 553 628 673 717 762 807 851 896 941 985 *029 074 118 162 207 2.51 295 339 383 427 471 515 559 603 647 691 734 778 822 865 909 952 996 039 1 2 3 4 5 6 7 8 9 4 0,4 0x8 1,2 I,6 2`0 2,4 2`8 3,2 3,6 1 2 3 4 5 6 7 8 9 5 0,s I,0 1,s 2,O 2,s 380 3,s 4,O 485

1 oat h'0.

8

9

P

R O PO R T IO N A L

_

PARTS

26

SP:S - 1970
TABLE 2 A N T I - L O G A R I T H M S

0

1 2

7-

- -.3 4 5 6 7 8

9

M EAN D IFFERENCES

1 2 5 5 5 5 5 5 5 5 6 6 3 4 9 10 10 10 10 12 12 12 13 13 5 6 14 14 15 15 15 16 16 16 17 17 18 18 18 19 19 16 17 17 18 18 7 8 9 19 21 19 21 20 22 20 23 20 23

-

-.
10 000 10 233 10 471 10 715 10 965 11220 11482 11749 12 023 12 303 12 882 13 183 13 490 13 804 14 125 14 454 14 791 15 136 15 488 15 849 16 218 16 596 16 982 17 378 10 023 10 257 10 495 10 740 10 990 11 246 11 508 11776 12 osc 12 331 12 912 13 213 13 521 13 836 10 046 10 280 10 520 10 765 11015 11272 11535 11 803 12 078 12 3.59 12 942 13 243 13 552 13 868 10 069 10 304 10 544 10 789 11041 11 298 11 561 11830 12 106 12 388 12 972 13 274 13 583 13 900 14 223 14 555 14 894 15 241 15 596 15 959 16 331 16 711 17 100 17 498 17 18 18 19 19 906 323 750 187 634 1009: I 10 328 I 10 568 I 10 814 11066 1 11 324 11 588 Ll 858 I2 134 12 417 12 706 13 002 13 305 13 614 13 932 :4 256 .4 588 14 928 1.5 276 5 631 15 996 16 368 16 749 !7 140 17 539 .7 947 .8 365 18 793 !9 231 .9 679 !O 137 !O 606 !l 086 !l 577 !2 080 !2 594 !3 121 !3 659 !4 210 !4 774 10 11t 10 351 10 59: 10 835 11092 11 35c 11 614 11 885 12 162 12 445 12 735 13 032 1I3 335 I13 646 II3 964
114 289

*oo
*Ol *02 *03 -04 -05 a06 -07 *08 -09 -11 *12 -13 *14 .15 *Ifi *17 ~18 -19 *20 .21 *22 -23 024

10 13!3 10 37: i 10 61;7 10 8641 11 11;7 11 37ti 11 641 11912 , 12 19c 1 12 474 12 764 13 062 13 366, 13 677 13 996 14 322 14 655 14 997 1.5 346 15 704

10 16: 10 39! 10 641 10 885 1114: 1140: 11662 1194C 12 218 12 503 12 794 13 092 13 397 13 709 14 028 14 355 14 689 15 031 15 382 15 74c

10 181 10 42: 10 66( 10 911 11 16! 11 425 11 69! 11 96: 12 24t 12 531 12 82: 13 121 13 428 13 74c 14 06C 14 388 14 723 15 06C 15 41; 15 776 16 144 16 52C 16 904 17 298 17 701 18 113 18 535 18 967 19 409 19 861 20 324 20 797 21281 21 777 22 284 22 803 23 336 23 878 24 434 1.5 003 ,s 586 26 182 26 792 !7 416 !8 054 !8 708 t9 376 10 061 10 761 I1 477

10 209 10 447 10 691 10 94a 11 194 11455 11 722 11995 12 274 12 560 12 853 13 152 13 459 13 772 14 093 14 421 14 757 15 101 15 453 15 812 16 16 16 17 17 18 18 19 19 19 181 558 943 338 742 155 578 011 454 907

2 2 2 3 3 3 3 3 3 3 3 3 3 3 3 3 3 3 4 4 4 4 4 4 4 4 4 4 4 5 s 5 5 5 5 5 5 5 6 6 6 6 6 6 6 7 7 7 7 7

-1 7
7 7 8 8 8 8 8 8 9

11 13 11 13 11 14 11 14 11 14 12 12 12 13 13 13 13 14 14 14 15 15 IS 16 16 17 17 17 18 18 19 19 19 20 20 15 15 15 16 16

18 21 24 19 21 24 19 22 25 20 22 2.5 20 23 26 21 21 21 22 22 23 24 24 25 25 26 26 27 28 28 29 30 30 31 32 32 33 34 35 36 37 37 38 39 40 41 42 43 44 45 46 47 48 49 50 24 24 25 2S 26 26 27 28 28 29 30 30 31 32 32 26 27 28 28 29 30 30 31 32 32 33 34 35 36 36

.ia 12 589 12 618 12 647 12 677

6 9 6 9 6 9 6 9 6 10 7 7 7 7 7 7 8 8 8 8 8 8 9 9 9 9 10 10 10 10 10 11 11 11 11 12 12 12 13 13 13 13 14 14 14 10 10 10 11 11 11 11 12 12 12 12 13 13 13 14 14 14 15 15 1s 16 16 16 17 17 18 18 18 19 19 20 20 21 21 22

14 158 14 488 14 825 15 171 15 524 15 16 16 17 17 885 255 634 022 418

14 191 14 521 14 859 15 205 15 560 15 922 16 293 16 672 17 061 17 458 17 865 18 281 18 707 19 143 19 588 20 045 20 512 20 989 21 478 21 979 22 491 23 014 23 550 24 099 24 660

II4 622 1I4 962 IS 311 1LS 668 16 032 L6406 II6 788 I17 179 117 579
1

16 20 17 20 17 21 18 21 18 22 18 19 19 20 20 21 21 22 22 23 22 23 23 24 24 25 25 26 26 27

1

i6 069 16 106 16444 16 482 16 827 16 866 L7 219 17 258 I7 6201 :17 660 I8 030: I8 450 I8 880 L9 320 L9 770 !O 230 !O 701 11 184 !l 677 !2 182 18 072 18 493 18 923 19 364 19 815 10 277 10 749 21 232 21 727 22 233

*25 17 783 *26 18 197 -27 18 621 .28 19 05.5 *29 19 498

17 824 18 239 18 664 19 099 19 543

I17 989 I18 408 I18 836 II9 275 I19 724 2!O 184 ;!O 6.54 ;!l 135 ;!l 627 ;!2 131 2!2 646 2!3 174 2!3 714 2!4 266 2!4 831

33 37 34 38 35 39 35; 40 36 41 37 38 39 40 41 42 43 44 45 46

*30 19 953 19 999 *31 20 417 20 464 -32 20 893 20 941 a33 21 380 21 429 *34 21 878 21 928 -35 .36 -37 -38 *39 22 387 22 439 22 909 22 961 23 442 23 496 23 988 24 044 24 547 24 604

20 091 20 559 21 038 21 528 22 029 22 542 23 067 23 605 24 155 24 717 2S 293 25 882 26 485 17 102 17 733 18 379 19 040 19 717 $0 409 11 117

20 370 20 845 21 330 21 827 22 336 22 856 23 388 23 933 24 491 25 061 25 645 26 242 26 853 !7 479 28 119 28 774 29 444 30 130 30 832 31550

23 28 24 29 24 29 25 30 25 31

!2 699 22 751 !3 227 223 281 !3 768 ;!3 823 , !4 322 1!4 378 !4 889 :!4 946 !5 468 !6 062 !6 669 !7 290 !7 925 :15 527 ;!6 122 2!6 730 i!7 353 2 !7 990

21 26 31 21 27 32 22 27 33 22 28 34 t3 29 34 !3 29 !4 30 14 3i !5 31 !6 32 !6 !7 !8 !8 29 35 36 37 38 39

42 47 43 48 44 49 45 so 46 51 47 48 49 50 51 53 54 55 56 98

*40 25 119 25 177 25 236 *41 25 704 25 763 25 823 -42 26 303 26 363 26 424 -43 26 915 26 977 27 040 *44 27 542 27 606 27 669 -45 *46 -47 .48 -49 28 184 28 840 29 512 30 200 30 903 28 249 28 314 28 907 28 973 29 580 29 648 30 269 30 339 30 974 31 046

15 351 2!S 410 !S 942 2!6 002 !6 546 2!6 607 :7 164 217 227 :7 797 217 861 18 445 :9 107 .9 785 0 479 1 189 2!8 510 219 174 219 8.54 3`0 549 381 261

!8 576 2 !8 642 !9 242 :!9 309 !9 923 2 !9 992 10 620 10 690 ;I 333 ? I1 405 -

33 39 34 40 34 41 35 42 36 43

52 59 54 60 5.5 62 56 63 58 65

( Continued )

27

SP:8 - 1970
TABLE 2 ANTi-LOGARITHMS - Conld

0 1 2 3 4 5 6

7

8 9

-

I

M EAN D IFFERENCES

1 2 1.5 15 15 16 16 16 17 17 1'8 1% 19 19 19 20 20 `21 21 22 22 23 23 24 24 25 26 26 27 27 28 29 29 30 31 32 32 33 34 35 35 36 37 38 39 40 41 42 42 43 44 46 3 22 23 23 24 24 25 25 26 2.7 27 28 28 29 33 30 31 52 33 33 34 35 36 37 38 38 39 40 41 42 43 44 45 46 47 48 50 51 52 53 54 56 57 58 60 61 62 64 65 67 6% 4 29 30 31 32 32 33 34 3.5 35 36 5 37 38 39 40 40 6 44 45 46 47 48 7 8 9

- . -. -. , , .50 31623 31 696, 31 769 31 842 31 916 31989 32 063 32 137 32 211
1

-

*51 *52 -53 *j4

32 359 32 434 32 509 33 113 33 189 `33 266 33 884 33 963 34 041 34 674 34 754 34 834 35 563 36 392 37 239, 38 107 38 994 35 645 36 475 37 325 38 194 39 084 39 994 40 926 41 879 42 855 43 853 44 875 4.5 920 46 989 48 084 49 204

32 584 33 343 34 119 34 914

32 659 33 420 34 198 34 995 3.5 810 36 644 37 497 38 371 39 264

32 735 33.497 34 277 35 075

32 809 33 574 34 356, 35 156L 35 975 36 813 37 670I 38 548 39 446 40 365 41-30.5 42 267 43 251 44 259

32 33 34 35

885 651 435 237

32 961 33.729 34 514 35 318 36 141 36 983 37 844 38 726 39 628

32 285 33 037 33 806 34 594 35400 36 224 37 068 37 931 38 815 39 719

7 8 8 8` 8 8 8 9 9 9 9 9 10 10 10 10 11 11 11' 11 12 12 12 13 13 13 13 14 14 14 15 15 15 16 16 17 17 17 18 1% 19 19 19 20 20 21 21 22 22 23

52 59 66 1 53 60 68 54 62 69 55 63 71 56 65 73 58 59 61 62 63 66 68 69 71 72 74 76 78 80 82

*55 `59 *.57 5% 59 -60 ~61 *62 *63 *64 *65 -66 -67 -6% -69 -70 071 -72 `73 *74 -75 -76 -77 .78 -79 .a0 -81 *82 *83 *84 *85 *%6 .87 .88 -89 -90 *91 -92 .93 *94 .95 *96 *97 -98 *99

35.481 36 308 37 154 38 019 38 905

35 727 36 559 37 411 38 282 39 174 40 087 41 020 41976 42 954 43 954 44 978 46 026 47 098 48 195 49 317

35 892 36 728 37 584 38 459 39 355 40 272 41 210 42 170 43 1.52 44 157

36 058I 36 898 37 757 38 637 39 537

41 50 42 51 43 52 44 53 45 54

39 811 39 902 40 738 40 832 41 687 41 783 42 6.58 42 756I 43 652 43 752 44 668 44 771 45 709 45 814 46 774 46 881 47 863 47 973 48 97% 49 091 50 119 51 286 52 481 53 703 54 954 56 234 57 544 58 884 60 256 61 659 50 234 51404 52 602 53 827 55 081 56 364 57 677 59 020, 60 395 61 802

40 179 41 115 42 073 43 053 44 055

40 458 40 551 40 644 414001 41495 41 591 42 364 42 462 42 560 43 351 43 451 43 551 44 361 44 463 44 566 45 394 46 4.52 47 534 48 641 49 774 50 52 53 54 55 933 119, 333 576I 847 45 499 45 604 46 559 46 666 47 643 47 753 48 753 48 865 49 888 50 003 51050 52 240 53 456 54 702 55 976 57 280 58 614 59 979 61 376 62 806 64 269 65 766 67 298 68 865 70 469 72 111 73 790 75 509 77 268 79 068 51 168 52 360 53 580 54 828 56 105 57 412 58 749 60 117 61 518 62 951 64 417 65 917 67 453 69 024 70 632 72 277 73 961 75 683 77 446 79 250

37 46 .56 38 47 57 39' 49 _ 58 40 50 60 41 51 61 42 43 44 45 46 47 48 49 50 51 52 54 55 56 58 59 60 62 63 64 66 6% 69 71 72 74 76 78 79 81 83 85 87 89 91 52 53 54 56 57 58 60 61 63 64 66 67 69 70 72 74 75 77 79 81 83 85 87 89 91 93 95 97 99 102 1n4 106 109 111 114 62 64 65 66 68 70 72 73 75 77 79 80 82 84 86 88 90 92 95 97 99 101 104 107 109 111 113 116 119 122

65 74 83 66 76 85 68 78 87 70 80. 89 71 81 91 73 75 76 7% 80 82 84 85 88 90 92 94 96 98 101 103 105 108 110 113 83 94 85 96 87 98 89 100 91 103 93 % 98 100 102 105 108 110 113 115

45 082 45 186 45 290, 46 132 46 238 46 345 47 206 47 315 47 424 48 306 4s 417 48 529/ 49 431 49 545 49 659, 50 582 51 761 52 966 54 200 55 463 50 699 51 880 53 088 54 325 55 590 50 52 53 54 55 816 000I 211 450I 719

50 350 50 466 51 523 51 642 52 723 52 845 53 9.51 54 075 55 208 5'5 336 56 494 56 624 57 810 57 943 59 156 59 293 60 534 60 674 61 944 62 087 63 387 64 863 66 374 67 920 69 503 71 121 72 77% 74 473 76 208 77 983 79 799 81 658 83 560 85 507 87 498 63 533 65 013 66 527 68 077 69 663 71 285 72 946 74 645 76 384 78 163 79 983 81 846 83 753 85 704 87 700

56 754 56 885 5% 076 58 210 59 429 59 566 60 814 60 954 62 230 62 373 63 680 63 826 65 163 65 313 66 681 66 834 68 234 68 391 69 823 69 984

57 016 58 345 59 704 61 094 62 517 63 973 6.5 464 66 988 68 549 70 146

57 148 58 479, 59 841 61235 62 661 64 121 65 615 67 143 6% 707 70 307 71 945 73 621 75 336 77 090 78 886

135 11% 1'07 121 110 123 112 126 115 130 11% 120 123 126 129 132 135 139 142 145 149 152 156 159 163 167 170 175 178 183 187 191 195 2cO 205

63 096 63 241 64 565 64 714 66 069 66 222 67 608 67 764 69 183 69 343 70 79.5 72 444 74 131 75 858 77 625 79 433 81 283 83 176 85 114 87 096 89 125 91 201 93 325 95 499 97 724 70 958 72 611 74 302 76 033 77 804 79 616 81470 83 368 85 310 87 297

71450 71 614 71 779 73 114 73 282 73 451 74 817 74 989 75 162 76 560 76 736 76 913 78 343 78 524 78 705 80 168 82 035 83 946 85 901 87 902 59 950 92 045 14 189 96 383 38 628

116 132 11% 135 121 138 125 142 127 145 130 132 136 139 `42 148 151 155 158 162 IL6 170 174 17% 182

80 353 80 538 80 724 82 224 82 414 82 604 84 140 84 333 84 528 86 099 86 298 86 497 88 105 88 308 88 512 90 157 92 257 94 406 96 605 Pa 855 90 365 90 573 92 470 92 683 94 624 94 842 96 828 97 051 99 083, 99 312

80 910 81 096 82 794 82 985 84 723 84 918 86 696 86 896 88 716 88 920 90 782 92 897 95 060 97 275 99 541 90 991 93 111 95 280 97 499 99 770

89 331 89 536 89 743 91411 91 622 91 833 93 541 93 756 93 972 95 719 9.5 940 96 161 97 949 98 175 98 401

125 146 ;?7 149 130 I 152 133 lxi 137 160

28

SP:8-1970i

TABLE 3A COMMON LOGARITHMS
:OMMON NATURAL LOG

COrnrnON

NATURAL
LOG

C0MM0N
LOG

LOG
-01 *02 *03

LOG
a34 -35 *36

NATURAL LOG

a023 025 85 -046 051 70 .069 077 5.5

-782 b?? 93 *805 904 78 *828 930 63

-67 -68 -69

1.542 732 01 1.565 757 86 1.588 783 71

-04 *05 *06

-092 103 40 .11.5 129 25 *138 155 11

*37 *38 *39

-8.51 956 48 -874 982 34 -898 008 19

*70 *71 -72

l-611 809 57 1.634 835 42 1.657 861 27

*07 -08 -09

ml61 180 96 ml84 206 81 -207 532 66

40 *4l -42

.921034 04 a944 059 89 -967 085 74

-73 -74 *75

l-680 887 12 l-703 912 97 l-726 938 82

*lO *11 -12

~230 258 51 *253 284 36 .276 310 21

*43 44 -45

*990 111 59 1.013 137 44 1.036 163 29

-76 *77 .78

l-749 964 67 1.772 930 52 1.796 016 37

*13 *14 *15

.299 336 06 a322 361 91 .345 387 76

.46 *47 -48

I.059 189 14 1.082 214 99 l-105 240 84

-79 *so *a1

1.819 042 22 l-842 068 07 1.865 093 93

.16 -17 .18

-368 413 61 -391439 47 -414 465 32

*49 *50 -51

1.128 266 70 1*151 292 55 l-174 318 40

-82 *83 *a4

1,888 119 78 1.911 145 63 1.934 171 48

*19 *20 -21

.437 491 17 *460 517 02 -483 542 87

a52 -53 -54

l-197 344 25 I.220 370 10 1.243 395 95

-85 -86 -87

1.957 197 33 1.980 223 18 2.003 249 03

-22 a23 -24

-506 568 72 ~529 594 57 ..552 620 42

-55 *56 -57

l-266 42180 1.289 447 65 1.312 473 50

+B -89 90

2.026 274 88 2.049 300 73 2.072 326 58

-25 *26 *27

-575 646 27 *598 672 12 -621 697 98

*58 -59 60

l-335 599 35 1.358 525 20 1.381 551 06

-91 *92 -93

2.095 352 43 2.118 378 29 2.141404 14

-28 a29 -30

*644 723 83 -567 749 68 -690 77.5 53

*61 *62 *63

1.404 576 91 1.427 602 76 1.450 628 61

-94 -95 -96

2.164 429 99 2.187 4.55 84 2.210 481 69

-31 a32 -33

*713 801 38 .736 827 23 .759 853 08

-64 -65 -66

1.473 654 46 1.496 680 32 1.519 706 17

.97 a98 *99 1.00

2.233 507 55 2.256 533 40 2.279 559 25 2.302 585 09

29

SP : 8 - 1970
TABLE 3B NATURAL LOGARITHMS
(to the base e that is loge X, where n is the number) x

0

1

2

3

4

5

6

7

8

9

I f-

M E AN D I F F E R E N C E S -Fh I 2 3 4C 5 6 7

8

9'

).OOO 0 1.095 3 1.182 3 I.262 4 3.336 5 1.5 1.6 1.7 1.8 l-9 2.0 2.1 2.2 2.3 2.4 2.5 2.6 2.7 2.E 2.5 3.c 3.1 3.; 3.2 3.4 3.! 3.f 3.: 3.f 3.! 4.1 4.1 4.: 4.: 4.8 4.! 4.C 4.! 4.1 4.! 5.C 5.1 5.2 5.3 5.4 D.405 5 0.470 0 0.530 6 0.587 8 0.641 9 0.693 1 0.741 9 0.788 5 0.832 9 0.875 5 0.916 3 0.955 5 0.993 3 1.029 t 1.064 7 I.098 C , I.131 4I I.163 i1 1.193 s) I.223 I1 I.252 f3 1.280 ! 3 1.303 :I I.335 ( 1 1.361 (1

109 9 019 8 1044 1133 1906 1989 1700 277 6 343 6 350 7 1121 4 1 8 7 476 2 4824 542 3 536 5 593 3 598 8 ,647 1 652 3
,

129 6 22 2 !07 0 !85 2 157 7 125 3 188 6 i48 1 504 3 557 5 708 0 756 1 302 0 345 9 387 9 928 2 967 C DO4 3 040 3 075 c 108 t 141 C 172 ! 203 C 232 C 261 : 289 ; 316 1 342 ! 368 t 393 I 418 : 442 ; 465 f 488 ` 510: 532 t 553 ! 574 I 595 : 615 4 635 1 ,654 4 673 4 /691 s

)39 2 310 !I5 1 !92 7 164 6 131 8 194 7 j53 9 509 8 562 7 712 9 760 8 306 5 350 2 592 0 932 2 970 8 008 C 043 E 078 4 111 s 144 i 175 C 206 C 235: 264 1 292 ( 319 I 345 ! 371 : 396 : 420 : 444 t 467 ! 490 : 512 ! 534; 556 ( 576 ! 597 i 617 4 637 1 656 : 675 i 693 C

)48 8 .39 8 !23 1 100 1 171 6 138 3 500 8 559 6 515 2 567 8 717 8 765 5 310 9 854 4 896 1 936 1 974 6 011 C 0472 081 E 115 1 147 4 178'; 209 C 238 4 266 < 294 ; 321 t 348 1 373 : 398 : 423 : 446 ! 470 : 492 ! 515 : 536: 558 I 579 ( 599 1 619 4 63Y C 658 ; 677 1 695 t 444 7 506 8 565 3 520 6 572 9 722 7 770 1 515 4
B587

167 7 1570 139 0 314 8 385 3 451 1 512 8 571 0 625 9 678 C 727 5 774 7 819 8 862 S 904 2 943 s 982 1 018 E 054 I 088 t 121 ; 153; 184f 214 ( 244 : 272 t 300 : 327 1 353 : 378 I 403 t 427 ' 4.51 t 474 I 497 ' 519 1 541 : 562 : 583 603 1 623 : 642 ! 662 i 680 I 699 :

177 0 L6.5 5 246 9 322 1 392 0 457 4 518 8 576 6 631 3 683 1 732 4 779 3 824 2 867 1 908 3

186 2 I74 0 254 6 329 3 398 8 463 7 524 7 582 2 636 6 688 1 737 2 783 9 828 6 871 3 912 3

1 ) 3 7 7 6 6 6 5 5

19 17 16 15 14 13 12 11 11 10

29 26 24 22 21 19 18 17 16 15

38 35 32 30 2:8

48 44 40 37 35

57 52 48
44

41

617 76 86 611 70 78 5`6 64 72 5;2 59 67 4.8 55 62 52 48 46 43 41 39 37 36 34 33 58 55 51 49 46 44 42 40 38 37

216 32 2!4 30 2!4 29 2!2 27 2!I 26 2!O 1.9 1.8 1.7 I16 24 23 22 21 20 20 19 18 18 17 16 15 1.5 15 14 14 13 13 13 12 12 12 12 11 11 11 11 10 10

39 4..5 36 4.2 34 410 32 5I8 31 ?16 29 28 27 26 24 24 23 22 21 20 19 18 18 17 17 16 16 16 15 15 14 14 14 14 13 13 13 12 12 314 313 :11 10 , 1!9

703 1 698 1 7467 7514 793 0 797 5 837 2 841 6 8796 883 8 920 3 924 3 9594 9632 996 9 I.000 6 033 2 0367 071 6 068 2 105 3 101 9 1346 1378 1663 j 1694 196 9 1.200 C 226 7 229 6 2556 283 7 3110 337 6 363 5 2585 286 5 3137 340 : 366 1

900 2 940 c 978 3 015 2 050 E 085 : 118 4 15OC 181; 211 5 241 : 269 t 297 ! 324 1 350: 376 : 401 : 425 1 449 : 472 ! 49.5 517 : 539 ( 560 : 581 ( 601 L 621 1 640 ! 660 I 679 ( 697 `

5 10 15 9 14 5 9 13 4 9 13 4 4 8 12 4 4 4 4 3 3 3 3 3 3 3 3 3 3 3 2 2 2 2 2 2 2 2 2 2 2 2 2 2 2 8 8 7 7 7 12 11 11 11 10

947 8 951 7 985 8 989 5 022 5 026 0 057 8 061 3 091 9 095 3 1249 156 9 187 8 217 9 247 0 275 4 302 9 329 7 355 8 381 3 406 1 430 3 454 a 477 c 499 6 521 7 543 3 564 4 585 1 605 4 625 3 644 S 663 9 682 7 701 1 1282 1600 1909 220 8 249 9 278 2 305 6 332 4 358 4 383 8 408 5 432 7 456 3 479 3 501 9 523 F 545 4 566-S 587 2 607 4 627 : 646 7 665 E 684 5 702 5

1.6 I15 115 114 `1 L4
13 12 12 12 11 11 11 10 10 10 10 9 9 9 9 9 8 8 8

`I!7 31 35 1/6 30 34
25 29 33 25 28 32 24 27 31 23 22 22 21 20 20 19 19 18 18 17 17 16 16 16 15 15 15 14 14 14 14 13 13 13 26 25 25 24 23 23 22 21 21 20 20 19 19 18 18 18 17 17 16 16 16 16 15 15 15 30 29 28 27 26 25 25 24 23 23 22 22 21 21 20 20 19 19 19 18 18 18 17 17 17

'

7 10 6 10 6 9 6 9 6 9 6 5 5 5 5 5 5 5 5 5 4 4 4 4 4 4 4 4 4 4 8 8 8 8 8 7 7 7 7 7 7 6 6 6 6 6 6 6 6 5

II3 16 20

1.386 : f I.411 (1 I.435 IL I.458 t5 I.481 I5
1.5041 I.526 :1 I.547 t5 I.568 t5 I.589 ;, I.609 4 I.629 2 I.648 5 1.667 7 I.686 4

388 8 / 391 c 4134 4155 437 5 439-F 460 9 463 : 483 9 486 I 506 3 508 5 5 2 8 2 5 3 0 41 5 4 9 7 5518I 5707 5728 591 3 593 3 6114 6134 633 2 631 2 650 6 652 5 6696 671 5 688 2 690 1

8 10 12 8 10 12 8 10 11 9 11 7 9 11 7

Natural Logarithms of 10+p 1
i1

3 6.997 8

4 9.210 3

5 11.512 9

6 13.815 5

7 16.118 1

8 18.420 7

9 20.723 3

loge I O '

2.302 6

4*6C 15 :2

(Contimed )

30

SP: 8 - 1970
TABLE 3B NATURAL LOGARITHMS - co&
x

0

1

2

3

4

5

6

7

8

9 I 12

M EAN DIFFEREEKCES -h------------y 3 4 5 6 7 8 9 4 4 3 3 3 3 3 3 3 3 3 3 3 3 3 3 3 3 3 3 3 3 3 3 3 3 2 2 2 2 2 2 2 2 2 2 2 2 2 2 2 2 2 2 2 5 5 5 5 5 5 5 5 5 5 5 5 4 4 4 4 4 4 4 4 4 4 4 4 4 4 4 4 4 4 4 3 3 3 3 3 3 3 3 3 3 3 3 3 3 7 7 7 7 7 7 6 6 6 6 6 6 6 6 6 6 4 6 5 5 5 5 5 5 5 5 5 5 5 5 5 5 5 5 4 4 4 4 4 4 4 4 4 4 4 9 11 9 11 9.10 9 10 8 10 8 10 8 10 8 10 8 9 8 9 8 8 7 7 7 7 7 7 7 7 7 7 6 6 6 6 6 6 4 4 4 6 6 6 6 6 5 5 5 5 5 5 5 5 5 9 9 9 9 9 9 8 8 8 8 8 8 8 8 8 7 7 7 7 7 7 7 7 7 7 7 7 6 6 6 6 6 6 6 6 13 12 12 12 12 12 11 11 11 11 11 11 10 10 10 10 10 10 10 9 9 9 9 9 9 9 9 9 8 8 8 8 8 8 8 8 8 8 7 7 7 7 7 7 7 14 14 14 14 13 13 13 13 13 12 12 12 12 12 12 11 11 11 11 11 11 10 10 10 10 10 10 10 10 9 9 9 9 9 9 9 9 9 9 8 8 8 8 8 8 16 16 16 15 15 15 15 14 14 14 14 14 13 13 13 13 i3 12 12 12 12 12 12 11 11 11 11 11 11 11 11 10 10 IO 10 IO 10 10 10 10 9 9 9 9 9

5.5 5.6 5.7 5.8 5.9 6.0 6.1 6.2 6.3 6.4 6.5 6.6 6.7 6.8 6.9 7.0 7.1 7.2 7.3 7.4 7.5 7.6 7.7 7.8 7.9 8.0 8.1 8.2 8.3 8.4 8.5 8.6 8.7 8.8 8.9 9.0 9.1 9.2 9.3 9.4 9.5 !b6 9.7 9.8 9.9 10.0

I.704 7 706 6 I.722 8 724 6 1.740 5 742 2 I.757 9 759 6 1.775 0 776 6 I.791 8 1.808 3 I.824 5 I.840 5 1.856 3 I.871 8 I.887 1 I.902 1 I.916 9 1.931 5 I.945 9 1.960 1 1.974 1 I.987 9 2.001 5 793 4 809 9 826 2 842 1 857 9 873 3 888 6 903 6 918 4 933 0 947 3 961 5 975 5 989 2 002 8

708 4 736 3 744 0 761 3 778 3 795 1 811 6 827 8 843 7 659 4 874 9 890 1 905 1 919 9 934 4 948 8 962 9 976 9 990 6 004 2

710 2 712 0 728 1 729 9 74s 7 747 5 763 0 764 7 780 0 781 7 796 7 798 4 813 2 8148 829 4 8Zl 0 845 3 846 9 861 0 862 5

713 E 7317 749 2 766 4 783 4 800 1 816 5 832 6 848 5 864 1

715 6 733 4 750 9 768 1 785 1 801 7 818 1 834 2 850 0 865 6 881 c 896 1 9110 925 7 940 2

717 4 719 2 735 2 737 0 752 7 754 4 769 9 771 6 786 7 788 4 803 4 819 7 835 8 851 6 867 2 882 5 897 6 912 5 927 2 941 6 805 0 821 3 837 4 853 2 868 7 884 0 899 1 914 0 928 6 943 0

721 0 738 7 756 1 773 3 790 1 806 6 822 9 839 0 854 7 870 3 885 6 900 6 9155 930 1 944 5 958 7 972 7 986 5 2.000 1 013 6 026 8 039 9 052 8 065 6 078 2 090 6 102 9 115 0 127 0 138 9 1506 1622 173 6 1849 196 1 207 2 218 1 228 9 239 6 250 2 260 7 271 1 2814 291 5 301 6

1 2 2 2 2 2 2 2 2 2 2 2 1 1 1 1 1 1 1 1 1 1 ! 1 1 1 1 1 1 1 1 1 1 1 1 1 1 1 1 1 1 1 1 1 1

876 4 877 9 879 5 891 6 893 1 894 6 906 6 908 1 909 5 921 3 922 8 924 2 935 9 937 3 938 7 950 2 964 3 978 2 992 0 005 5 0183 032 1 045 1 058 0 070 7 083 2 095 6 107 8 119 9 131 8 143 6 155 2 1668 178 2 1894 200 6 211 6 222 5 233 2 243 9 254 4 264 9 275 2 285 4 295 6 951 6 96.5 7 979 6 993 3 006 9 020 2 033 4 0464 059 2 071 9 953 0 967 1 981 0 994 7 008 2 021 5 034 7 047 7 060 5 073 2

954 4 955 9 957 3 968 5 969 9 971 3 982 4 983 8 985 1 996 1 997 4 998 8 009 6 010 9 0122 022 9 036 0 049 0 061 8 074 4 024 2 025 5 037 3 038 6 050 3 051 6 063 1 064 3 075 7 076 9 088 2 089 4 100 5 101 7 112 6 113 8 1247 125 8 136 5 1377 1483 1599 171 3 1827 193 9 205 0 215 9 226 8 237 5 248 1 258 6 269 0 279 3 289 5 299 6 1494 161 0 1725 183 8 195 0 206 1 217 0 227 9 238 6 249 2 259 7 270 1 280 3 290 5 300 6

2.014 9 016 2 017 6 2.028 1 029 5 030 8 I.041 2 0425 043 8 2.054 1 055 4 056 7 2.066 9 068 1 069 4 2.079 4 080 7 081 9 2.091 9 093 1 094 3 2.104 1 105 4 106 6 2.116 3 117 5 118 7 2.128 2 129 4 130 6 2.140 1 2.151 8 2.163 3 2.174 8 2.186 1 2.197 2 2.208 3 2.219 2 2.230 0 2.240 7 2.251 3 2.261 8 2.272 1 2.2814 2.292 5 2.302 6 141 2 1529 1645 1759 187 2 198 3 209 4 220 3 231 1 241 8 252 3 262 8 273 2 283 4 293 5 1424 1541 165 6 1770 1883 199 4 210 5 2214 232 2 242 8 253 4 263 8 274 2 284 4 294 6

084 4 085 7 086 9 096 8 098 0 099 2 109 0 110 2 1114 121 1 122 3 123 5 133 0 1342 135 3 1448 156 4 1679 179 3 190 5 201 7 212 7 223 5 234 3 245 0 145 9 1576 169 1 1804 1917 147 1 158 7 1702 181 5 192 8

202 8 203 9 213 8 214 8 224 6 225 7 235 4 236 4 246 0 247 1 257 6 268 0 278 3 288 5 298 6

255 5 256 5 265 9 267 0 276 2 277 3 286 5 287 5 296 6 297 6

Natural Logarithms of 10-n
11

1 n97 4

2 g94 8

3 %92 2

4 5789 7

5 IF487 1

6 12.184 5

7 iF8819

8

9 %276 7

loge 10-n

a iF579 3

31

SP:8-1970
TABLE 4 EXPONENTIAL AND HYPERBOLIC FUNCTIONS x 0.010 0.020 0,030 :.-O? Kz: 0.080 0.090 O-100 @II0 X:::: 0.140 O-150 ex 1.010 05 I.020 20 1 a030 46 l-040 81 l-051 27 I.061 84 1.072 51 ::z: f? l-105 17 l-116 28 1.127 50 1.138 83 l-150 27 1.161 83 1.173 51 1.185 30 1.197 22 1.209 25 l-221 40 0.210 :::3200 O-240 0,250 l-233 68 I.246 08 I.258 60 I.271 25 I.284 02 I.296 93 I.309 96 I.323 13 1.336 43 1.349 86 o-310 0.320 O-330 8:::: 0.360 0.370 O-380 O-390 0400 o-410 0.420 0.430 X:E O-460 o-470 8:ZX @SO0 1.363 42 l-377 13 :::;s `9: I.419 07 l-433 33 1447 74 1.462 20 l-476 98 I.491 82 I.506 82 l-521 96 ::::: ;: l-568 31
e-s

Sinh x 0.010 00 0.020 00 8:!zz 0.050 02 0.060 04 0.070 06 0.080 OS 0.090 12 O*lOO 17 0.110 22 0.120 29 0.130 37 O-140 46 0.150 56 O-160 68 0.170 82 0.180 97 o-191 14 0.201 34 0.211 55 0.221 78 0.232 03 0.242 31 0.252 61 0.262 94 0.273 29 0.283 67 O-294 08 0.304 52 ::Z Z 0.336 02 0.346 59 o-357 19 0.367 83. 0.378 50 O-389 21 0.399 96 0.410 75 0.421 58 0.432 46 o-443 37 0.454 34 0.465 34 O-476 40 0.487 50 O-498 65 o-509 84 0.521 10 0.532 40 o-543 75 0.555 16 0.566 63 0.578 15 0.589 73 O-601 37 0.613 07 0.624 83 0.636 65 00:6Q1680 0.672 0.684 0.696 :; 51 59 75

Cosh x 1 +WO 05 l*OOO 20 ImO 45 l-000 80 l+Ol 25 1+0180 1.002 45 l-003 20 1.004 05 lGO5 00 1.006 06 1.007 21 I.008 46 1.009 82 1.011 27 ::::: :; 1.016 24 l-018 10 1.020 07 I.022 13 I *024 30 1.026 57 l-028 94 1.03141 1.033 99 1.036 67 I.039 46 1.042 35 1.045 34 1*048 44 ::"o:: "9: I.058 36 1.06188 l-065 50 1.069 23 l-073 07 1.077 02 1.081 07 1.085 23 I.089 50 I.093 88 1.098 37 1.102 97 1.107 68 1.112 50 1.11743 1.122 47 I.127 63 l-132 89 1.138 27 l-143 77 1.149 38 1.155 10 1.160 94 1.166 90 1.172 97 1.179 16 I.185 46 I.191 89 1.198 44 1.205 10 I.211 89 I.218 79

Tanh x 0.010 00 o-020 00 0*029 99 0.039 98 O-049 96 0.059 0.069 O-079 0.089 0.099 93 89 83 76 67

Coth x 100-003 SOW6 7 33.393 3 25.813 3 20.016 7 16.686 7 14.309 0 12.526 7 11.141 I 10.033 3 9.127 55 8.373 29 7.735 59 7.189 46 6.716 59 ::z: %`: 5.615 43 5.326 34 5.066 49 4.831 70 4-618 55 4.424 22 4-246 36 4.082 99 3.932 43 3.793 27 3.664 28

0.990 05 0.980 20 0.970 45 0.960 79 0.951 23 0.941 76 0.932 39 O-923 12 0.913 93 0.904 84 0.895 0.886 0.878 0.869 0.860 83 92 10 36 71

0.109 56 0.119 43 0.129 27 8:::: :: 0.158 65 0.168 38 8':;; Y! 01197 38 0.206 97 O-216 52 0.226 03 0.235 50 0.244 92 0.254 30 O-263 62 0.272 90 O-282 14 O-291 31 0.300 44 o-309 51 0.318 52 "0:::: :: 0.345 21 0.353 99 0.362 71 0.371 36 0.379 9s 0.388 47 0.396 93 040.5 32 0.413 64 0.421 90 0.430 0.438 0446 0.454 0.462 0.469 0.477 0.485 0.492 0.500 08 20 24 22 12 94 70 38 99 52

0.852 14 0.843 67 0.835 27 0.826 96 0+318 73 0.810 0.802 0.794 0.786 0.778 0.771 0.763 0.755 0.748 0.740 0.733 0.726 0.718 0.711 0.704 58 52 53 63 80 05 38 78 26 82 45 15 92 77 69

3.139 51 3.053 65 2.972.87 2.896 75 2.824 92 2-757 04 2.692 80 2.631 93 2.574 18 2.519 33 2.467 18 2.417 54 2.370 24 2.325 13 2.282 07 2.240 93 2.201 59 2.163 95 2.127 91 2.093 34 2.060 26 2.028 45 1.997 92 1.965 59 1.940 39 1.913 27 1.887 16 1.862 03 1.837 81 1.814 46 1.791 95 1.770 2 3 1.749 26 (Continued)

0.697 68 O-690 73 0.683 86 0.677 06 0.670 32 O-663 65 0.657 05 0.650 51 0.644 04 O-637 63 0.631 28 O-625 00 0.618 78 0.612 63 0.606 53 0.600 50 0.594 52 0.588 60 O-582 75 O-576 95 0.571 21 0.565 52 0.559 90 0.554 33 0.548 81

. :*:z ;; 1.616 07 I.632 32 l-648 72
::::: :; 1.698 93 1.716 01 l-733 25

0.560 0.570 8::;: 0.600 0.610 X:Z 8::: ::::: tz I.877 61 l-896 48 l-915 54

0.507 98 0.515 36 0.522 66 0.529 90 0.537 05 0.544 13 0.551 13 0.558 05 0.564 90 0.571 67

0.543 35 0.537 94 O-532 59 0.527 29 O-522 05

32

SP : 8 - 1970
TABLE 3 EXPONENTIAL AND HYPERBOLIC FUNCTIONS - Cmtd x 0.660 0.670 0.680 0.690 0.700 0.710 0.720 @730 Q-740 0.750
63% 61

Sinh x 0.708 97 0.721 26 0.733 63 0.746 07 0.758 58 0.771 17 X% 5": 0.809 41 0.822 32 ::::; :: 0.861 53 0.874 78 0.888 11 0.901 52 0.915 03 0.928 64 0.942 33 0.956 12 0.970 00 0.983 98 0.998 06 1.012 24 1.026 52 ::f$ `3: 1 SO69 98 1.084 68 1.099 48 1.114 40 1.129 43 1.144 57 1.159 83 1.175 20 I ml90 69 1.206 30 1 a222 03 1.237 88 1.253 86

Cosh n 1.225 82 1.232 97 1.240 25 1.247 65 1.255 17 1.262 82 1.270 59 1.278 50 ::::4 :; 1.302 1.311 1.319 1.328 1.337 97 39 94 62 44

Tanh x 0.578 36 0.584 98 0.591 52 8:Z :; 0.610 68 0.616 91 0.623 06 0.629 14 0.635 15 0.641 08 0.646 93 0.652 71 0.658 41 0.664 04 "0%; :; 0.680 48 0.685 81 0.691 07 0.696 0*701 0.706 0.711 0.716 26 37 42 39 30

Coth

.v

1.934 79 1.954 24 1.973 88 1.993 72 2.013 75 2.033 99 2.054 43 f% t: 2.117 00 2.138 28 ;:z z:: 21203 40 2.225 04 2.247 2.270 2.293 2.316 2.339 91 50 32 37 65

0.516 85 0.511 71 0.506 62 0.501 58 0.496 58 0.491 64 0.486 75 0.481 91 0.477 11 0.472 37 0.467 67 0463 01 0.458 41 0.453 84 0449 33 0444 86 0440 43 0.436 05 0.431 71 0.427 42 0.423 16 0.418 95 . 0.414 78 0.410 66 0406 57

:`:;;:6'
1.690 56 1,672 29 1.654 62 1.637 53 1.620 98 1.604 97 1.589 46 1.574 43 I.559 88 1,545 76 1.532 08 1.518 81 1505 94 1.493 45 1.481 33 1.469 56 1.458 13 1.447 03 1.436 2.5 1.425 77 1.415 59 1.405 69 1.396 07 1.386 71 1.377 61 1.368 75 1.360 13 1.35175 1.343 59 1.335 64 1.327 91 1.320 37 1.313 04 1.305 - _~. 89 1.298 93 1.292 14 1.285 53 1.279 09 1.272 81 1.266 69 1.260 72 1.254 90 1.249 22 1.243 68 1.238 28 1.233 02 1.227 88 1.222 86 1.217 97 1.213 19 1.208 53 1.203 98 1.199 54 l-195 20 1.190 97 l-186 83 1.182 79 1.178 85

,

1.346 38 1.355 47 1.364 68 1.374 04 1.383 53 1.393 16 1.402 93 1.412 84 1 a422 89 1.433 09

0.910 X3:: 0.940 0.950

2484 32 ;::z :; 2.559 98 2.585 71 2611 70 2.637 94 2.664 46 2.691 23 2.718 28

0402 52 ;::z: :: 0.390 63 0.386 74 0.382 89 0.379 08 0.375 31 0.371 58 0.367 88

0.721 13 0.725 9Q 0.730 59 8:;:; "7; 1.497 30 1.508 51 1.519 88 1.53141 1.543 08 1554 91 1.566 90 : ::z; :: 1.603 79 1.616 41 1.629 19 ::::: ;: 1.668 52 1.681 96 1.695 57 1.709 34 1.723 29 1.737 42 1.751 71 1.766 18 1.780 83 1.795 65 1.810 66 i-825 84 1.841 21 ::::; ;: 1.888 42 0.744 28 0.748 70 0.753 07 6.757 36 0.761 59 0.765 76 0.769 87 0.773 91 8::`s: t; 0.785 66 8% :: 0:796 88 0.800 50 0.804 06 0.807 57 0.811 02 0.814 41 0.817 75 ::z : 0.827 45 0.830 58 0.83' 66 0.836 b8 0.839 63 8% :t 0.848 28 0.851 06 X';:; t3 0:859 13 O-86172

1.010 1*020 ::tz 1.050 1.060 1.070 ::8@ 1.100 :::18 1.130 1.140 1.150 1.160 1.170 :::t: 1.200 ::% 1.230 1.240 1*250 ;:;:t 2.944 2.974 3.004 z;: 68 27 17 0.346 46 0.343 01 0.339 60 8:::; :7" 0.329 56 0.326 28 0.323 03 0.319 82 0.316 64 0.313 49 0.310 37 0.307 28 0.304 22 0.301 19 0.298 20 0.295 23 0.292 29 0.289 38 0.286 51 0.283 65 0.280 83 0.278 04 0.2 5 27 0.2% 2 54

1.269 96 1.286 18 : :z; z 1.335 65 1.352 40 :::z :; 1.403 48 1.420 78 1.438 22 1.455 81 ::t;: :: l+_b9 46 1.527 64 1.545 98 1.564 47 1.583 12 1.601 92 1.620 88 1.640 01 1.659 30 1.678 76 1.698 38

3.034 36 3.064 85 3.095 66 3.126 77 3.158 19 3.189 93 3.221 99 ::I;; z 3.320 12 3.353 48 3.387 19 3.421 23 3.455 61 3.490 34 3525 42 3.560 85 ;:z"z f:: 3.669 30

I

1.904 54 1.920 84

::1;: 5

1.167 56 1.163 97 1.160 47

SP: 8 - 1970
TABLE 4 x . 1.310 1.320 1.330 1.340 1.350 1.360 :::;: 1.390 1.400 1.410 1.420 1.430 1.440 1.450 1.460 1.4io 1.480 1,490 1,500 1.510 1.520 ::::: 1.550 1.560 l.SiO 1.580 1:590 1.600 ;:g; 1.630 1.640 1.650 1.660 1.670 1.680 1.690 1.700 1.710 1,720 1.750 1.740 1.750 1.760 1.770 1.7so 1.790 1.800 1.810 1.820 1.830 1.840 1.850 1.860 1.870 1.880 1.890 1.900 1.910` 1.920 1.930 1.940 1.950 ex 3.706 17 3.743 42 3.781 04 3.819 04 3.857 43 3.896 19 3.935 35 3.974 90 4.014 85 4.055 20 4.095 96 4.137 12 4.178 70 4.220 70 4.263 12 4.305 4.349 4.392 4437 4.481 96 24 95 10 69 EXPONENTIAL AND HYPERBOLIC FUNCTIONS - Conld
e-x

Sinh x 82 14 48 85 24 1,718 18 1.738 14 1,755 28 ::;z 88 1.819 77 1.840 62 1.861 66 1.882 59 1.904 30 1.925 91 1.947 70 1.969 70 1.991 88 2.014 27 2.036 2.059 2.082 2.105 2.129 86 66 65 86 28

Cash x 1.988 00 2.005 2s 2.022 76 2.040 44 2.058 33 2.076 43 2.094 73 2.113 24 2.131 96 2.150 so 2.. 170 08 3.189 42 2.2OY 00 2.228 81 2.248 84 2.289 10 2.289 58 2.310 29 2.331 23 3.352 41 2.373 82 2,335 47 2.417 36 2.439 49 2.461 86 ,.lS-C 48 2.507 35 2.530 46 2.553 84 2.577 46 2.601 3.5 2.625 50 2.649 90 2.674 58 2.699'52 2.724 i2 2.750 21 2.775 96 2.802 00 2.828 32 2.854 91 2.881 SO 2.908 97 2.936 43 2.964 19 2.992 24 3.020 59 3.049 25 3.078 21 3.107 47 3.137 05 3.166 94 3.197 15 3.22768 3.258 53 3.289 70 3.321 21 3.353 05 3.385 22 3.417 73 3.450 58 3.483 78 3.517 33 3.551 23 3.585 48 I

Tanh x 0.864 0.866 0.869 0.871 0.874 0.876 0.878 0.880 0.883 0.885 28 78 25 67 05 39 69 95 17 35

cot11 x 1.157 04 1.153 69 1.150 42 1.147 22 1.144 10 1.141 04 1.138 06 ::;g ;;: 1.129 50 1.126 77 1.12-l 10 1.121 50 1.118 95 1.116 45 1.11402 1.111 63 1.109 30 1.107 02 1.104 79 1.102 61 1.10048 1.098 40 1.096 35 1.094 35 1.092 39 1.090 48 1.088 61 1.086 78 1.084 99 1.083 24 1.081 52 1.979 84 1.078 20 1.076 59 1.055 02 1.073 48 1.071 97 1.070 50 1.069 05 1.067 64 1.066 25 1.064 90 1.063 57 1.062 28 1.061 01 1.059 76 1.058 54 1.057 35 1.056 18 1.055 04 1.053 92 ::8:1"7: 1.050 70 1.049 67 1.048 66 1.047 68 I .046 71 1.045 76 1.044 84 1.043 93 1.043 04 1.042 17 l-04132 (Conthud)

0.269 0.267 0.264 0.261 0.259

0.256 66 0.254 11 0.251 58 0.249 08 0.246 60 0.244 14 0.241 71 0.239 3 1 0.236 93 0.234 57 `0.232 24 0,229 92 0.227 64 0.225 37 0.223 13 0,220 91 0.218 71 0.216 54 0.214 38 0.212 2.5 0.210 14 0.208 04 0.205 98 0.203 93 0.201 40 0.199 89 0.197 90 0.195 93 0.193 98 0.192 05 0.190 14 0.188 25 0.186 37 0.184 52 0.182 68 0.180 87 0.179 07 0.177 28 0 175 52 0.173 77 0,172 04 0.170 33 0.168 64 0.166 96 0.165 30 0.163 0.162 0.160 0.158 0.157 65 03 41 82 24

0.887 49 0.889 60 0.891 67 0.893 70 0.895 69 0.897 65 0.899 58 0.901 47 0.903 32 0 905 1s 0.906 94 0.908 70 ::"9:; :; 0.913 78 0.915 0.917 0.918 0.920 0.921 42 03 60 15 67

4526 73 4.472 22 4.618 18 4.664 59 4.711 47 4.758 82 4.806 65 4.854 96 4.903 75 4.953 03 5.002 81 5.053 09 5.103 S8 5.155 17 5.206 98 5.253 31 5,312 17 5.365 56 5.419 48 5.473 95 5.528 96 5.584 53 5.640 65 5.697 34 5.754 60 5.812 44 5.870 85 5.929 86 5.989 45 6.049 65 6.110 45 6.171 86 6.233 89 "6:;;; ;; 6.423 6.488 6.553 6.619 6.685 74 30 50 37 89

2.152 91 2.176 76 2.200 82 2.225 10 2.249 61 2.274 34 2.299 30 2.32-149 2.349 91 2.375 57 2.401 46 2.427 60 2.453 47 2.480 60 2.507 46 2.534 59 2.561 96 2.589 59 2.617 48 2.645 63 2.674 05 2.702 73 2.731 68 2.760 91 2.790 41 2.820 20 2.850 26 2.880 61 2.911 25 2.942 17 2.973 3.004 3.036 3.068 3.101 40 92 74 86 2?

0,923 16 0.924 62 O-926 06 0.927 47 0.928 86 0.930 22 0.931 55 0.932 86 0.934 15 0.935 41 0.936 65 0.937 86 0.939 06 0.940 23 0.941 38 0.942 50 0.943 61 0.944 70 0.945 76 0.946 81 0.947 83 0.948 84 0.949 83 0.950 80 0.951 75 0.952 0.953 0.954 0.955 0.956 68 59 49 37 24

0.155 67 0.154 12 0.152 59 0.151 07 0.149 57 0.148 08 0.146 61 0.145 15 0.143 70 0.142 27

3.134 03 3.167 09 3.200 46 3.234 15 3.268 16 3.302 50 3.337 18 3.372 18 3.407 52 3.443 21

6.753 09 6.820 96 6.889 51 6.958 75 7.028 69

0.957 08 0.957 92 0.958 73 0.959 53 0.960 32

34

SP: 8 - 1970
TABLE 4 x es 7.099 33 7.170 68 7.242 74 7.315 53 7.389 06 7.463 32 ::z:: is 7.690 61 7.767 90 7.845 97 7.924 82 8.004 47 % 97:. 2.110 ;`::o" 2:140 2.150 2.160 2.170 2.180 2.190 2.200 2.210 2.220 2.230 2.240 2.250 2.260 2.270 E:% 2.300 2,310 2.320 2.330 2.340 2.350 2.360 2.370 2.380 2.390 2.400 2.410 2.420 2.430 2.440 2.450 2.460 2.470 22:tZ 2.500 2.510 2.520 2.530 2.540 2.550 2.560 2.570 2.580 2.590 2.600 !:Z ff 8.414 87 8.499 44 8.584 86 8.671 14 8.758 28 8.846 31 8.935 21 9.025 01 Y.llS 72 9.207 33 ;:g ;; 9.487 74 9.583 9.679 9.776 9.874 9.974 09 40 68 94 18 0.099 261 0.098 274 0.097 296 0.096 328 0.095 369 0.094 420 0.093 481 0.092 551 0.091 630 0.090 718 0.089 815 0.088 922 0.088 037 0.087 161 0.086 294 0.085 435 0.084 585 0.083 743 0.082 910 0.082 085 O.OSl 268 :::;: ;tZ8 0.078 866 0,078 082 0.077 305 0.076 536 8:x:: z 0.074 274 0.115 32 0.114 18 z:::: :; 0.110 80 EXPONENTIAL AND HYPERBOLIC FUNCTIONS - Cwtd e-x O-140 0,139 0.138 0.136 0.135 86 46 07 70 34 Sinh x 3.479 23 3.515 61 3.552 34 3.589 42 3.626 86 Gosh x 3.620 09 3.655 07 3.690 41 3.726 12 3.562 20 3-798 65 3.835 49 3.872 71 3.910 32 3.948 32 :::z; :: 3.939 77 3.980 61 4,021 86 4.063 SO 4.105 5.5 4.148 02 4.190 89 4.234 19 4.277 91 4.322 OS 4366 63 4.411 65 4.457 11 4.503 01 4549 36 4.596 17 4.643 44 4.691 17 4.739 37 4.788 04 4.837 20 4.886 84 4.936 96 4.987 58 5,038 70 5.090 32 5.142 45 5.195 10 5.248 27 5.301 96 5.356 18 5.410 93 5.466 23 5.522 07 5.578 47 5.635 42 5.692 94 5.751 03 5.809 69 5.868 93 5.928 76 5.989 18 6.050 20 6.111 83 6.174 07 6.236 92 6.300 40 6.364 51 6.429 6.494 6.560 6.627 6.694 26 64 68 38 73 3.986 71 4.025 SO 4.064 70 4.104 30 4.144 31 4.184 i4 4.225 58 4.266 55 4.308 54 4.350 67 4.393 23 4.436 23 4.479 67 4.523 56 4.567 91 4.612 71 4.657 97 4.703 70 4.749 90 3.796 57 4.843 72 4.891 36 4.939 48 4.9E8 10 5.037 22 5.086 84 5.136 97 5.187 62 5.238 75 5.290 47 5.342 69 5.395 44 5.448 73 5.502 56 5.556 99 5.611 89 5.667 39 5.723 46 5.780 10 5.837 32 5.895 12 5.953 52 6.012 SO 6.072 09 6.132 29 6.193 10 6.254 53 6.316 58 6.379 27 6.442 59 6.506 56 6.571 18 6,636 46 6.702 40 6.769 01 Tanh x 0.961 09 0.961 85 0.962 59 0.963 31 0.964 03 0.964 73 0.965 41 0.966 09 0.966 75 0.967 40 0.968 03 0.968 65 0.969 26 8:;:; :: 0.971 03 0.971 59 0,972 15 0.972 69 0.973 23 0.973 75 0.974 26 0.974 77 0.975 26 0.973 74 0.976 22 0.976 68 0.977 14 0.977 59 0.97s 03 0.978 0.978 0.979 0.979 0.980 46 88 29 70 10 Coth x 1.040 48 1,039 67 1.038 87 1.038 08 1.037 32 : :% ;2" 1.035 10 1.034 40 1.033 70 1.033 03 1.032 36 1.031 71 1.031 07 1.030 45 1.029 84 1.029 24 1.028 65 1.028 07 1.027 51 1.026 96 1.026 42 1.025 89 1.025 37 1.024 84 1.024 36 1.023 87 1.023 40 1.022 93 1.022 47 1.022 02 1.021 58 1.021 14 1.020 72 1.020 31 1.019 90 1.019 50 1.019 11 1.018 `73 1.018 36 1.017 99 1.017 63 1.017 28 1.016 93 1.016 40 1.016 24 1.015 94 1.015 62 1.015 31 1.015 00 1.014 71 1.014 41 1.014 12 1.013 84 1.013 57 1.013 30 1.013 03 1.012 i7 T.012 52 1.012 27 1.012 02 1.011 78 1.011 55 1.011 32 1.011 09 (Continrtrd)

1.990 2.000 2.010 2.020 ;:::: 2.050

E 1.980

0.133 99 0.132 66 "0'::; ;; 0:12s 74 0.127 45 . 8';;: ;z 8:::; 2:

10.074 4 10.175 5 10.277 9 10.381 2 10.485 6 10.591 0 10.697 4 10.804 9 10.913 5 11.023 2 11.134 0 11.245 9 11.358 9 11.473 0 11.588 3 11.704 8 11.822 4 11.941 3 12.061 3 12.182 5 12,304 9 12.428 6 12.553 5 12.679 7 12.807 1 12.935 8 13.065 8 13.197 1 13.329 8 13.463 7

0.980 43 0.980 87 0.981 24 0.981 61 0.981 97 0.982 33 g:;;: ;: 0.983 35 0.983 66 0.984 00 0.984 31 0.984 62 8:;;; ;; 0.985 51 0.985 79 0.986 07 0.986 35 0,986 61 0.986 88 :::;; :; 0%87 64 0.987 8s 0.988 12 0.988 35 z:;:; :; 0.989 03

35

SP: 8 - 1970
TABLE 4 EXPONENTIAL AND HYPERBOLIC FUNCTIONS - Cmfd x 2.610 2.620 2.630 2.640 2.650
e+

e-x 8:::: 0.072 078 0.071 361 0.070 651

Sinh x

Cosh x 6.836 6.904 6.972 7.042 7.112 29 26 92 28 34

Tanh x 0.989 0.989 0.989 0.989 0.990 24 46 66 87 07

coth x
1.010 87 l-010 66 l*OlO# 1.010 24 1.010 33 l-009 83 :zzz l-009 26 lGO9 07 1+X@ 89 1.008 72 1X08 54 ::z ;: lm804 1.007 88 l-007 73 lm7 57 1.007 42

13.599 1 13.735 7 13.873 8 14.013 2 14.154 0 14.296 3 14440 6 14.585 1 14.731 7 14.879 7

2

8:78!1 iii 6.900 85 6.970 92 7.04169 7.113 7.185 7.258 7.331 7.406 17 36 27 90 26

O-069 948 0.069 252 0.068 563 0.067 881 0.067 206 0.066 537 0.065 875 0.065 219 O-064 570 0.063 928 0.063 292 O-062 662 0.062 039 0.061421 0.060 810

7.183 12 7.254 61 7.326 83 7.399 78 7.473 47 7.547 91 7.623 10 7-699 05 7.775 78 7.853 28 7.931 57 8.010 65 8.090 53 88:;;: :t 8.335 06 8.418 23 8.502 24 8.587 10 8,672 81 8.759 40 8.846 86 8.935 20 `9::;: ii

0.990 26 O-990 45 0.990 64 a.990 83 o-991 01 0.991 0.991 0.991 o-991 0.991 18 36 53 70 86

2.710 2.720

X:% 2.750
2.760 2.770 2.780 2.790 2.800 2.810 2.820 2.830 2.840 2.850

15.029 3 15*180 3 15.332 9 15.487 0 15.642 6

7.481 37 z:: "s: 7,711 21 7.789 35 7.868 28 7.947 99 8.028 49 "s:K is 8.274 86 8.358 62 8443 22 8.528 67 8.614 97 :::% :: 8.879 07 8.968 87 9.059 56 9.151 16 9.243 68 9.337 12 9.431 49 9.526 81 9.623 08 9.720 31 9.818 51 9.917 70 10.017 9 10.119 10.221 10.324 10.428 10.534 0 2 5 7 0

O-992 02 0.992 18 o-992 33 !:999922 t: 0.992 78 o-992 92 8% ;; 0.993 33 0.993 46 0.993 59 0.993 72 O-993 84 0.993 96 0.994 08 83zt ;: 0.994 43 0.994 54

16.609 9 16.776 8 16.945 5 17.115 8 17.287 8 17.461 5 17.637 0 :::z z 18.174 2

0.060 205 0.059 606 0.059 013 0.058 426 0-057 844 0.057 0.056 0.056 0.055 0.055 0.054 0.053 0.053 0.052 0.052 269 699 135 576 023 476 934 397 866 340

2.910 2.920 2.930 2.940 2.950 2.960 2.970 2.980 2.990 3.000

18.356 8 18.541 3 18.727 6 18.915 8 19.106 0 19.298 19.491 19.687 19.885 20.085 0 9 8 7 5

0.051 819 0.051 303 0.050 793 0.050 287 O-049 787 0.049 292 0.048 801 0.048 316 0.047 835 0.047 359 0.046 888 0+46 42 1 0.045 959 0.045 502 0.045 049 0.044 0.044 0.043 O-043 OW2 0.042 0.042 O-041 0.041 OWO 601 157 718 283 852 426 004 586 172 762

z:;:`: 9.869 9.967 10.067

z; 30 98 7 O-995 15 0.995 25 0.995 34 0.995 43 0.995 52 0.995 61 0.995 70 0.995 78 O-995 87 0.995 95 O-996 03 0.996 11 0.996 18 0.996 26 0.996 33 0.996 41 0.996 48 0.996 55 0.996 62 0.996 68 O-996 75 0.996 81 O-996 88 O-996 94 0.997 00

1*005 38 ::zi; tt 1.005 07 1.004 97 1*004 87 lm4 77 ::iiZ 4: l+JO4 50 lm4 41 l-004 32 1.004 23 ::iG

3.030 3.040 3.050

%:

20.287 4 20.491 3 20697 2 20.905 2 21.115 3 21.327 6 21.541 9 21.758 4 21.977 1 22.198 0 22.421 0 22.646 4 22.874 0 23.103 9 23.336 1 %::z 24.046 24.288 24.532 : 8 4 5

10.168 4 10.270 0 10.372 8 10.476 5 10.5814 :t;z I 10:902 2 11.011 3 11.121 5 11.232 8 11.345 3 : ::;;i z 11.689 5 11.806 5 11.924 7 :;:z 3 12.286 6 12409 7 12.534 0 12.659 6 12.786 4 12.914 6

3.060 3.070 3.080 3.090 3.100 3.110 i.120 3.130 3.140 3.150 3.160 3.170 3.180 3.190 3.200 3.210 3.220 3.230 3.240 3.250

10.640 3 10.747 7 10.856 2 10.965 8 11.076 4 11.188 2 11.301 1 11.415 1 11.530 3 11.646 6 11.764 1 11.882 7 12.002 6 12.123 6 12.245 9 12.369 4 12.494 1 12.620 0 12.742 8 12.875 8

1.003 61 ::ii :: 1+03 40 1*003 33 1.003 26 :c: :i 1*003 07 l-003 01

24.779 1 25.028 1 25.279 7 25.533 7 25.790 3

OWO 357 0.039 955 O-039 557 0039 164 O-038 774

SP:S - 1970
TABLE 4 x %: 3.280 3.290 3.300
d*

EXPONENTIAL AND HYPERBOLIC FUNCTIONS - Contd

c-s
0.038 388 0.038 006 . 8'x:: 8:: 0.036 883 0.036 0.036 0.035 0.035 0.035 0.034 0.034 0.034 0.033 0.033 516 153 793 43? 084 73s 390 047 709 373

Sinh x

Cosh x 13.044 0 13.174 7 13.306 7 13.440 1 13.574 8

Tanh x 0.997 0.997 0.997 0.997 0.997 06 12 17 23 28

Coth x 1*002 95 1.002 89 1.002 84 lxJO2 78 1.002 72 ::zz 2; 1*002 57 1.002 52 1.002 46

26.049 5
26.311 3 ;::z; ; 27.112 6 27.385 1 X3% t: 28.219 1 28.502 7 3.360 ::z: 3.390 3.400 3.410 3.420 3.430 33% ::ZZ 3.4%) 3.490 3@0 3.510 3.520 3.530 3.540 3*550 3.560 3.570 3.580 3.590 3.600 3.610 3% 3.640 3.650 3.660 3.670 3.680 3.690 3.700 3.710 3.720 3.730 3.740 3.750 3.760 3.770 3.780 3.790 3.800 3.810 3.820 3.830 3,840 3.850 3.860 3.870 3.880 3.890 3.900 28,789 2 29.078 5 29.370 8 2299:;:: : 30.265 2 30.569 4 30876 6 31.187 0 31.5004 31.817 0 32.136 7 32.459 7 32-786 0 33.115 4 33448 3 33.784 4 34.124 0 34.467 0 34.813 3 35.163 2 35.516 6 35.873 5 36.234 1 36.598 2 36.966 0 37.337 6 37.712 8 38.0918 38.474 7 38.861 3 39.251 9 39.646 4 40.044 8 40447 3 40.853 8 41.264 4 41.679 1 42.098 0 42.521 1 42.948 4 43.380 1 43.816 0 44.256 4 44.701 2 45.150 45.604 46.062 46.525 46.993 :x5 48.424 48.910 49402 4 2 5 5 1 t 2 9 4

3% : 13.951 3 14.0918 14.233 8 14.377 2 14.522 1 14,668 4 14.816 1 14.965 4 15.116 1 15.268 4 15.422 1 15.577 4 15.734 3 15.892 8 :x f 16.377 7 16.542 6 16.709 2 16.877 4 17.047 3 :x : 17.567 4 :::z : 18.103 2 18.285 5 18.469 5 18.655 4 :"9::: : 19.224 3 19.417 8 19.613 2 19.810 6 20.009 9 20.211 3 20.414 7 20.620 1 20.827 6 21.037 1 21.248 8 %% s 21.896 6 22.116 9 22.339 4 22.564 2 22.791 1 ;::::2" : 23.485 9 23.722 1 23.960 8 24.201 8 24445 2 24.691 1

13.710 8 13.848 2 13.987 1 14.127 3 14.268 9 14.412 0 14.556 5 14.702 4 14.849 8 14.998 7 15149 1 15.301 1 15.454 5 15.609 5 15.766 1 15.924 2 16.083 9 16.245 3 16.408 2 16.572 8 16.739 1 16.907 0 17.076 6 17.248 0 17.421 0 17.595 8 :x `: 18.130 8 18.312 8 18.496 6 18.682 2 18.869 7 19.059 0 19.250 3 19443 5 19.638 7 19.835 8 20.034 9 20.236 0 20.439 1 2@6U 3 20.851 6 21.060 9 21.272 3 21.485 21.701 21.919 22.139 22.361 8 6 4 5 8

0.997 34 0.997 39 :3'9: ZJ 0.997 54 0.997 0.997 0.997 0.997 0.997 0.997 0.997 0.997 0.997 0.997 59 f. : 68 73 78 82 86 90 95 99

0.033 041 0.032 712 0032 387 0.032 065 0.031 746 0.031 430 0.031 117 0.030 807 0.030 501 0.030 197 0.029 897 0.029 599 0.029 30.5 0.029 013 O-028 728 0.028 439 0.028 1.56 0.027 876 0.027 598 0.027 324 0.027 052 0.026 783 0.026 516 ~% z: 0.025 733 0.025 476 0.025 223 0.024 972 0.024 724 0.024 478 z;`: %G 0.023 754 0.023 518 8:;:: fzf 0.022 823 0.022 596 0.022 371 0.022 148 0.021 928 0.021 710 0.021 494 0.021 280 0.021068 0.020 858 0.020 651 omo 445 0.020 242

lW2 19 1.002 14 1*002 10 1.002 06 1.002 02 1~00198 1 *00194 :::: : 1.001 82 l+Ol 78 1.00175 1.001 72 lW168 1.001 65 1+0162 :z: :z lQO1.52 1.00149 1*00146 l%m144 1*00141 1G.H 38 1m13.5 1*00132 1m130 l+MM 27 lfJO125 1+0122 1*00120 1flOl 18 lQO1 15 1~001 13 1.001 11 l*OOi 08 1*00106

0.998 03 0.998 06 0.998 10 0.998 14 0.998 18 0.998 21 0.998 25 0.998 28 0.998 32 0.998 3.5 0.998 0.998 0.998 0.998 0.998 38 42 45 48 51

1

0.998 54 0.998 57 0.998 60 0.998 62 0.998 65 0.998 68 0.998 70 0.998 73 0.998 75 0.998 78 0.998 0.998 0.998 0.998 0.998 0.998 0.998 0.998 0.998 0.999 80 83 85 87 89 92 94 96 98 00

22.586 3 22.813 1 23.042 1 %; : 23.743 2 23.981 6 24.222 4 24.465 7 24.711 3

0.999 02 8'Z z 0:999 08 0.999 10 0999 11 0.999 13 0.999 15 0.999 16 0.999 18

(Continued)

37

SP: 8 - 1970
TABLE 4 EXPONENTIAL AND HYPERBOLIC FUNCTIONS - Cod x 3.910 ;:;:: 3.940 3.950 3.960 3.970 % 4.000

er
49,899 0 SO.404 4 SO.907 0 51.418 6 51.935 4 52.457 3 52.984 5 53.517 0 54.054 9 54.598 2 55.146 9 55.701 1 56.260 9 :z;; :

e-x 0.020 041 0.019 841 0.019 644 0.019 448 0.019 255 0.019 0.018 0.018 0.018 0.018 063 873 686 500 316

Sinh x 24.939 5 25.190 3 2S.443 7 25.699 6 25.958 1 26.219 1 26,482 8 26,749 2 27.018 2 27.289 9 27.564 27.841 28.121 28.404 28.690 4 6 6 4 0

Cosh x 24.959 5 25,210 1 25.463 3 ;::z; t 26.238 26.501 26.767 27.036 27.308 2 7 9 7 2

Tanh x 0.999 20 0*999 21 0.999 23 0.999 24 0.999 26

cdh x
l*OOO 80 ::!%; l*OOO 76 l*OOO 74 ::!%: l*OOO 70 1.000 68 l+OO 67

0.018 133 0.017 953 0.017 774 0.017 597 0.017 422 0.017 249 0.017 077 0.016 507 0.016 739 0.016 573 0.016 408 0.016 245 0.016 083 0.015 923 0.015 764 0.015 60s 0.015 452 0.01 S 259 0.015 146 0.014 556 0.014 846 0.014 655 0.014 552 0.014 408 0.014 264 om4 122 0.013 5S2 0.013 843 0.013 iOS 0.013 569 0,013 434 0.013 300 0.013 168 0.013 037 0.012 507 0.012 778 0.012 651 0.012 525 0.012 401 0.012 277 0.012 155 0.012 034 0.011 514 0.011 796 0.011 479 0.011 562 0.011 447 0.011 333 0.011 221 0.011 109 0.010 558 0.010 889 0.010 781 0.010 673 0010 567

27.582 5 27,859 5 28.139 3 28.422 0 28.707 4 28,995 8 29.287 0 4"9:;;:, :: 30.178 4 30481 6 30.787 7 31.097 0 31.405 4 31.724 9 32.043 6 32.365 5 32.690 6 33.015 0 33.350 7 33.685 7 34.024 1 34.365 5 34.711 1 35.059 8 35.412 1 35.767 8 36.127 1 36.490 1 36.856 7 37.227 37.601 37.978 38.360 38.745 0 0 7 3 7

0.999 0.999 0.999 0.999 0.999

34 36 37 38 39

1.000 66 l+OO 64 1.000 63 l*OOO 62 l*OOO 61 1.000 60 1mO 58 1.000 57 l+OO 56 l*OOO 55 1.000 54 1.000 53 1 so00 52 1*000.51 l*OOO so 1mO 49 1 fmo 48 1.000 47 1.000 46 1 *OOo 45 lx@0 44 l+OO 43 1.000 42 l-000 42 1.000 41 1 +Oo 40 1mO 39 1+0038 l+MO 38 1 .oOO 37 1 .OOO 36 1mO 35 1.000 35 1.000 34 1.000 33 l+OO 33 l+)OO 32 1.000 31 1.000 31 1 .oOO 30 1.000 30 1 .ooo 29 1 .ooo 28 1.000 28 1 .OOO 27 1 .OOO 1 .OOO 1 .OOO 1 .oOO 1 .ooo 27 26 26 25 25

2% 4.080

4.090 4.100 4.110 4.120 4.130 4.140 4.150 4.160 4.170

57.974 3 58.557 0 59.145 5 59.733 3 60.340 3 60.946 61.555 62.177 62.802 63.434 7 2 9 s 0

28.978 5 :;::z z 29.861 6 30.161 9 30.465 2 30.771 5 31.080 9 31.353 4 31.709 1 32.028 0 32.350 0 32.675 3 33.003 8 33.335 7 33.670 8 34.009 4 34.351 3 34.696 7 35.045 6 35.397 9 35.753 8 36.113 3 36.476 4 36.843 1 37.213 5 37.587 7 37.965 6 38.347 3 38.732 8 39.122 2 39.515 5 35.512 8 40.314 0 40.715 3 41.128 7 41.542 1 41.555 8 42.381 6 42.507 6 43.238 0 43.672 6 44.111 7 44.555 1 45.003 0 45.455 4 45.512 4 46.373 9 46.840 1 47,310 9

0.999 40 8:;;; :: 0.999 `I4 0.999 45 0.999 46 0.599 47 0.999 48 0.999 49 0.595 SO 0.959 51 0.999 52 0.999 53 0.599 54 0.995 55 ::;;9" 0.955 0.595 0.955 27" 58 58 59

4.190 4.200 4.210 4.220 4.230 4.240 4.250 4.260 4.270 4.280 4.290 4,300 4.310 4320 4.330 4.340 4.350 4.360 4.370 4.380 4.350 4.400 4.410 4.420 4.430 4440 4.450 4.460 4.470 4.480 4.490 4.500 4.510 4.520 4..530

4.180 _--

64.071 5 64.715 5 65.36; 9 66.022 8 66.686 3 67.356 S 68.033 5 68.717 2 69.43: 9 70.105 4 70.810 0 71.521 6 72.240 4 72.966 5 73.69" S 74.440 5 75.188 6 75.944 3 76.707 5 77.478 5 78.237 1 75.043 6 79.838 0 so.640 4 81.4SO 9 82.269 5 83.090 6 83.931 4 84.774 9 85.626 5 86.487 5 87.356 7 88.234 7 89.121 4 90.017 1 90.921 8 91.833 6 92.758 6 93.690 8 54.632 4

0.999 60 0.999 61 0.959 62 0.955 62 0.999 63 %;`9 "6: 0.959 65 0.995 66 0.959 67 0.955 0,999 0.555 0.595 0.995 67 68 65 65 70

39.135 0 39.528 1 39.925 3 40.326 4 40.731 6 41.140 41.554 41.971 42.393 42.819 8 2 7 4 3

0.559 70 0.999 71 0.955 72 0.995 72 0.599 73 0.959 73 0.599 74 0.595 74 0.599 7S 0.995 75 0.595 758 0.999 763 0.955 76s 0.959 772 0.995 777

t::z : 44.123 0 44.566 3 45.014 1 45.466 4 45.923 2 46.384 7 46.850 7 47.321 5

1 .OOO 242 1.000 237 1.000 232 1.000 228 1.000 223

.
(Contiwed)

38

SP: 8 - 1970
TABLE 4 EXPONENTIAL AND HYPERBOLIC FUNCTIONS - Confd x 4.560 4.570 4.580 4.590 4.600 4.610 4.620 4.630 4.640 4.650 4.660 4.670 t::: 4.700 4.710 t:::: 4.740 4.750 4760 4.770
e* e-r

Sinh x 47.786 5 48.266 9 48.752 1 49.242 1 49.737 1 50.237 1 50.742 1 51.252 2 51.767 3 52.287 7 52.813 53.344 53.880 54.422 54.969 3 2 4 0 0

Cosh x 47.797 48.277 48.762 49.252 49.747 0 2 3 3 2

Tan11 x 0.999 781 0.999 785 0.999 790 0.999 794 0,999 798 0.999 0.999 0.999 0.999 0.999 802 806 810 813 817

Coth x I.000 219 I.000 215 I*000 210 I.000 206 I*000 202 I.000 198 1.000 194 1 .ooo 190 I*000 187 I.000 133 1mo 179 I*000 176 I.000 172 1 .OOO 169 I*000 165 1.000 162 I.000 159 ;.cmr& ;;g I.000 150 I.000 147 I.000 144 1.000 141 I.000 138 I.000 13.5 I.000 133 1 .ooo 130 :%OO 128 I.000 123 1.000 123 1 .ooo 120 1.000 118 I.000 115 I.000 113 I.000 111 I.000 109 1 .ooo 107 1 .ooo 104 I.000 102 1 .ooo 100 1 .OOO i .OOO 1 .ooo 1 .ooo 1 .ooo 1 .OOO 1 .OOO 1 .ooo 1 .OOO 1 .OOO 098 096 095 093 091 089 087 086 084 082

2::: :
100.484 101.494 102.514 103.544 104~585 105.636 106.698 107.770 %:E 111~052 112.168 113.296 114.434 115.584 116.746 117.919 119.104 120.301 121.510 ;;g.;g 125.211 126.469 127.740 129.024 130.321 131.631 132.954 134.290 135.639 137m3 138.380 139.770 141.175 142.594 144.027 145.474 146.936 I-IS.413 149.905 151~411 152.933 154-470 156.022 157.590 159.174 160.774 162.390 164.022 165.670 167.335 169.017 170.716 172.432 174.164 175.915 177.683 179.469 181.272

97.514 4 98.494 4 99-484 3

0.010 f!*OlO 0.010 O*OlO 0.010

462 358 255 153 052

0.009 952 O*G09 853 0.009 755 0.009 658 0.009 562 po; e; Od)O9 279 0.009 187 0.009 095 8:~~~ 0.008 0*008 0.008 8Z 826 739 652

50.247 1 50.751 9 51.261 9 51.777 0 52.297 3 52.822 8 53.353 6 53.889 7 54.431 2 54..978 1 55.530 6 56.088 6 56.652 2 55.221 5 57.796 5 58.377 2 58.963 9 59.556 4 60.154 8 60.759 3 61.369 9 61.986 6 62.609 5 63.238 6 63.874 1 44.516 0 65.164 3 65.819 1 66.480 5 67.148 6 67.823 68.505 69.193 69.888 70.591 4 0 4 7 0

0.999 J21 0.99' 824 O.`- .9 828 :rY99 831 0.999 835 0.999 838 0.999 841 0.999 844 0.999 847 0;999 850 0,999 853 0.999 856 0.999 859 0.999 862 0.999 865 0.999 0.999 0.979 0.999 O-999 867 870 872 875 877

55.521 6 56.079 7 56,643 4 57.212 7 57.787 8 58.368 7 58.955 4 59.548 0 60.146 5 60.751 1 61.361 7 61.978 5 62.601 5 63.230 7 63.866 3 64.508 65.156 65.811 66.473 67.141 2 6 5 0 2

t::z

0.008 566 "0'00~ a; 0.008 312 0.008 230 0.008 148 ::z; 8:: om7 907 0.007 828 0x07 750 0.007 673 oaO7 597 0.007 521 0.007 447

4800 4mo 4.820 4.830 4.840 4-850 4.860 4-870 4.880 4.890 4.900 4.910 4.920 4.930 4.940 4.950 4.960 4.970 4.980 4.990 5-000 5.010 5.020 5.030 5.040 5.050 5.060 5.070 5.080 5.090 5.100 5.110 5.120 5.130 5.140 5.150 . 5.160 5.170 ?~I80 5.190 5.200

0.999 880 0.999 882 0.999 885 0.999 887 0.999 889 0.999 891 0.999 893 0.999 896 0.999 898 0.999 900 0.999 0.999 0.999 0.999 0.999 9GL 904 905 907 909

67.816 0 68.497 7 69.186 1 69.881 5 70.583 9 0.007 013 0.006 943 po; f33; 0.006 738 0.006 671 0.006 605 0.006 539 oaO6 474 0.006 409 0.006 346 0.006 282 0.006 220 0.006 1.58 0,006 097 0.006 036 0,005 976 ;:g: 8":; oaO5 799 0.005 742 0~005 685 0. 5 628 0.%5 572 om5 517 71.293 4 72.010 0 72.733 8 73.464 8 74.203 2 74.949 0 75.702 3 z: 8" 78XKJ8 0 78.792 1 79.584 0 :%: 8 82.007 9 82.832 83.664 84.505 85.355 86.212 2 7 6 0 8

71.800 4 72.016 9 72.740 6 73.471 6 74.209 9 74.455 75.709 76.469 77.238 78.014 7 0 8 2 4

0.999 911 0.999 913 0,999 914 0.999 916 0.999 918 0.999 919 0.999 921 0.999 923 0.999 924 O-999 926 0.999 927 0.999 929 0.999 930 0.999 93 1 0.999 933 0.999 934 0.999 935 o-999 937 0.999 938 0.999 939

78.798 4 79.590 3 80.390 1 81.198 0 82.014 0 82.838 2 83.670 7 84511 5 85.360 8 86.218 6 87.085 7 87.960 3 83.844 2 89.737 1 90.638 9

1 .OOO 081 1 .ooo 079 1 .ooo 077 1 .OOO 076 1 .ooo 074 1 .ooo 07 3 I.000 071 1 .ooo 070 I.000 069 I.000 067 1 .ooo 066 I.000 065 1 *OOO 063 I.000 062 1 .OOO 06 1

87.079 4 87.954 6 ;g;; f 90.633 4

(Continued)

39

SP: 8 - 1970
TABLE 4 EXPONENTIAL AND HYPERBOLIC FUNCTIONS - Contd x 5.210 5.220 5.230 5.240 5.250 5.260 5.270 5.280 5.290 5.300 5.310 5.320 5.330 5.340 5.350 5.360 xx 5.390 5.400 5.410 5.420 5.430 5.440 5.450 5.460 5.470 5 . 4 8 0 5.490 5.500 5.510 5.520 5.530 5.540 5.550 5.560 5.570 5.580 5.590 5.600 5.610 5.620 5.630 5.640 5650 5.660 5.670 5.680 5.690 5700 5710 5.720 5.730 5.740 5.750 5.760 5.770 5.780 S-790 5800 5.810 w&20 ;:::: 5.850

.ex
183.094 :%: 188.670 190.566 192.482 194.416 196.370 198.343 200.337 %z9 206.438 208.513 210.608 212.725 214.863 217.022 219.203 221.406 223.632 225.879 228.149 230.442 232.758 235.097 237.460 239.847 242.257 244.692 247.151 249.635 252.144 254.678 257.238 259.823 262434 265.072 267.736 270.426 273.144 275889 278.662 281.463 `284.202 287.149 290.034 292.949 295.894 298.867 301.871 304.905 307.969 311.064 314.191 317.348 320.538 323.759 327.013 330*300 ::z; 340.359 343.779 347.234

e-x

Sinh x 91.544 3 92.464 4 93.393 7 Z:% : 96.238 1 97.205 4 .98.182 4 99.163 2 100.166 101.173 102.190 103.217 104.254 105.302 106.360 107.429 108.509 109.599 110.701 111.814 112.937 114.072 115.219 116.377 117.547 118.728 119.921 121.127 122.344 123.574 124812 126.070 127.337 i28.617 129.910 131.215 132.534 133.866 135211 136.570 137.943 139.329 140.730 142.144 143.573 145016 146473 147.945 149.432 150.934 152.451 153.983 155*531 157.094 158:673 160.267 161.878 163.505 165.148 166.808 168.484 170.178 171.888 173.616

Cosh x 91.549 8 `9:::;; Y 94.337 7 95.285 8 96.243 3 97.210 6 98.187 5 99.174 2 1m171 101.178 102.194 103.221 104.259 105.307 106.365 107.434 108.513 109.604 110.706 111.818 112.942 114.077 115.223 116.381 117.551 118.732 119.925 121.131 122.348 123.578 124.820 126.074 127.341 128.621 129.913 131.219 132.538 133.870 135.215 136.574 137.946 139.333 140.733 lp2.148 143.576 145.019 146.476 147.948 149.435 150.937 152.454 153.986 155534 157m7 158.676 160.270 161.881 163.508 165151 166.811 168.488 170.181 171.891 173.619

Tanh n "0%; `6'4: 0.999 943 0.999 944 0.999 945 0.999 946 x:;;; ;t; 0.999 949 0.999 950 0.999 951 0.999 952 0.999 953 0.999 954 0.999 955 0.999 0.999 0.999 0.999 0.999 0.999 0.999 0.999 0.999 0.999 0.999 0.999 0.999 0.999 0.999 8:::; 0.999 0.939 0.999 956 957 958 958 959 960 961 962 962 963 964 965 965 966 967 z;: 969 969 970

Coth x ::!z l+OO 10IO 1mO ::: 057 056 055

0.005 462 o*OOs 407 ems 354 0.005 300 00Zk5 248 0.005 19s 0.005 144 0.005 092 WOOS 042 O+KH 992 0.004 942 OW4 893 0.004 844 0.004 796 0.004 748 om4 701 0,004 654 0.004 608 OW4 562 0.004 517 0.004 472 0.004 427 0 004 383 o+m4 339 0.004 296 0.004 254 o%IO4 211 0.004 169 0.004 128 0.004 087 0.004 046 0.004 006 0.003 966 0+03 927 0@03 887 0.003 849 0.003 810 0.003 773 0*003 73s 0.003 698 0*003 661 OdIO3 625 0.003 589 0*003 553 0.003 518 0.003 483 0.003 448 oxKl3 414 0.003 380 OH)3 346 0.003 313 0+03 280 0.003 247 0.003 215 0.003 183 0.003 151 0~003 120 8%: xz 0.003 028 0*002 0.002 0.002 0*002 0.002 997 968 938 909 880

1mO 054 1 *OoO 053 1 GO0 052 1.000 051 l+OO OS0 l*OOO 049 1WO 048 1mO 047 l*OOO 046 l*OOO 045 1~000044 1 a000 043 1mO 042 1GOO 042 1mO 041 1mO 040 1 +OO 039 1 .OOO 038 1 .OOO 038 1.000 037 l*OOO 036 l*OOO 03s 1wO 03s 1 *oOO 034 l+OO 033 l+OO 033 1 GIO 032 l+OO 031 1mO 031 1mO 030 1mO 030 10IO 029 1 *OOO 028 ::g % l*OOO 027 l*OOO 026 l+OO 026 1mO 025 10IO 025 lGMlO24 1GIO 024 lG00 023 l*OOO 023 l*OOO 022 1mO 022 1 *OOO 022 1mO 021 1mO 021 1mO 020 1 *OoO 020 1+00 019 1mO 019 `+00019 1.000 018 10lO I+00 l+OO l*OOO l+OO 018 01% 017 017 017

0.999 970 0.999 971 0.999 972 .0.999 972 0.999 973 0.999 973 0.999 974 0.999 974 0.999 97s 0.999 97s 0.999 976 0.999 976 0.999 977 0.999 977 0.999 978 0.999 978 0.999 978 0.999 979 0.999 979 0.999 980 0.999 980 0.999 981 0.999 981 0.999 981 0.999 982 0.999 0.999 0.999 0.999 0.999 982 982 983 983 983

(Continued)

40

SP: 8 - 197t
TABLE 4 x ex 350.724 354.249 357.809 361.405 365.038 5.910 5.920 5.930 5.940 5.950 5.960 5.970 5.980 5.990 6.000 365.706 372.412 376.154 379.935 383.753 387.610 391.506 395.440 399.415 403.429 EXPONENTIAL AND HYPERBOLIC FUNCTIONS - Contd
e-x

Sinh x 175.361 177.123 178.903 180*701 182.517 ,;ig.;g 188.076 189.966 191*875 193m4 195.752 197.719 199.706 201.713

Cosh x 175.364 177.126 178.906 180*701 182.520 184.354 186.207 188.079 189.969 191.878 193.806 195.754 197.721 199.709 201.716

Tanh z 0.999 0.999 0.999 0.999 0.999 984 984 984 985 985

Coth x I.000 016 ::x:: 1*000015 l+OO 015 1*000 015 :z::: I*000 014 ImO 014 I*000 013 I*000 013 1*000 013 l*ooo 013 ImO 012

om2 851 0,002 823 0+02 795 0.002 767 0,002 739 0 002 712 0.002 685 0,002 658 0.002 632 0~002 606 0 002 580 0.002 554 0.002 529 0 002 504 0.002 479

0,999 985 0999 986 0999 986 0.999 986 0.999 986 0.999 987 @999 987 0999 987 0.999 987 0.999 988

TABLE 5A EXPONENTIAL FUNCTIONS* (e-x)

x 6.01 6.02 6.03 ::z 606 6.07 6.08 6.09 6.10 6.11 6.12 6.13 6.14 6.15 6.16 6.17 6.18 6.19 6.20 6.21 6.22 6.23 6.24 6.25 6.26 6.27 6.28 6.29 6.30 6.31 6.32 6.33 6.34 6.35 6.36 6.37 6.38 6.39 640 e-x
x e-x

T

x e-x

x

e-x 0.001 103 0.001 092 0.001 081 0.001 070 0.001 059 0.001 049 0.001 038 0.001 028 0.001 018 0.001 008 o*oOO 998 8:zz ;;: OWO 968 OWJO 959 0.000 949 OmO 940 OmO 930 0.000 921 0.000 912 0.000 903 0.000 894 0.000 885 0.000 876 0.000 867 OmO 859 owe 850 0.000 842 O*OOO 833 OWO 825 OmO 817 0000 809 OmO 801 @OOO 793 0.000 785 OmO OGOO OWO OWO OmO 777 769 762 754 747

x 7.21 7.22 7.23 7.24 7.25 7.26 7.27 7.28 7.29 7.30 7.31 7.32 7.33 7.34 7.35 7.36 7.37 7.38 7.39 7.40 7.41 7.42 7.43 ::z 7.46 7.47 7.48 7.49 7.50

e-x @OOO OWO 0.000 0.000 0.000 739 732 725 717 710

x

e-r
0400 OmO OmO OxQO o+Kn-J 041 037 034 030 028

0+02 0.002 0.002 0.002 0.002 454 430 405 382 358 6.41 6,42 6.43 6.44 6.45 6.46 6.47 6.48 6.49 6.50 6.51 6.52 6.53 6.54 6.55 6.56 6.57 6.58 6.59 6.60 6.61 6.62 6.63 6.64 6.65 6.66 6.67 6.68 6.69 6.70 6.71 6.72 6.73 t 6.76 8::; 6.79 6.80 0.001 645 0.001 629 0.001 612 0.001 596 0.001 581 0.001 565 0.001 549 0001 534 0001519 Oml503 0001488 0.001474 0~001 459 om1444 OGx 430 0+01416 0.001 402 0.001 388 O*OOl 374 0.001 360 o+m 347 0.001 333 0.001 320 0.001 307 0.001 294 0.001 281 0.001 268 0.001 256 0001243 0.001 231 0.001 219 0.001 207 Oml 195 O+Ol 183 Oml 171 "0'00; ;:; O%Ol 136 0.001 125 om1 114

6.81 6.82 6.83 6.84 6.85 6.S6 6.87 6.88 6.89 6.90 6.91 6.92 6.93 6.94 6.95 6.96 6.97 6.98 6.99 7.00 7.01 7.02 7.03 % 7.06 7.07 7.08 7.09 7.10 7.11 7.12 7.13 7.14 7.15 7.16 7.17 `7::: 7.20 0.000 500 0.000 453 0.000 410 0.000 371 0.000 335 0.000 0.000 OW_)O 0.000 0.000 304 275 249 225 203

_ _
10.1 10.2 10.3 10.4 10.5 IO-6 10.7 10.8 IO.9 11.0 11.1 11.2 11.3 II.4 11.5 11.6 II.7 II.8 II.9 12.0 12.1 12.2 12.3 12.4 12.5

8:::; ::`: 0.002 288 0.002 265 0002 243 0.002 221 0.002 198 om2 177 0.002 155 0.002 133 0002 112 o+lO2 091 0*002 070 0002 050 0002 029 0.002 0.001 0.001 om1 O*OOl 009 989 969 950 930

OGOO 703 0.000 696 8:% t:4 0000 676 0.000 669 0000 662 0.000 656 ;`;g g4'; 0.000 636 0.000 630 0000 624 0000 617 0.000 611 0.000 605 0000 599 OWO 593 0.000 587 omo 581 @OOO 0.000 0.000 omo 0.000 576 570 564 559 553

::z x:: 8:% x:; o*OOO 017 OmO 015 8:E 8:; o*OOO 011 OmO 010 X:% OWO OmO OWO g; 008 007 006

0000 184 OGOO 167 OmO 151 0.000 136 0000 123 OmO 112 OWO 101 0000 091 OmO 083 o*OOo 075 OG)O 068 0000 061 omo 055 o*oOO 050 omm 045

O+MO 006 8:% g:

om1 911 0.001 892 O*OOl 873 0001855 OWI 836 0.001 818 0.001 800 0001782 O+Kil 764 0+lO1747 0.001 729 0001 712 0.001 695 0.001 678 0.001662

1;:

*For values corresponding to x 6.00 or less Table 4 may be referred.

41

SP: 8 - 1970
TABLE 5B EXPONENTIAL FUNCTIONS* (ex)

x 6-88 6.01 6.02 6.03 6.04 6.05 6.06 6.07 6.08 6.09 6.10 6.11 6.12 6.13 6.14 6.15 6.16 6.17 6.18 6.19 6.20 6.21 6.22 6.23 6.24 6.25 6.26 6.27 6.28 6.29 6.30 6-31 6.32 6.33 6.34 6.35 6.36 6,37 6.38 6.39 6.40 6.41 6.42 6.43 6.44 6.45 6.46 6.47 6.48 6.49 6.50
ex

x 6-50 6.51 6.52 6.53 6.54 6.55 6.56 6.57 6.58 6.59 6.60 6.61 6.62 6.63 6.64 6.65 6.66 6.67 6.68 6.69 6.70 6.71 6.72 6.73 6.74 6.75 6.76 6.77 6.78 6.79 6.80 6.81 6.82 6.83 6.84 6.85 6.86 6.87 6.88 6.89 6.90 6.91 6.92 6.93 6.94 6.95 6.96 6.97 6.98 6.99 7.00 8% x
e+

- 403.429 407.483 411.579 415.715 419.893 424.113 428.375 432.681 437.029 441.421 445-858 450339 454.865 459.436 464.054 468.717 473.428 478.186 482.992 487.846 492.749 497.701 502.703 507.755 512.859 518.013 523.219 528.477 533.789 539.153 544.572 550.045 555.573 561.157 566.796 572.493 578.246 584.058 589.928 595.857 601.845 607.894 614.003 620.174 626.407 632.702 639.061 645.484 651.971 658.523 665.142 665.142 671.826 678.578 685.398 692.287 699.244 706.272 713.370 720.539 727.781 735.095 742.483 749.945 757.482 765.095 772.784 780.551 788.396 796.319. 804.322 812.406 820.571 828.818 837.147 845.561 854.059 862.642 871.312 880069 888.914 897.847 906.871 915.985 925.191 934489 943.881 953.367 962.949 972.626 982.401 992.275 1 002.25 1 012.32 1 022.49 1 032.77 1043.15 1053.63 1 064.22 1 074.91 1 085.72 1 096.63 7.08 7.01 7.02 i 7.03 7.04 7-05 7.06 7.07 7.08 7.09 7.10 7.11 7.12 7.13 7.14 7.15 7-16 7.17 7.18 7.19 7.20 7.21 7.22 7.23 7.24 7.25 7.26 7.27 7.28 7.29 7.30 7.31 7.32 7.33 7.34 7.35 7.36 7.37 7.38 7.39 7.40 7.41 7.42 7.43 7.44 7.45 7.46 7.47 748 7-49 7.50 1 096.63 1 107.66 1118.79 1 130-03 1 141.39 1 152.86 1 164.44 1 176.15 1 187.97 1199.91 1211.97 1224.15 1 236.45 1 248.88 1 261.43 1274.11 1 286.91 1 299.85 1312.91 1 326.10 1 339.43 1 352.89 1 366.49 1 380.22 1 394.09 1 408.10 1 422.26 1 436.55 1450.99 1465.57 1 480.30 1 495.18 1 510.20 1 525.38 1 540.71 1 556.20 1 571.84 1 587.63 1 603.59 1 619.71 1 635.98 1 652.43 1 669.03 1 685.81 1 702.75 1 719.86 1 737.15 1 754.61 1 772.24 179005 1 808.04 7.50 7.51 7.52 7.53 7.54 7.55 7.56 7.57 7.58 7.59 7.60 7.61 7.62 7.63 7.64 7.65 7.66 7.67 7.68 7.69 7.70 7.71 7-72 7.73 7.74 7.75 7.76 7.77 7.78 7.79 7.80 7.81 7.82 7.83 7.84 7.85 7.86 7.87 7.88 7.89 7.90 7.91 7.92 7.93 7.94 7.95 7-96 7.87 `I.22 7.99 8.00 1808-04 1826-21 1844*57 1 863.11 1 881.83 190074 1 919.85 1 939.14 1 958.63 1978.31 1 998.20 2 018.28 2 038.56 2 059*05 2 079.74 2 100.65 2 121.76 2 143.08 2 164.62 2 186.38 2 208.35 2 230-54 2 252.96 2 275.60 2 298.47 2 321.57 2 344.90 2 368.47 2 392.28 2 416.32 2 440.60 2 465-l 3 2 489.90 2 514.93 2 540.20 2 565.73 2 591.52 2 617.57 2 643.87 2 670.44 2 697.28 2 724.39 2 751.77 2 779.43 2 807.36 2 835.58 2 864.07 2 892.86 2 921.93 2,951*30' 2 980-96

'

'

*For values corresponding to I 6.00 or less Table 4 may be referred (Continued)

42

SP: 8 - 1970
TABLE 5B EXPONENTIAL FUNCTIONS (ez) - Conk-2 -7 x 8.00 8.01 8.02 8.03. 8.04 8.05 8.06 8.07 8.08 8.09 8.10 8.11 8.12 8.13 8.14 8.15 8.16 8.17 8.18 8.19 8.20 8.21 8.22 8.23 8.24 8.25 8.26 8.27 8.28 8.29 8.30 8.31 8.32 8.33 8.34 8.35 8.36 8.37 8.38 8.39 8.40 8.41 8.42 8.43 8.44 6.45 8.46 a-47 8.48 8.49 8.50
ex

x 9.00 9.01 9.02 `9.03 9.04 9.05 9.06 9.07 9.08 9.09 9.10 9.11 9.12 9.13 9.14 9.15 9.16 9.17 9.18 9.19 9.20 9.21 9.22 9.23 9.24 9.25 9.26 9.27 9.28 9.29 9.30 9.31 9.32 9.33 9.34 9.35 9.36 9.37 9.38 9.39 9.40 9.41 9.42 9.43 9.44 9.45 9.46 9.47 9.48 9.49
e*

x 8.50 8.51 8.52 8.53 8.54 8.55 8.56 8.57 8.58 8.59 8.60 8.61 8.6? 8.63 8.64 8.65 8.66 8.67 8.68 8.69 8.70 8.71 8.72 8.73 8.74 8.75 8.76 8.77 8.78 8.79 8.80 8.81 8.82 8.83 8.84 8.85 8.86 8.87 8.88 8.89 8.90 8.91 8.92 8.93 8.94 8.95 8.96 8.97 8.98 8.99 9.00

ex

x 9.50 9.51 9.52 9.53 9.54 9.55 9.56 9.57 9.58 9.59 9.60 9.61 9.62 9.63 9.64 9.65 9.66 9.67 9.68 9.69 9.70 9.71 9.72 9.73 9.74 9.75 9.76 9.77 9.78 9.79 9.80 9.81 9.82 9.83 9.84 9.85 9.86 9.87 9.88 9.89 9.90 9.91 9.92 9.93 9.94 9.95 9.96 9.97 9.98 9.99 10.00

es 13 359.7 13 494.0 13 629.6 13 766.6 13 905.0 14 044.7 14 185.8 14 328.4 14 472.4 14 617.9 14 764.8 14 913.2 15 063.0 15 214.4 IS 367.3 15 521.8 15 677.8 15 535.4 15 994.5 16 155.2 16 317.6 16 481.6 16 647.2 16 8146 16 983.5 17 17 17 17 17 154.2 326.6 500.8 676.6 854.3

2 980.96 3 010.92 3 041.18 3 071.74 3 102.61 3 133.80 3 165.29 3 197.10 3 229.23 3 261.69 3 3 3 3 3 294.47 327.58 361.02 394.80 428.92

4 914.77 4 964.16 5 014.05 5 064.45 5 115.34 5 166.75 5 218.68 5 271.13 5 324.11 5 377.61 5 431.66 5 486.25 5 541.39 5 597.08 5 653.33 5 710.15 5 767,53 5 825.50 5 884.05 5 943.18 6 002.91 6 063.24 6 124.18 6 185.73 6 247.90 6 310.69 6 374.11 6 438.17 6 502.88 6 568.23 6 634.24 6 700.92 6 768.26 6 836.29 6 904.99 6 794.39 7 044.48 7 115.28 7 186.79 7 259.02 7 331.97 7 405.66 7 480.09 7 555.27 7 631.20 7 707.89 7 785.36 7 863.60 7 942.63 8 022.46 8 103.08

8 103.08 8 184.52 8 266.78 8 349.86 8 433.78 8 518.54 8 604.15 8 690.62 8 777.97 8 866.19 8 955.29 9 045.29 9 136.20 9 228.02 9 320.77 9 41444 9 509.06 9 604.62 9 701.15 9 798.65 9 897.13 9 996.60 10 097.i 10 198.5 10 301.0 10 404.6 10 509.1 10 614.8 10 721.4 10 829.2 10 938.0 11 048.0 11 159.0 11 271.1 11 384.4 11 498.8 4 11 614.4 11 731.1 11 849.0 11 968.1 12 088.4 12 209.9 12 332.6 12 456.5 12 581.7 12 708.2 Ii 835.9 12 964.9 13 095.2 13 226.8 13 359.7

3 463.38 3 498.19 3 533.34 3 568.86 3 604.72 3 640.95 3 677.54 3 714.50 3 751.83 3 789.54 3 827.63 3V66.09 3 904.95 3 944.19 3 983.83 4 023.87 4 064.31 4 105.16 4 146.42 4 188.09 4 230.18 4 272-70 4 315.64 4 359.01 4 402.82 4 447.07 4 491.76 4 536.90 4 582.50 4 628.56 4 675.07 4 722.06 4 769.52 4 817.45 4 865.87 4 914.77

I

18 033.7 18 215.0 18 398.0 18 583.0 18 769.7 18 958.4 19 148.9 19 341.3 19 535.7 19 732.1 19 930.4 20 130.7 20 333.0 20 537.3 20 743.7 20 952.2 21 162.8 21 375.5 21 590.3 21 807.3 22 026.5 (Continued)

-

43

SP: 8 - 1970
TABLE 5B EXPONENTIAL FUNCTIONS (ex) - Contd x 10.0 IO.1 10.2 10.3 10.4 10.5 10.6 10.7 10.8 10.9 11.0 Il.1 11.2 11.3 11.4 11.5 11.6 11.7 11.8 11.9 12.0 12.1 12.2 12.3 12.4 12.5 12.6 12.7 12.8 12.9 13.0 13.1 13.2 13.3 13.4 13.5 13.6 13.7 13.8 13.9 14.0 141 14.2 14.3 14.4 14.5 14.6 14.7 14.8 149 15.0 22 026.8 24 343.0 26 903.2 29 732.6 32 859.6 36 315.5 40 134.8 44 355.9 49 020.8 54 176.4 59 874.1 66 171.2 73 130.4 80 821.6 89 322.7 98 715.8 109 098 120 572 133 252 147 267 162 75.5 179 872 198 789 219 696 242 802 268 337 296 559 327 748 362 217 400 312 442413 488 942 540 36.5 597 196. 660 003 729 416 806 130 890 911 984 609 1 088 161 1202 604 1 33.9 083 1468 864 1623 346 1 794 075 1982 759 2 191 288 2 421 748 2 676 445 2 957 929 3 269 017 x 15.0 15-l 15.2 t5.3 15.4 15.5 15.6 15.7 15.8 15-9 16-O 16.1 16.2 16.3 16.4 16.5 16.6 16.7 16.8 16.9 17.0 17.1 17.2 17.3 17.4 17.5 17.6 17.7 17.8 17-9 18.0 18.1 18.2 18.3 18.4 18.5 18.6 18.7 18.8 l&9 19.0 19.1 19.2 19.3 19.4 19.5 19.6 19.7 19-8 19.9 2u-0 lo*.@ 3.269 3.612 3.992 4.512 4.876 02 82 79 71 80 p 6 6 6 6 6 6 6 6 6 6 6 6 7 7 7 7 7 7 7 7 7 7 7 7 7 7 7 7 7 7 7 7 7 7 7 8 8 8 8 8 8 8 8 8 8 8 8 8 8 8 20.0 20.1 20.2 20.3 20.4 20.5 20.6 20.7 20.8 20.9 21.0 21.1 213 21.3 21.4 21.5 21.6 21.7 21.8 21.9 23.0 22.1 22.2 22.3 22.4 22.5 22.6 22.7 22.8 22.9 23.0 23.1 23.2 23.3 23.4 23.5 23.6 23.7 23.8 23.9 24.0 24.1 24.2 24.3 24.4 24.5 24.6 24.7 24.8 24.9 25.0 lo-fi., 4.851 5.361 5.925 6.549 7.237 65 90 82 04 81 p x 25.0 25.1 25.2 25.3 25.4 25.5 25.6 25.7 25.8 25.9 26.0 26.1 26.2 26.3 26.4 26.5 26.6 26.7 26.8 26.9 27.0 27.1 27.2 27.3 27.4 27.5 27.6 27.7 27.8 27.9 28.0 28.1 28.2 28.3 28.4 28.5 28.6 28~7 28.8 28.9 29.0 29.1 29.2 29.3 29.4 29.5 29.6 29.7 29.a 29.9 30.0 lO*.ex 7.20049 7.957 77 8.794 70 9.719 64 1.074 19 1.18716 1.31202 1*45occl 1.602 50 1.771 0 4 1.957 3 0 2.163 15 2.39065 2.64207 2.91994 3.227 04 356643 3.941 51 4.35604 4.814 17 5.32048 5.88004 6.498 45 7.18190 7.937 23 8.77199 9.694 55 1.07141 1.184 10 1.30863 p 10 10 10 10 11 11 11 1 1 11 11 11 11 11 11 11 11 11 11 11 11 1 1 11 11 11 11 11 11 12 12 12

8
8 8 8 8 8 8 8 9 9 9 9 9 9 9 9 9 9 9 9 9 9 9 9 9 9 9 9 9 9 9 10 10 10 10 10 10 10 10 10 10 10 10 10 10 10 10 10 10 10 10

5.389 70 5.956 5 4 6.583 0 0 7.275 33 8.04048 8.886 9.820 1.085 1.199 1.325 11 67 35 50 65

j

7.999 02 8MO 29 9.770 03 1.079 76 1.193 31 1.318 82 1.457 52 1.610 80 1.780 22 1.967 44 2.174 2403 2.655 2.935 3.243 36 04 77 08 76

1.465 07 1.619 16 1.18944 1.977 64 2.185 63 2.415 50 2.669 54 2.95029 3.260 58 3.603 50 3.982 48 4.401 32 4*864,21 5.375'78 5.941 16 6.566 7.256 8.019 8.863 9.795 00 55 73 17 32

3-584 91 3.961 94 4.378 62 4.839 13 5.348 06 5.910 6.523 7.219 7.978 8.817 52 14 13 37 46

l

9.744 80 1.076 97 1.190 23 1.315 41 .1.453 75 1.606 63 1.775 62 1.962 36 2.168 75 2.396 84 2.648 91 2.927 50 3.235 39 3.575 66 3.951 71 4.367 32 4.826 63 5.334 2.5 5.895 26 6.515 27 7.200 49

1446 2 6 1 2 1.598 36 12 1.766 4 6 1 2 1.95224 12 2.15756 1 2 2.384 48 2.635 2 5 2.91240 3.218 70 3.557 2 1 3.931 3 3 4.34480 4.801 7 4 5.306 7 5 5.864 86 6.481 7.163 7.916 8.749 9.669 67 36 74 34 52 12 12 12 12 12 11 1 2 12 12 12 1% 12 12 12 12

1.082 5 5 1.19640 1.322 2 3 1.461 29 1.614 98 1.784 1.972 2.179 2409 2.662 2.942 3.252 3.594 3.972 4.389 82 53 99 26 64 68 16 19 20 96

4.851 6.5 8

lab8 0 5 1 5

44

TABLE 5B EXPONENTIAL FUNCTIONS (e") - co&i
x

lO+.ez

p 40.0 40.1 40.2 40.3 40.4 40.5 40.6 40.7 40.8 40.9 41.0 41.1 41.2 41.3 41.4 41.5 41.6 41.7 41.8 41.9 42.0 42.1 42.2 42.3 42.4 42.5 42.6 42.7 42.8 42.9 43.0 43.1 43.2 43.3 43.4 43 5 43.6 43.7 43.8 43.9 44.0 44.1 44.2 44.3 44.4 44.5 44.6 44.7 44.8 44.9 45.0 2.353 85 17 2,601 41 17 2.875 00 17 3.177 37 17 3.511 54 17 3,880 85 17 4.289 00 17 4.740 08 17 5.238 60 17 5.789 54 17 6.398 44 17 7.071 36 17 7.81507 17 8.636 98 17 9.545 34 17 I.05492 I.16587 I.288 49 I.42400 I.573 76 18 18 18 18 18

I

1o*.er

p

30.0 30.1 30.2 30.3 304 30.5 30.6 30.7 30.8 30.9 31.0 31.1 31.2 31.3 31.4 31.5 31.6 31.7 31.8 31.9 32.0 32.1 0.2 32.3 324 32.5 32.6 32.7 32.8 32.9 33.0 33.1 33.2 33.3 334 33.5 33.6 33.7 33.8 33.9 34.0 34.1 34.2 34.3 34.4 34.5 34.6 34.7 34.8 34.9 35.8

I.068 65 I.181 04 I.305 25 I.442 52 I.59424

13 13 13 13 13

35.0 35.1 35.2 35.3 35.4 35.5 35.6 35.7 35.8 35.9 36.0 36.1 36.2 36.3 364 36.5 36.6 36.7 36.8 36.9 37.0 37.1 37.2 37.3 37.4 37.5 37.6 37.7 37.8 37.9 38.0 38.1 38.2 38.3 38.4 38.5 38.6 38.7 38.8 38.9 39.0 39.1 39.2 39.3 39.4 39.5 39.6 39.7 39.8 39.9 40.0

I.58601 15 I.75282 15 I.937 16 15 2.14089 15 2.36605 1 5 2.61489 15 2.889 90 15 3.193 84 15 3.529 74 15 3900 96 15 4.311 23 15 4.764 65 15 I.5 5.265 75 5.819 55 15 6.43160 15 7.018 02 15 7.855 58 15 8.681 75 15 9.594 82 15 I.06039 16 I.171 I.295 1.431 I.581 I.748 91 17 38 92 29 16 16 16 16 16

45.0 45-l 45.2 45.3 45.4 45.5 45.6 45.7 45.8 45.9 46.0 46.1 46.2 46.3 46.4 46.5 46.6 46.7 46.8 46.9 47.0 47.1 47.2 47.3 47.4 47.5 47.6 47.7 a7.8 47.9

3.49343 19 3.86083 19 4.266 88 19 4.715 63 19 5.211 58 19 5.75969 19 6.365 44 19 7.03490 19 7.774 76 19 8.592 44 19 9.496 12 1.049 48 l-15986 I.218 84 I.416 66 19 20 20 20 20

I.761 90 13 I.94720 13 2.15199 1 3 2.378 32 13 2.628 45 13 2.904 88 13 3.21039 13 3.548 04 13 3.921 18 13 4.333 58 13 4.789 35 13 5.293 05 13 5.849 72 13 6.464 94 13 7.144 86 13 7.869 30 13 8.72676 13 9.644 56 13 `I.065 89 14 I.177 99 1 4 I.301 I.438 l-590 l-757 I.942 88 80 12 35 18 14 14 14 14 14

I.565 64 20 I.730 31 20 I.91228 20 2.113 40 20 2.335 67 20 2.58131 20 2.85279 2 0 3.152 82 20 3.*484 41 z@ 3.850 87 20 4.255 86 20 4.703 46 20 5.198 13 20 5.74482 2 0 6.349 00 20 7.016 74 20 7.754 69 20 8.57026 20 9.471 60 20 I.046 77 21 I.15686 I.278 53 I.413 00 I.561 60 I.725 84 21 21 21 21 21

I.739 28 18 1.92220 18 2.12435 18 2.347 78 18 2.594 69 18 2.867 58 18 3.169 17 18 3.50247 18 3.870 83 18 4.277 93 18 4.727 84 18 5.225 07 18 5.774 60 18 6.381 92 `18 7a53 11 18 7.794 89 18 8.61463 18 9.52070 18 I*05220 1 9 I.16286 19 I.285 16 19 I.420 32 19 I.569 70 .I9 1.734 78 19 I.917 23 19 2.118 87 19 2.34171 19 2.587 99 19 2.860 18 19 3.16098 19 3.493 43 19

I.932 16 16 2.135 37 16 2.35994 16 2.608 14 16 2.882 44 16 3.185 59 16 3.520 62 16 3.890 89 16 4.300 10 16 4.752 3.5 16 5.252 16 16 5.804 53 16 6.41500 16 7.089 67 16 7.835 30 16 8.659 34 16 9.57005 16 I.057 65 17 I.168 90 17 I.291 82 17 I.42768 17 I.57784 17 I.74378 17 I.927 17 17 2.129 85 !.7 2.353 85 17

2.146 44 14 2.372 18 14 2.621 66 14 2.897 38 14 3.202 11 14 3.538 87 14 3.911 06 14 4.322 39 14 4.77698 14 5.279 38 14 5.384 62 14 6448 2.5 14 7.12642 14 7.875 91 14 8.704 23 14 9.619 66 14 1.063 14 15 l-17495 15 I.298 52 15 I.435 08 15 1~58601 15

48-o

48.1 48.2 48.3 48.4 48.5 48.6 48.7 48.8 48.9

49.0 49.1 49.2 49.3 49.4 49.5 49.6 49.7 49.8 49.9 50-o

I.907 35 21 2.107 94 21 2329 64 21 2.57465 21 2.845 43 21 3.144 68 21 3.475 41 21 3.840 92 21 424488 21 4.691 32 21 5.184 71 21

45

_. SP: 8 - 1970
lo (181 TABLE 6 LOGARITHMS OF TRIGONOMETRIC FUNCTIONS L. Sin. 8.241 86 8.249 03 8.256 09 t:z :;: 8.276 61 y;; :; 8.296 21 8.302 55 "8% ;z 8.321 03 8.327 02 8.332 92 4 500 4 560 4 620 4 680 4 740 4 800 4 860 4 920 4 980 5 040 5 100 5 160 5 220 5 280 5 340 5 400 5 460 5 520 5 580 5 640 5 700 5 760 5 820 5 880 5 940 6000 6 060 6120 6 180 6 240 6308 6 360 6 420 6 480 6 540 6 600 6 660 6 720 6 760 6 840 6 900 6 960 7 020 7080 7 140 7 200 8.338 75 t:;;; :: 8.355 78 8.361 31 8,366 8.372 8.377 8.382 8,387 78 17 50 76 96 (3580) 17w

I
3 600 3 660 3 720 "3 ;:: 3900 3 960 4 020 4 080 4140

a.
717 706 695 684 673 663 653 644 634 624 616 608 599 590 583 575 568 560 553 547 539 533 526 520 514 508 502 496 491 485 480 474 470 464 459 455 450 z: 436 433 427 424 419 416 411 408 :z 396 `393 390 386 382 379 376 373 369 367 363

c. s.
5.314 45 5.314 45 5.314 45 5.314 45 5.314 45 5.314 45 5.314 45 5.314 45 5.314 45 5.314 45 5.314 46 5.314 46 5.314 46 5.314 46 5.314 46 5.314 5.314 5.314 5.314 5.314 5.314 5.314 5.314 5.314 5.314 46 46 46 46 46 46 47 47 47 47

- -_
C. T. 5.314 5.314 5.314 5.314 5.314 38 38 38 38 37 L.. Tan. 8.241 92 8.249 10 8.256 16 8.263 12 8.269 96 8*276 8.283 8.289 8.296 8.302 69 32 86 29 63
C.d.

L. cot. -1.758 08 l-750 90 1.743 84 1.736 88 1.730 04 1.723 31 1.716 08 1.710 14 1.703 71 1.697 37 1.691 1.684 1.678 1.672 1.666 12 95 88 89 98

L.

cos.

,

718 706 696 684 673 663 654 643 634 625 617 607 599 591 584 575 568 561 553 546 540 533 527 520 514 509 502 496 491 486 480 475 470 464 460 455 450 446 441 437 432 428 424 420 416 412 408 404 401 397 393 % 383 380 376 373 370 367 363

9.999 93 9.999 93 9.999 93 9.999 93 ?.999 92 9.999 92 9.999 92 9.999 92 9.999 92 9.999 91 9.999 91 9.999 91 9.999 90 9.999 90 9,999 90 9.999 90 9,999 89 9.999 89 9.999 89 9.999 89 9.999 9.999 9.999 9.999 9.999 9.999 9.999 9.999 9.999 9.999 9.999 9.999 9.999 9.999 9.999 9.999 9.999 9.999 9.999 9.999 88 88 88 87 87 87 86 86 86 85 85 85 84 84 84 83 83 83 82 82 20 :; :;I :: :: 11 10 9 ; 6 30 29 i?`; 26 40 39 :; 36 55 54 ::. 51 50 49 48 z

5.314 37 5.314 37 5,314 37 5.314 37 5.314 37 5.314 37 5.314 36 5.314 36 5.314 36 5,314 36 5.314 36 5.314 35 5.314 35 5.314 35 5.314 35 5.314 35 5.314 34 5.314 34 5.314 34 5.314 34 5.314 34 5.314 33 5.314 33 5.314 33 5.314 33 5.314 33 5.314 32 5.314 32 5.314 32 5.314 32 5.314 31 5.314 31 5.314 31 5.314 31 5.314 31 5.314 5.314 5.314 5.314 5.314 5.314 5.314 5.314 5.314 5.314 30 30 30 30 29 29 29 28 28 28

8.308 88 8.315 05 8.321 12 8.327 11 8,333 02 8.338 86 8.344 61 8.350 29 8.355 90 8.361 43 8.366 8.372 8.377 8.382 8.388 89 29 62 89 09

1.661 14 1.655 39 1.649 71 1.644 10 1.638 57 1.633 11 1.627 71 1.622 38 1.617 11 1.611 91 1.606 77 1.601 68 1.596 66 1591 70 1.586 79 1.581 93 1.577 13 1.572 38 1.567 68 1,563 04 1.558 44 1.553 89 1.549 39 1.544 93 1.540 52 1.536 15 1.531 83 1.527 55 1.523 31 1.519 11 1.514 95 1.510 83 1.506 75 1502 71 1.498 70 1.494 73 1.490 80 1.486 90 1.483 04 1.479 21 1.475 41 1.471 65 1.467 92 1.464 22 1.460 55 1.456 92 L. Tan.

8.393 10 8.398 18 8.403 20 8408 16 8.413 07 8.417 8.422 8.427 8.432 8.456 8.441 8445 8.450 8.454 8.459 92 72 46 16 80 39 94 44 89 30

5.314 47 5.314 47 5.314 47 5.314 47 5,314 47 5.314 5.314 5.314 5.314 5.314 47 48 48 48 48

8.393 23 8.398 32 8.403 34 8.408 30 8.413 21 8.418 8.422 8.427 8.432 8.436 07 87 62 32 96

5.314 48 5-314 48 5.314 48 5.314 48 5.314 49 5.314 5.314 5.314 5.314 5.314 5.314 s-314 5.314 5.314 5.314 49 49 49 49 49 49 49 50 50 50

8.441 56 8.446 11 8.450 61 8.455 07 8.459 48 8.463 8.468 8.472 8.476 8.480 8.485 8.489 8.493 8.497 8.501 85 17 45 69 89 05 17 25 29 30

8.463 66 8.467 99 8.472 26 8.476 50 8.480 69 8.484 85 8.488 96 8.493 04 8.497 08 8.501 08 8.505 04 8.508 97 8.512 87 8.516 73 8.520 55 8.524 34 8.528 10 8.531 83 8.535 52 8.539 19 8.542 82 L. cos.

9.999 82 9.999 81 9.999 81 9-999 81 9-999 80 9.999 80 9.999 79 9.999 79 9.999 79 9.999 78 9.999 9.999 9-999 9.999 9.999 78 77 77 77 76

5.314 50 5.314 50 s-314 50 5.314 50 5.314 50 5.314 51 5.314 51 5.314 51 5.314 51 5.314 51 5.314 51

5.314 28 5.314 27 5.314 27 5.314 27 5.314 27 5.314 26 5.314 26 5.314 26 5.314 25 5.314 25

8.505 27 8509 20 8.513 10 8.516 96 8.520 79 8.524 8.528 8.532 8.535 8,539 59 35 08 78 45

9.939 76 9.999 75 9-999 75 9.999 74 9.999 74 9.999 74 L. Sin. (26
I

- _
d.

- _
-2

5.314 25

8.543 08 L. cot.

- _
c.d.

91' (271')

88"

WOTE - For obtaining the actual logarithmic values, 10 should be deducted from the values in the table.

(Continued)

46

SP: 8 - 1970
TABLE 6 LOGARITHMS OF TRIGONOMETRIC FUNCTIONS - Cot& z" (182") " 7200 :: %X 7 380 7440
I

(357") 177O L. Sin. 8.542 82 8.546 42 8.549 99 &.553 54 8.557 0.5 8.560 8.564 8.567 8.570 8.574 54 00 43 84 21 d. 360 357 355 351 349 346 343 341 337 336 332 330 328 325 323 320 318 316 313 311 309 307 305 302 301 298 296 294 293 290 288 287 284 283 281 279 277 276 274 272 270 269 267 266 263 263 260 259 258 256 254 253 252 230 249 247 246 ;4': 242 a. C.S. 5.314 51 5.314 51 5.314 52 5.314 52 5.314 52 55:::f :s 5.314 52 ::::t z: ::::t :; :::;t :i: 5.314 54 5.314 54 ::::: :t 5.314 54 5.314 54 5.314 55 5.314 55 5.3'14 55 5.314 5.5 5.314 55 5.314 55 5.314 56 5.314 56 5.314 56 5.314 56 5.314 56 5.314 56 5.314 57 5.314 57 5.314 57 5.314 57 5.314 57 5.314 58 5.314 58 s-314 58 :::::: :: ::::: ::: 5.314 59 ::::: :; 5.314 60 5.314 60 5.314 60 5.314 60 5.314 60 5.314 61 5.314 61 5.314 61 ::::t t: ;:`;t f; 5&4 62 5.314 62 C.T. 5.314 2s 5.314 25 5.3 14 24 5.314 24 5.314 24 z:::t ;: 5.314 23 5.314 22 5.314 22 5.314 22 5.314 21 5.314 21 5.314 21 5.314 21 5.314 20 5.314 20 5.314 20 5.314 19 5.314 19 5.314 18 5.314 18 5314 18 5.314 17 5.314 17 5.314 17 5.314 16 5.314 16 5.314 16 5.314 15 5.314 15 5.314 15 5.314 14 5.314 14 5.314 13 5.314 13 5.314 13 5.314 12 5.314 12 5.314 12 5.314 11 5.314 11 5.314 10 5.314 10 5.314 10 ::::4 :; 5.314 08 5.314 08 5.314 08 L. Tan. 8.543 08 8.546 69 Qa.550 27 8.1 c3 82 8.557 34 8.560 83 8.564 29 8.567 73 8.571 14 8.574 52 8.577 88 8.581 21 8.584 51 8.587 79 8.591 05 8.594 28 8.597 49 8.600 68 8.603 84 8.606 98 8.610 09 8.613 19 8.616 26 8.619 31 8.622 34 8.625 35 8.628 34 8.631 31 8.634 26 8.637 18 8.640 8.642 8.645 8.648 8.651 09 98 85 70 54
Cd.

L. cot. I.456 92 1.453 3i :z: :: I:442 66 I.439 I.435 I.432 I.428 I.425 17 71 27 86 48

L. co.% 9.999 9.999 9.999 9.999 9.999 74 73 73 72 72

, .--

361 3.58 35.5 352 349 346 zz 338 336 333 330 328 326 323 321 319 316 314 311 310 307 305 303 301 299 297 295 292 291 289 287 285 284 281 280 278 276 274 273 271 269 268 266 264 263 261 260 258 2.57 255 254 252 251 249 248 246 245 244 243 c.d.

!t :; 56

9.999 71 9.999 71 %`Z 3; 9:999 69 9.999 69 9.999 68 9.999 68 ;39"9' 6"; 9.999 67 9.999 66 9.999 66 9.999 65 9.999 64 9.999 9.999 9.999 9.999 9.999 64 63 63 62 62 50 49 4'; 46 45 z 42 41

7800 7 860 77;:: 8040 8100 8 160 : xi: 8 340 8400 8 460 8 520 8 580 8 640 t::: 8 820 8 880 8 940 9 000 9 060 9120 9 180 9 240 9 9 9 9 9 9 9 9 9 9 300 360 420 480 540 600 660 720 780 840

10 :: :;:

8.577 57 8.580 89 8.584 19 8.587 47 8.590 72 8.593 95 8.597 15 8.600 33 8.603 49 8.606 62 8.609 73 8.612 82 8.615 89 8.618 94 8.621 96

I.422 12 I.418 79 I.415 49 I.412 21 1408 95 I.405 72 I.402 51 I.399 32 I.396 16 I.393 02 I.389 91 I.386 81 I.383 74 I.380 69 I.377 66 1.374 6.5 I.371 66 1.368 69 I.365 74 I.362 82 I.359 91 I.357 02 1.354 15 1.351 30 I.348 46 I.345 I.342 I.340 I.337 I.334 65 85 07 31 57

2.5 26 ;; 29 30 3': ;:

8.624 97 8.627 95 8.630 91 8.633 85 8.636 78 8.639 68 8,642 56 8.645 43 8.648 27 8.651 10 8.653 8.656 8.659 8.662 8.664 91 70 47 23 97

9.999 61 9.999 61 9.999 60 9.999 60 9.999 59 9.999 9-999 9.999 9.999 9.999 59 58 58 57 56 30 f: 27 26

8.654 35 8.657 15 8.659 93 z: 4: 8.668 16 8.670 87 8.673 56 8.676 24 8.678 90 8.681 54 8.684 17 "s:% z 8.691 96 8.694 53 8.697 08 8.699 62 8.702 14 8.704 65 8.707 14 8.709 62 8.712 08 8,714 53 8.716 97 8.719 40 L. cot.

9.999 56 9.999 55 9.999 5.5 9.999 54 9.999 54 9.999 53 9.999 52 9.999 52 9.999 51 9.999 51 9.999 9.999 9.999 9.999 9.999 50 49 49 48 48 20 19 :; 16 :: 13 :x 10 ; 7 6

40 41 42 2 45 46 47 48 49 50 :: z:

8.667 69 S.670 39 8.673 08 8.675 75 8.678 41 8.681 04 8.683 67 8.686 27 t:z c 8.694 00 8.696 54 8.699 07 8.701 59 8.704 09 8.706 58 8.709 0.5 8.711 51 8.713 95 8,716 38

I.331 84 I.329 13 I.326 44 1.323 76 1.321 IO ::::Z I.313 I.310 I.308 I.305 I.302 1.300 I.297 I.295 t: 22 62 04 47 92 38 86 35

9900 9 960 10 020 10 080 10 140 10 200 10 260 10 320 10 380 10440 10 500 10 560 10 620 10 680 10 740 10 800

:`;;d 8; ::::: 8;
5.314 05 5.314 05 5.314 04 5.314 04 5.314 03 5.314 03

5.314.07

9999 47 9.999 46 9.999 46 9.999 45 9.999 44 9.999 44 9.999 43 9.999 42 9,999 42 9.999 41 9.999 40 L. Sin.

I.292 86 1.290 38 I.287 92 I.285 47 I.283 03 I.280 60 -~ L. Tan.

60
I -

8.718 80

L.
".

cos.

92" (272")

47

(Coafiwued)

SP: 8 - 1970
TABLE 6 LOGARITHMS OF TRIGONOMETRIC FUNCTIONS - Confd

17
L. Sin. 8.718 80 f::;: :: 8,725 97 8.728 34 ::;z E 8.735 35 8.737 67 8.739 97 d. 240 239 238 237 235 234 232 232 230 229 228 226 226 224 223 222 220 220 219 217 216 216 214 213 t:::: z; 8.779 43 8.781 52 8.783 60 8.785 68 8.787 74 8.789 79 8.791 83 8.793 86 8.795 88 8.797 89 8.799 90 ;:88:: tB' 8.805 85 t:g % 8,811 73 8.813 67 212 211 210 209 208 208 206 205 E 202 201 201 199 199 197 197 196 195 194 193 192 192 190 190 189 188 187 187 186 185 184 183 183 181 8.843 58 181 d. L. Tan. 88% E 8.724 20 8.726 59 8.728 96 8.731 32 8.733 66 8.736 00 8,738 32 8.740 63 8.742 92 8.745 21 8.747 48 8.749 74 8.751 99 8.754 23 8.756 45 2% 861 8.763 06 8.765 8.767 8.769 8.771 8.773 25 42 58 73 87 c.d. 241 239 239 237 `236 234 234 232 231 229 229 227 226 225 224 222 222 220 219 219 217 216 215 214 213 211 211 210 209 208 206 206 205 204 203 202 201 201 199 198 198 196 196 195 194 193 192 192 190 190 189 188 188 186 186 185 184 184 182 182 L. Cot. 1.280 60 1.278 19 1.275 80 1.273 41 1.271 04 1.268 68 1.266 34 1.264 00 1.261 68 1.259 37 I.257 08 1.254 79 1.252 52 1.250 26 1.248 01 1.245 77 1.243 55 1.241 33 1.239 13 1.236 94 1.234 75 1.232 58 1.230 42 1.228 27 1.226 13 1 a224 00 1.221 89 1.219 78 1.217 68 1.215 59 1.213 51 1.211 45 1.209 39 1.207 34 1.205 30 1.203 27 1.201 25 1.199 24 1.197 23 1.195 24 1.193 26 1.191 28 1.189 32 1.187 36 1.185 41 1,183 47 1.181 54 1.179 62 1.177 70 1.175 80 1.173 90 1.172 01 1.170 13 1.168 25 1.166 39 1.164 53 1.162 68 1.160 84 1.159 00 1.157 18 l-155 36 L. Tan. 9.999 9.999 9.999 9.999 9.999 9.999 9.999 9.999 9.999 9.999

(356") 176' L. cos. 40 40 39 38 38 37 36 36 35 34 ; : 4 : 7 8 9 241 4.0 1;.: 16.1 t:.: . 28.1 32.1 36.2 232 3.9 11.; 15.5 239 4.0 A.8 15.9 23.9 19.9 279 31.9 35.8 229 3~8 1::: 15.3 P.P. 237 4.0 I:*5 15.8 23.7 19.8 27.6 3P.6 35.6 227 3.8 1:.; 15.1 235 11.8 ;:`8 15.7 23.5 19.6 27,4 31.3 35.2 225 3,8 1:.: 15.0 234 11.7 ;:; 15.6 19.5 23.4 27.3 31.2 35.1 223 3.7 1;:; 14.9

9.999 34 9.999 33 9,999 32 9.999 32 9.999 31 9.999 30 9.999 29 9.999 29 EZ ;; 9.999 9.999 9.999 9.999 9.999 26 26 25 24 23

8.753 53 8.755 75 ::;z ;: 8.762 34

19.3 19.1 18.9 23.2 22.9 22.7 27.1 26.7 26.5 30.9 30.5 30.3 34.8 34.4 34.0 222 3.7 220 3.7 217 3.6

18.8 18.6 22.5 22.3 26.2 26.0 30.0 29.7 33.8 33.4 215 213 3.6 3.6

1::; 1::; lg.; 1i.z *;.; 14.8 14.7 14.5 14.3 14.2 18.5 18.3 18.1 17.9 22.2 22.0 21.7 21.5 25.9 25.7 25.3 25.1 29.6 29.3 28.9 28.7 33.3 33.0 32.6 32.2 211 208 3.5 206 3.4 203 3.4 17.8 21.3 24.8 28.4 32.0 201 3.4

8.776 00 8.778 11 8.780 22 8.782 32 8.784 41 8.786 49 8.788 55 8.790 61 8.792 66 8.794 70 8,796 73 8.798 75 8.800 76 8.802 77 8.804 76 8.806 74 8.808 72 8.810 68 ::::z :z 8.816 53 8.818 46 8.820 38 8.822 30 8.824 20 8.826 10 8.827 99 8.829 87 8.831 75 8.833 61

9.999 23 9.999 22 9.999 21 9.999 20 9.999 20 9.999 19 9.999 18 9.999 17 9.999 17 9.999 16 9.999 15 9.999 14 9.999 13 9.999 13 9.999 12 9.999 11 9.999 IO 9.999 09 9.999 09 9.999 08 9.999 9.999 9,999 9.999 9.999 07 06 05 04 04

;:; . . . . 10.6 18.5 18,; I:.; l:.; 14.1 13.9 13.7 13.5 13.4

17.6 17.3 17.2 16.9 16.8 21.1 20.8 20.6 20.3 20.1 24.6 24.3 24.0 23.7 23.4 28.1 27.7 27.5 27.1 26.8 31.6 31.2 30.9 30.4 30.2 199 197 195 193 192 3.3 3.2 3.2 3.2 ::"6 6.6 6.5 6-4 6.4 10.0 9.8 9.8 9.6 9.6 13.3 13.1 13.0 12.9 128 16.6 16.4 16.2 16.1 16.0 19.9 19.7 19.5 19.3 19.2 23.2 23.0 22.8 22.5 22.4 26.5 26.3 26.0 25.7 25.6 29.8 29.6 29.2 29.0 28.8 189 ::3" : 12.6 9.4 187 6.2 3.1 l;.: . 185 6.2 3.1 12.3 9.2 183 3.0 181 3.0

9.999 03 9.999 02 9.999 01 9.999 00 9.998 99 9.998 98 9.998 98 9.998 97 9.998 96 9.998 95

:,

7

8.844 64 L. cot.

t 10

15.8 15.6 15.4 15.2 15.1 18.9 18.7 18.5 18.3 18.1 22.0 21.8 21.6 21.4 21.1 25.2 24.9 24.7 24.4 24-l 28.4 28.0 27.8 27.4 21.2 31.5 31.2 30.8 30.5 30.2 P.P.

-

L. cos.

93'= (273")

48

(Continued)

SP: 8 - 1970
TABLE 6 LOGARITHMS OF TRIGONOMETRIC FUNCTIONS 1355") 175' , cd. a. I.. Tan. L. Cot. L. co.% _- ._.-- .-- -_ 8.844 64 1.155 36 9.998 94 60 x 182 182 181 8.846 46 1.153 54 9.998 93 : 6.1 3.0 180 179 8.848 26 1.151 74 9.998 92 :: 180 179 8.850 06 1.149 94 9.998 91 3 9.1 178 179 8.851 85 1.148 15 9.998 91 4 12.1 :z 178 177 9.998 90 8.853 63 I.146 37 5 15.2 177 177 9.998 89 8.855 40 I.144 60 :: 6 18.2 177 176 1.142 83 S.857 17 9.998 88 7 21.2 176 175 9.998 87 8.858 93 I.141 07 8 243 5"; 176 175 8.860 69 1.139 31 9.998 86 9 27.3 51 174 173 8.862 43 9.998 85 50 176 1.137 57 174 173 9.998 s4 49 2.9 8.864 17 1.135 63 174 173 999s 83 1.134 09 8.865 91 172 171 ;:; 9.948 82 :f 8.867 63 1.132 37 172 171 11.7 Y.998 81 46 8.869 35 1.130 65 171 171 9`998 80 14.7 1.128 94 8.871 06 171 169 17.6 9.998 79 :: 1.125 23 8.872 77 170 169 9.998 79 20.5 1.125 53 43 8.874 47 169 169 9.998 78 23.5 I.123 84 8.876 16 169 167 :: 26.4 1.122 15 9.998 77 SW7 85 168 168 40 171 9+98 76 1.12047 8.879 53 167 166 9.YYS 75 2.8 1.118 so 8.881 20 167 166 9.998 74 :; ;:`6 I.117 13 8.882 si 166 165 I.115 47 9.998 73 37 8.884 53 165 164 9.998 72 11.4 I.113 82 36 8.886 18 165 164 14.2 9.998 71 I.112 17 8.887 83 16.5 163 17.1 9.998 70 I.110 52 8.889 48 163 163 20.0 9.998 69 8.891 11 1.108 89 163 162 9.998 68 22.8 I.107 26 8.892 74 163 162 25.6 9.998 67 1.105 63 8.894 37 161 160 166 9.998 66 1.104 02 8.895 98 162 161 2.8 9.998 65 I.102 40 8.897 60 160 159 5.5 9.998 64 I.100 80 8.899 20 160 159 8.3 1.099 20 9.998 63 8.900 SO 160 159 11.1 I.097 60 9.998 62 8.902 40 159 158 13.8 9.998 61 1.096 01 S.YO3 99 158 157 16.6 1.094 43 9.998 60 8.905 57 158 157 19.4 9.994 59 I.092 85 8.907 15 157 156 9.998 58 22.1 1.091 28 8.908 72 157 155 24.Y 9.998 57 1.089 71 8.910 29 156 155 161 9.9% 56 1.088 15 8.911 85 155 155 2.7 9.`mi 55 I.086 60 8.913 40 155 154 ;:; 9.998 54 I.085 05 8.914 95 155 153 W9S 53 1.083 50 8.916 50 153 153 10.7 9.998 52 1.08' 97 8.918 03 154 152 13.4 9.998 51 15 1 *OS0 43 8.919 57 153 152 16.1 14 9.948 50 1.07S 90 8.921 10 152 151 18.8 13 9.998 48 1.077 38 8.922 62 152 151 21.5 12 I.075 86 9.998 47 8.924 14 151 150 24.2 11 9.998 46 1.074 35 8.925 65 1.51 150 156 9.998 45 1.072 84 8.927 16 150 149 2.6 9.998 44 I.071 34 8.928 66 150 149 9.998 43 1.069 84 8.930 16 14') 14s ;:8" 9.998 42 1.068 35 8.931 65 148 147 10.4 9.998 41 1.066 87 8.933 13 149 147 13.0 9.998 40 1.065 38 8.934 62 147 147 15.6 9.99S 39 1.063 91 8.936 09 147 146 IS,2 9.998 38 I.062 44 8.937 56 147 146 208 9.998 37 1.060 97 8.939 03 146 145 23.4 9.998 36 1.059 51 8.940 49 146 26.0 145 0 9.998 34 1.058 05 8.941 95 I I,. Sin. L. Tan. L. cot. CA. d. (265') 85" - Conid

P. 1'.

I_. Sin. 8.843 58 8.845 39 8.847 IS 8.848 97 8.850 75 8.852 52 8.854 29 8.856 05 8.857 SO 8.859 55 8.861 28 8.863 01 8.864 74 8.866 45 8.868 16 8.869 87 8.871 56 8.873 25 8.874 94 8.876 61 8.878 29 8.879 95 8.881 61 8.883 26 8.884 90 8.886 54 8.888 17 8.889 so 8.891 42 8.893 04 8.894 64 8.896 25 8.897 84 8.899 43 8.901 02 35 :; 3": 40 f :. 43 44 4.5 :; 4s 49 50 8.902 60 8.904 17 8.905 74 8.907 30 8.908 85 8.910 40 8.911 95 s.913 49 8.915 02 8.916 55 8.918 07 8.919 59 8.921 10 8.922 61 8.924 11 8.325 61 8.927 10 8.928 59 8.930 07 8.931 54 8.933 01 8.934 48 8.935 94 8.937 40 8.938 85 8.940 30 L. cos. 94" (274")

181 6.0 3.0 9.0 12.1 15.1 18.1 21.1 24.1 27.2 175 2.9 8.8 5.8 Il.7 14.6 17.5 20.4 23.3 26.2 I70 2.8 5.7 8.5 11.3 14.1 17.0 19.8 22.7 25.5 165 2.8 5.5 8.2 11.0 13.8 16.5 19.2 22.0 24.8 160 2.7 8.0 5.3 10.7 13.3 16.0 18.7 21.3 24.0 153 2.6 5.2 . li.3" 12.9 15.5 18.1 20.7 23.2 25.8

179 ;:; 9.0 11.9 14.9 17.9 20.9 23.9 26.8 174 2.9 5.8 . 17.2 14.5 17.4 20.3 23.2 26.1 169 2.8 8.4 5.6 11.3 14.1 16.9 19.7 22.5 25.4 164 2.7 5.5 8.2 1O.Y 13.7 16.4 19.1 21.9 24.6 159 2.6 8.0 5.3 10.6 13.2 15.9 1S.6 21.2 23.8 154 2.6 5.1 . 1;.: 1?.8 12.4 18.0 20.5 23.1 25.7 P.P.

178 2:: 8.9 11.9 14.8 17.8 20.8 23.7 26.7 173 2.9 5.8 . lf.2 14.4 17.3 20.2 23.1 26.0 168 2.8 8.4 5.6 11.2 14.0 16.8 19.6 22.4 25.2 163 2.7 5.4 8.2 10.9 13.6 16.3 19.0 21.7 24.4 158 2.6 7.9 5.3 10.5 13.2 15.8 18.4 21.1 23.7 153 2.6 ;:; 10.2 12.8 15.3 17.8 20.4 23.0 25.5

177 ::t 8.8 Il.8 14.8 17.7 20.6 23.6 26.6 172 2.9 5.7 . 1z 14.3 17.2 i&i 22-Y 25.8 167 2.P 8.4 5.6 11.1 13.9 16.7 19.5 22.3 25.0 162 2.7 5.4 8.1 10.8 13.5 16.2 IS.3 21.6 24.3 157 2.6 7.8 5.2 10.5 jj.1 15.7 IS.3 20.9 23.6 152 2.5 ;:; 10.1 12.7 15.2 17.7 203 22.8 25.3

Ii 24

5" :. 53
$8
60 --. 59

54

:i
57

SP: 8 - 1970

",
TABLE 5 LOGARITHMS OF TRIGONOMETRIC FUNCTIONS - Confd (3540) 174" d. L. ibn. 8.941 9.5 8.943 40 8.944 85 8940 63 8.947 73 8.949 17 8.950 60 I% z 8:954 86 8.956 27 8.957 67 8.959 08 ::;z :; 8.963 25 8.964 64 8.966 02 8.967 39 8.96817 8.970 13 8.971 50 8.972 85 8.974 21 8.975 56 c.d. 145 145 `r'l: 144 143 142 142 142 141 140 141 139 140 ?38 139 138 137 138 136 137 135 136 135 135 134 134 133 133 133 132 132 131 131 131 ::: 130 129 128 129 ::; 128 127 126 126 ::z 125 125 124 124 124 173 123 123 122 122 122 c.d. 1.029 87 I.028 50 I.027 1.5 I.025 79 I.024 44 !t 38 37 36 :: :: 31 I.016 42 ::Oo:: :: I.012 47 I.011 16 I*009 8.5 1.008 55 1.007 25 I*005 95 I+)04 66 1.003 38 :%zkz 0.999 54 0998 26 0996 99 0.995 73 0994 47 0.993 21 0.991 95 0.990 70 0.989 45 0.988 21 0.986 97 0.985 73 X:% :; 0.982 04 0980 82 0.979 60 0978 38 L. Tan. 9.998 00 9.997 98 9.997 97 ;:z: ;: 9.997 93 9.997 92 9.997 91 x:`9:: kz ;:x;3 9.997 9.997 9.997 :: 85 83 82 z: 2: 21 20 :: :;i :: :: 11 l(i ; i t f ? 2, 1 c I : 3 4 1.050 83 :::; ;: 1.046 56 1.045 14 1.043 73 I*042 33 ::% f: 1.038 13 L. cot. L. CO% 9*998 34 9.998 33 9.998 32 9.998 31 9.998 30 x';;; 3; 9.998 27 9.998 25 9.998 24

5O (185") L. Sin. 8.940 30 8.941 74 fz:: :: 81946 03 8.947 46 8.948 87 8.950 29 8.951 70 8.953 10 8.954 50 8.955 89 8.957 28 8.958 67 8.960 05 8.961 8.962 8.964 8.965 8.966 20 21 22 23 24 43 80 17 53 89

, ill

P.P. e 151 2.5 ;:; 10.1 149 2.5 ::s 9.9 148 2.5 4.9 7.4 9.9 147 2.4 4.9 7.4 9.8 146 24 4.9 7.3 9.7

144 142 143 141 :t; ,l40 140 139 139 139 138 138 137 137 136 136 136 135 135 134 134 133 ::3" 132 132 131 131 131 130 130 129 129 ::: 128 128 127 127 126 126 126 125 125 124 125 123 124 123 123 122 122 122 121 121 121 120

:z

i8 i7 i6

i9

i.5 i4 ;3 ;2 il

12.6 12.4 12.3 12.2 12.2 15.1 14.9 14.8 14.7 14.6 17.6 17.4 17.3 17.2 17.0 20.1 19.9 19.7 19.6 19.5 22.6 22.4 22.2 22.0 21.9 145 ::`s 7.2 9.7 144 143 142 141 if 4.8 :; . i:`: 2.4 7.2 7,2 7.1 7.0 9.6 9.5 9.5 94

12.1 12.0 11.9 11.8 11.8 14.5 14.4 14.3 14.2 14.1 16.9 16.8 16.7 16.6 16.4 19.3 19.2 19.1 18.9 18.8 21.8 21.6 21.4 21.3 21.2 140 ;:; 3.: 11.7 14.0 16.3 18.7 21.0 135 f:: 8:: 11.2 13.5 15.8 18.0 20.2
I

8.968 25 8.969 60 8.970 95 8.972 29 8.973 63 8,974 96 8.976 29 8.977 62 8.978 94 8.980 26 8.981 57 8.982 88 8.984 19 8.985 49 8.986 79

139 4:; ;:; 11.6 53.9 l&2 IS.`5 20.8 134 ;:g 6.7 8.9 11.2 13.4 15.6 17.9 2@1 4,3

138 f2 "9.;

137 2::

136 4.5 2.3

.

9":;
11.4 13.7 16.0 18.3 20.6 132 2.2

9"d
11.3 13.6 15.9 18.1 20.4 131 2%

8,983 8.984 8.986 8.987 8.988

58 90 22 53 84

11.5 13.8 16.1 18.4 20.7 `.

is3
6.6 8.9

4.4` 2.1

35 :; 38 39 40 t: 43 44 45 46 $7 ::

8.988 08 8.989 37 8,990 66 8.991 94 8.993 22 II:;;: 8.997 8.998 8.999 :: 04 30 56

8.990 15 8.991 45 8.992 75 8.994 05 8.995 34 8s:;;; 8: 8.999 19 9.00 46 9+JOl74 9.003 01 9.004 27 9+Kl5 53 9w6 79 9.008 OS 9*009 30 9.010 55 ;.g;; 7$ 9.014 27 ;:::z 9.017 9.019 9.020 :t 96 18 40

11.1 13.3 15.5 17.7 20.0 128 :::

II.0 13.2 15.4 17.6 19.8 127 ;:; 6.4 8.5 10.6 12.7 14.8 16.9 19.0 122 4.1 2.0 6.1 8.1

109 19.1 15.3 17.5 19.6 126 3:; 6.3 8.4 10.5 12.6 14.7 16.8 18.9 121 2.0 4.0 6.0 8.1

I

4.3

;:::
IO.8 13.0 15.2 17.3 19.5 125 4.2 2.1 6.2 8.3

;:;:
IO.8 12.9 15.0 17.2 19.4 124 2.1 4.1 6.2 8.3

t:
10.7 12.8 14.9 17.1 19.2 123 f:Y 6-2 8.2

'

9+00 82 9.002 07 9.003 32 9.004 56 9.005 81 9.007 04 9.008 28 9+09 51 9.010 74 9.011 96 9.013 18 9.014 40 9.015 61 9.016 82 9;018 03 9.019 23

9.997 81 9.997 80 9.997 78 9.997 77 9.997 76 9.997 75 9.997 73 9.997 72 9.997 71 9.997 69 9.997 68 9.997 67 9.997 65 9.997 64 9.997 63 9.997 61 L. Sin.

2 7
t 10

9.021 62

10.4 10.3 10.2 10,2 IO.1 12.5 12.4 12.3 12.2 12.1 14.6 14.5 14.4 14.2 14.1 16.7 16.5 16.4 16.3 16.1 18.8 18.6 18.4 18.3 18.2 20.8 20.7 20.5 20.3 20.2

L. cos.
95" (275")

d.

L. Cot..'

P.P.

-

(264O) 8 4"

SP: 8 - 1',70
-_ 6' (186") TABLE 6 LOGARITHMS OF TRIGONOMETRIC FUNCTIONS -- Cowid (353") 173O

,

-(I.

-C d .

L .Sin . *

L. Tan.

J..

cot.

99:0018 :z 9.021 63

cos. ___.._L. 9.997 61 9.997 60 9.997 59 9.997 57 9.997 56 9.997 55 9.997 53 zz :T 9.997 49 9.997 48 9.997 47 9.997 45 9.997 44 9.997 42 9,997 41 z: f: 9.997 37 9.997 36 ;:z:: :: 9.997 31 9.997 30 9.997 28 9.997 27 9.997 26 9.997 24 3.997 23 9.997 21 9.997 20 9.997 18 9.997 17 9.997 16 9.997 14 9.997 13 9.997 11 9.997 10 9.997 08 9.997 07 9.997 05 9.997 04 9.997 02 9.997 01 9.996 99 9.996 98 9.996 96 ;`::z ;: 9:296 92 9.996 90 9.996 89 9.996 87 9.996 86 9.996 84 9.996 83 9.996 81 9,996 80 9.996 78 9.996 77 9.996 75 ._._ L. Sin.

, -60 59 z; 56 :: 53 ::

I'. I'. 121 4':; 6.0 8.1 IO.1 :::: 16.1 18.2 20.2 40.3 605 80.7 100.8 120 2.0 ;:o" 8.0 10.0 12.0 14.0 16.0 18.0 20.0 40.0 60.0 800 100.0 116 I.9 3.9 ;:; 9.7 11.6 13.5 15.5 17.4 19.3 38.7 58.0 77.3 96.7 112 1.9 3.7 5.6 7.5 9.3 11.2 13.1 149 16.5 15.7 37.3 56.0 i4.7 93.3 108 ::; 5.4 7.2 9.0 10.8 12.6 14.4 16.2 ?8.0 ?i.O 56.0 72.0 90.0 119 2.0 4.0 6.0 7.9 9.9 11.9 13.9 15.9 17.8 19.8 39,7 59.5 79.3 99.2 115 ::8' ;:; 1T.S 13.4 15.3 17.2 19.2 38.3 55.5 76.7 95.8 111 I.8 3.7 5.6 7.4 I7.T 13.0 14.8 16.6 18.5 37.0 55.5 74.0 92.5 107 ::"6 5.4 7.1 1i.3 12.5 14.3 16.0 17.5 35.7 53.5 71.3 89.2 118 2.0 3.9 5.9 7.9 17.: 13.8 15.7 17.7 19.7 39.3 59.0 78.7 98.3 114 1.:' 3.8 ;:; 17.: 13.3 15.2 17.1 ! 9.0 38.0 57.0 76.0 95.0 110 1.S 3.7 5.5 7.3 9.2 11.0 12.8 1+.7 16.5 1X.3 36.7 ;::; 91.7 106 !.8 3-j 5.5 7.1 8.8 10.6 12.4 14.1 15.9 17.7 35.9 53.9 70.7 88.3

::i ::t

9.022 83 9.024 02 9.025 20 9,026 39 9.027 57 9.028 74 9.029 92 9.031 09 9.032 26 9.033 42 9.034 58 9.035 74 9.036 90 9.038 05 9.039 20 9.040 34 9.041 49 9.042 62 9.043 76 3a44 90 9.046 03 9.047 15 9.048 28 9.049 40 9.050 52 9.051 64 9.052 75 9.053 86 9.054 97 9,056 07 9.057 17 9,058 27

`9.024 9%:: 04 2
9,025 25 9.026 45 9.027 66 9.028 8.5 9.030 05 9.03 1'24 9.032 42 9.033 61 9.034 79 9.035 97 9.037 14 9.038 32 9.039 48 9.040 6.5 9.041 81 9.042 97 9.044 13 9.045 28 9.046 43 Z'!z :: 9&9 57 9.051 01 9.052 14 9.053 28 9.054 41 9.055 53 9.056 66 9.057 78 9.058 90 9.060 02 9.061 13 9.062 24 9.063 35 9.064 45 9.065 56 9.066 66 9.067 75 9.068 85 9.069 94 y; fg 9.073 20 9.074 28 9.075 36 9.076 43 9.077 51 9.078 58 9.079 64 9.080 71 9.081 77 9.082 83 9.083 89 9.084 95 9.086 00 9,087 OS 9.088 10 9.089 14 -___ L. cot.

121 121 121 120 121 119 120 119 118 119 118 118 117 118 116 117 116 116 116 115 115' 115 115 114 114 113 114 113 112 113 112 112 112 111 111 111 110 111 110 109 110 :kz 108 109 108 108 107 108 107 106 107 106 106 106 106 105 105 105 104 c.d.

118 119 118 117 118 117 117 116 116 116 116 115 115 114 115 113 114 114 113 112 113 112 112 112 111 111 111 110 110 110 110 109 109 109 108 109 108 107 108 107 107 106 107 106 105 106 105 105 105 105 104 :z 103 133 103 d.

0.978 38 0.977 17 0.975 96 0.974 75 0.973 55 0.972 34 0.971 15 0.969 95 0.968 76 0.967 58 0.966 39 0965 21 0.964 03 0962 86 0.961 68 0.960 52 x:;:; :; 0.957 03 0.955 87 0.954 72 0.953 57 0952 42 0.951 27 0.950 13 0.948 99 0.947 86 0.946 72 0.945 59 0.944 47 0.943 34 0.942 22 0.941 10 0.939 98 0.938 87 0.937 76 ::K z: 0.934 44 0.933 34 0932 25 0.931 15 :.;a: ;; 0:927 89 0.926 80 0.925 72 ;:;;; g; 0.922 49 ~921 42 0.920 36 0919 29 0.918 23 0.917 17 0.916 11 0.915 05 0.914 00 0.912 95 0.911 90 0.910 86 L. Tan.

2 43 42 41

117 2.0 3.9 5.8 7.8 17.; 13.6 15.6 17.6 19.5 39.0 58.5 78.0 97.5 113 I.9 3.8 5.6 7.5

:: 23 ;: 20 19 :r: 16 15 t: 12 11

1x 13.2 15.1 15.0 18.8 37.7 56.5 75.3 94.2 109 1.8 3.6 5.4 7.3 ;g 14.5 16.4 18.2 36.3 54.5 72.7 90.8

9.064 81 9.065 89 9.066 96 8:::: z 9.070 18 9.071 24 9.072 3 1 9.073 37 9.074 42 9.075 48 9.076 53 9.077 58 9.078 63 9.079 68 9.080 72 9.081 76 9.082 80 9.083 83 9.084 86 60 9.085 89 L. 96" (276")

cos.

,

P.P.

(263") G" (Continiredj

SP: 8 - 1970
TABLE 6 LOGARITHMS OF TRIGONOMETRIC FUNCTIONS `-- Cmfd (352") 172'

7" (187")

-__- - _.T. S i n .

_

W-.-

d. 103 103 102 102 102 101 :;; 101 100 101 100 100 99 100 99 8: 99

L.

-.-;`gg ;; 9.087 95 9.088 97 9.089 99 9.091 01 9.092 02 9.093 04 9.094 05 9.095 06 9.096 06 9.097 07 9.098 07 9.099 07 9.100 06

Tan.

c.d. 105 iii 104 103 103 102 103 102 102 101 102 101 101 ::: 100 100 100 100 8; 99 99 ;I: 98 98 98 zi 97 97 96 97 z:: 96 96 ;s zi: 95 94 95 z:: 93 8: ;"3 93 ;; ;: 92

L. cot.
0,910 86 0.909 81 ::"9:; :: 0.906 70

L.

cos.

, -

P.P.

"9.091 9:"oE 23 :;:

9.092 27 9.093 30

9,996 75 9.996 74 9.996 72 9.996 70 9,996 69 9,996 67 9.996 66 9.996 64 9.996 63 9,996 61

i9 i8 i7 i6

io

105 ::g ;:; 8.8 10.5 12.2 14.0 15.8 17.5 35.0 52.5 ii?

104 ;:`5 ;:; 1z.i 12.1 13.9 15.6 17.3 34,7 52.0 69.3 86.7 100 1.7 ;:; 6.7 $:; 11.7 13.3 15.0 16.7 33.3 50.0 66.7 83.3 96 ;:; 4.8 6.4 8.0 9.6 11.2 12.8 14.4 16.0 32.0 48.0 ~~8 42 1.5 ;:; 6.1 7.7 9.2 10.7 12.3 13.8 15.3 30.7 46.0 61.3 76.7

103 ::: 2:; 1I.i 12.0 13.7 15.4 17.2 34.3 51.5 68.7 85.8 1? ::; 6.6 8.2 1X 13.2 14.8 16.5 33.0 49.5 66.0 82.5 19: ::8' 6.3 7.9 17.: 12.7 14.2 15.8 31.7 47.5 63.3 79.2 91 ::; 4.6 6.1 ;:f 10.6 12.1 13.6 IS.2 30.3 45.5 60.7 75.8

102 ::; ;:; 1i.: 11.9 13.6 15.3 17.0 34.0 51.0 68.0 85.0 98 ::; 4.9 6.5 8.2 1X 13.1 14.7 16.3 32.7 49,o 65.3 81.7 94 ::; 4.7 6.3 7.8 9.4 11.0 12.5 14.1 15.7 31.3 47.0 62.7 78.3 90 1.5 3.0 4.5 6.6 ;:; 10.5 12.0 13.5 15.0 30.0 45% 60.0 75.0

;5 i4 j3 i2 51

8% :: 0.898 50 0.897 48 0.896 47 0.895 46 0.894 45 0.893 44 0.892 44 0.891 44 0.890 44 0.889 44 0.888 4.5 0.887 46 0.886 47
I

9.996 59 9.996 SC 9.996 56 9.996 55 9.996 53 9.996 51 9.996 50 9.996 48 9.996 47 9.996 45 9.996 43 9.996 42 9,996 40 9.996 38 9.996 37 9.996 35 9.996 33 9.996 32 9.996 30 9.996 29 9.996 27 9.996 25 9.996 24 9.996 22 9.996 20 9.996 18 9.996 17 9.996 15 9.996 13 9.996 12 9.996 10 9.996 08 5:;:: :z 9.996 03 9.996 01 9.996 00 9.995 98 9.995 96 9.995 95 8% 8: 9.995 89 9.995 88 9.995 86 9.995 84 9-995 82 9.995 81 9.995 79 9,995 77 9.995 75 _-L. Sin.

9.105 99 9.106 97 9.107 95 9.108 93 9.109 90 9.110 87 9.111 84 9.112 81 9.113 77 9.114 74 9.115 70 9.116 66 9.117 61 9.118 57 9.119 52 9.120 47 9.121 42 9.122 36 9.123 31 9.124 25 9.125 19 9.126 12 9.127 06 9.127 99 9.128 92 9.129 85 9.130 78 9.131 71 9.132 63 9.133 55 9.134 47 9,135 39 `9.136 30 9.137 22 9,138 13 9.139 9.139 9.140 9.141 9.142 04 94 8$ 79 66

98 zi 8; 97 :5 96 97 96 xt 8: 9S ;: 9": 94 93 94 9"; 93 93 93 92 92 92 x; z: 91 90 z:, 91 90 d.

9.104 54 9.105 55 9.106 56 9.107 56 9.108 56 9.109 56 ;:t:: :: `9:::: ::: 9.114 52 9.115 51 9.116 49 9.117 47 9.118 45 9.119 43 9.120 40 9.121 38 9.122 35 9.123 32 9.124 28 9.125 2s 9.126 21 9.127 17 9.128 13 9.129 09 9.130 04 9.130 99 913194 9.132 89 9.133 84 9.134 78 9.135 73 9.136 67 9.137 61 9.138 54 9.139 48 9.140 41 9.141 34 9.142 27 9.143 20 9.144 12 9.145 04 9.145 97 9.146 88 9.147 80 L.

15 14 13 +2 $1 LO 39 3; 36 :: :; 31

101 ::`4 g:; 8.4 10.1 11.8 13.5 15.2 16.8 33.7 SO.5 67.3 84.2 97 ::; 4.8 6.5

@88S 48 0.884 49 0.883 51 0.882 53 0.881 55 0.880 57 x:z 8: 0.877 65 0.876 68 0.875 72 0.874 75 0.873 79 ;:g; ;; 0.850 91 0.869 96 0.869 01 0.868 06 0.867 11 0866 16 0.865 22 0.864 27 0.863 33 0.862 39 086146 0.860 52 0.859 59 "0% % 0856 80 8:::: ;: 0854 03 0.853 12
_

25 :i 22 21

8.1 9,7 11.3 12.9 14.6 16.2 32.3 48.5 64.7 80.8

15 14 13 12 11 10 9 7" 6 : I 1 0 -

93 1.6 3.1 4.6 6.2 `7.8 lit", 12.4 14.0 15.5 31.0 46.5 62.0 77.5

9.143 56 L. 97. (277")

-

0.852 20 L. Tan.

cos.

cot.

cd.
-

,

P.P.

___-

(262") 820

52

(Cdincrcd)

SP:S - 1970
TABLE 6 LOGARITHMS OF TRIGONOMETRIC FUNCTIONS (351") 171� L.-Cot. L. Tan. L. Coe. c.d. a. 9.147 80' 9.148 72 9.149 63 Z:::Y i: 9.152 36 9.153 27 9.154 17 9.155 08 9.155 98 :: :z 14 15 :: 18 19 9.152 45 9.153 33 9.154 21 9.155 08 9.155 96 9.156 83 9.157 70 9.158 57 9.159 44 9.160 30 9.161 16 9.162 03 9.162 89 9.163 74 9.164 60 9.165 45 9166 31 9.167 16 9.168 01 9.168 86 9.169 70 9.170 55 9.171 39 9.172 23 9.173 07 35 if :t 40 :: 43 44 45 t3 48 49 9.173 91 9.174 74 9.175 58 9.176 41 9.177 24 9.178 07 9.178 90 9.179 73 9.180 55 9.181 37 9.182 20 9.183 02 9.183 83 9184 65 9.18 547 9.186 28 9.187 09 9.187 90 9.188 71 9-189 52 55 i 59 60
I

- Cod P.P.

8' (1880)

, .:
2 :

-

L. Sin.

9.145 3.5 9,146 24 9.147 14

;::t:

E

;:

2
91 t: i:, 90 ix tz 89 s": ii 88 ii :t 88 s"3 ti 87 tt 86 86 86 fZ :: 85 t: 85 84 84 iit 83 84 83

0.852 20 0.851 28 0.850 37 X:K zz 0.847 64 0846 73 0.845 83 0.844 92 0.844 02 ,8';w; ;3" 0841 33 084044 0,839 54 0.838 65 0.837 76 0.836 88 0.835 99 0.835 11 0.834 23 0.833 35 0.832 47 0.831 59 0.830 72 0.829 0.828 0.828 0.827 0.826 84 97 10 23 37

9.995 75 9.995 74 9.995 72 9.995 70 9.995 68 9.995 66 9.995 65 9.995 63 9,995 61 9.995 59 9.995 57 9.995 56 9.995 54 9,995 52 9.995 50 9.995 48 9.995 46 9.995 45 9.995 43 9.995 41 3.995 39 9.995 37 9.995 35 9.995 33 9.995 32 9.995 30 9.995 28 9.995 26 9.995 24 9.995 22 9.995 9.995 9,995 9.995 9.995 20 18 17 15 13

60 :; :: ::

3:;
6.1

19:

::z
6.1 ;:61 10.6 12.1 13.6 15.2 303 45.5 607 75.8 88 ::; 4.4 5.9 i:; 10.3 Il.7 13.2 14.7 29.3 44.0 58.7 73.3 85 ;:; 4.2 5.7 s':: 9.9 11.3 12.8 14.2 28.3 42.5 56.7 70.8 82 1:`: 4.1 5.5 6.8 !g 10.9 12.3 13.7 27.3 41.0 54.7 68.3

1::

90 ::;\ 4.5 6.0 , 8:; 1@5 12.0 13.5 15.0 30.0 45.0 60.0 75.0 I? 3:; 5.8 ;:; :::i. 13.0 14.5 29.0 43.5 58% 72.5 84 ;:;: 4.2 5.6 7.0 8.4 17.; 12.6 1+0 28.0 42.0 56.0 70.0 81 1.4' ;:; 5.4 6.5 ; :: IO.8 12.2 13.5 27.0 40.5 54.0 67 5 I

a:; :i:: 13.8 15.3 30.7 46.0 61.3 76.7 89 ::; 4.4 5.9 7.4 1i.z II.9 13.4 14.8 29.7 44.5 59.3 742 86 ;:;: ::; 87:; 10.0 :;:; 14.3 28.7 43.0 57.3 71.7 83 I.4 2.8 4.2 5.5 6.9 8,3 1x 12.4 13.8 27.7 41.5 55.3 69.2

5"; 51
50 49 :; 46 45 z 3: 40 39 38 i;i 35 33:: 32 31 30 29 I; 26 25 24 2": 21 20 :i :z :: 13 12 11 10 9 f 6 : ; 1 0 I (261") 81�

9.156 9.157 9.158 9.159 9.160

88 77 67 56 46

9.161 35 9.162 24 .9.163 12 9.164 01 9.164 89 9.165 9.166 9.167 9.168 9.169 77 65 53 41 28

9.170 16 9.171 03 9.171 90 9.172 77 9.173 63 9.174 50 9.175 36 9.176 22 9.177 08 9.177 94 9.178 80 9.179 65 9.180 51 9.181 36 9.182 21 9.183 06 9.183 91 9.184 75 9.185 60 9.186 44 9.187 9.188 9.188 9.189 9.190 28 12 96 79 63

0.825 50 0.824 64 0.823 78 0.822 92 0.822 06 0.821 0.820 0,819 0.818 0817 0.816 0.816 0.815 0.814 0.813 20 35 49 64 79 94 09 25 40 56

9.995 11 9.995 09 9.995 07 9.995 05 9.995 03 9.995 01 9.994 99 9.994 97 9.994 95 9.994 94 9.994 9.994 9.994 9.994 9.994 92 90 88 86 84

0812 72 0.811 88 0.811 04 0.810 21 0.809 37 0.808 54 0.807 71 0.806 88 0.806 05 0805 22 0804 39 0.803 57 0.802 75 0.80193 0.801 11 0.800 29 L. Tan.

9.191 46 9.192 29 9.193 12 9.193 95 9.194 78 9.195 61 9.196 43 9.197 25 9.198 07 9.198 89 9.199 71 L. Cot.

t: 83
83 83 iI 82 82 82 c.d.

9.994 82 9.994 80 9.994 78 9.994 76 9.994 74 9.994 9.994 9.994 9.994 9.994 72 70 68 66 64

9.190 33 9.191 13 9.191 93 9.192 73 9.193 53 9.194 33 L.

9.994 62 L. Sin.

cm.

P.P.

HI" (278")

(Continued)

SIP: 8 - 1970
TABLE 6 LOGARlTHhlS OF TRIGONOMETRIC; FI'SCTIONS --- c`~J/?/c: (350") 170" I..

L. Sin.
9.194 33 9.195 13 9.195 92 Y.196 72 9.197 15 9.198 30 9.199 09 9.199 88 9.200 67 9.201 45 9.202 23 9.203 02 9.203 SO 9.204 5X 9.205 35 9.206 13 9.206 91 9.207 68 9.20s 45 9.209 22 "9.x&g 3; 9.211 53 9.212 29 9.213 06 9.213 82 9.214 58 9.215 34 t:;:: :: 9.217 9.218 9.219 9.219 9.220 9.221 9.222 9.222 9.223 9.224 61 36 12 87 62 37 11 86 61 35

i

d. 80 79 ;i 79 79 59 79 i8 78 79 58 :f 78 :; :: 77 ;: :; 76 5: 75 76 :z :: 75 :: 3: 74 ;t 3: 73 ;,i sz 73 PZ :3 72 3: ::: 72 ._ d.

I. ,-

I_. Tan. _ .--~

c:ot.

I*. cos. ---9.994 62 9.994 60 Y.Y94 58 9.994 56 9.9Y4 54 9.994 52 9.994 50 9.994 48 9.994 46 9.994 44 9.994 Y.YY4 9.994 9.994 9.994 9.99-i 9.994 9.994 Y.9Y4 9.994 9.994 9.994 9.994 3.994 9.994 42 40 38 36 34 32 29 27 25 23 21 19 17 15 13 80 ;:; 4.0 5.3 6.7 8.0 9.3 10.7 12.0 13.3 26.7 40.0 53.3 66.7 J! 2.5 3.8 5.1 6.3 5:; 10.1 11.4 12.7 25.3 38.0 50.7 63.3 72 ;:; ::; 6.0 if 9.6 10.8 12.0 24.0 36.0 48.0 60.0 3 19

1'.

f'. 78 1.3 2.6 3.9 5.2 4:; 1Z.i 11.7 13.0 26.0 39.0 52.0 65.0 74 1::: 3.7 4.9 6.2 7.4 8.6 9.9 11.1 12.3 24-7 37.0 49.3 61.7 3 g:y 0.2 0'2 8:: 0.4 ;:i 0.5 1.0 ;:; 2.5 3 77 77 ::; 3.8 5.1 6.4 ;:; 10.3 11.6 12.8 25.7 38.5 51.3 64.2 73 ::: :f f :; z:; 11.0 12.2 24.3 36.5 48.7 60.8

9.199 9.200 9.201 9.202 9.202

71 53 34 16 07

0.x00 2Y 0.71)`) 47 0.7% 66 0.797 X4 0.7Y7 03 0.796 0.795 0.794 0.793 0.792 22 41 60 79 99

79 1.3 2.6 4.0 5.3 6.6 7.9 z.: 11.8 13.2 26.3 3Y.5 52.7 65.8 l? ::; 5.0 6.2 ;:; 10.0 11.2 12.5 25.0 37.5 50.0 62.5 :.: 2.4 -

9.203 78 9.204 59 9.205 4.0 9.206 2 1 9.207 01 9.207 9.208 9.209 9.210 9.211 9.211 9.212 9.213 9.214 9.214 82 62 42 22 02 82 61 41 20 YY

0.792 1 8 0.7Yl 38 0.790 58 0.789 78 0.788 98 0.788 18 0.787 39 0.786 59 0.785 80 0.785 01 0.784 22 0.783 43 0.782 64 0.781 86 0.781 07 0780 29 0.779 5 1 0.778 73 0.777 95 0.777 17 0776 39 0.775 62 0.774 84 0.774 07 0.773 30

9.215 78 9.216 57 ;:;ii i4 9.218 93 9.21') 71 8:;;: ;; 9.222 05 9.222 83 9.223 61 9.224 38 9.225 16 .Y.225 93 9.226 70 9.227 47 %i.C 9.229 77 9.230 54 9.231 9.232 9.232 9.233 9.234 9.235 9.235 9.236 9.237 9.238 9.238 9.239 9.240 9.241 9.241 30 06 83 59 35 10 86 61 37 12 87 62 37 12 86

9.994 11 9.994 09 9.994 07 9.994 04 9.994 02 9.994 9.993 9.993 9.993 9.993 00 98 96 94 92

;:;
5.9 ;:: 1 ;:; ::; ;:: 9.2 3 78

9.993 90 zz iii 9.993 83 9.993 81 9.993 79 9.993 77 9.993 75 9.993 72 9.993 70 0.764 90 8':;: . :`: ' 0.762 63 0.761 88 9.993 9.993 9.993 9.993 9.993 8:;;; 9.993 9.993 9.993 0.757 0.756 0.755 0.755 0.754 39 65 90 16 42 9.993 9.993 9.993 9.993 9.993 68 66 64 62 59 :; 53 51 48 46 44 42 40 37

9.228 78 9.229 52 9.230 25 9.230 98 9.231 71 ;:s:i z 9.233 90 ;*::"5 * . i: 9.236 9.236 9.237 9.238 9.238 07 79 52 23 95

13.2 39.5 65.8 3 0 : 3 -76 12.7 38.0 63.3

13-o 39.0 65.0 3 15 12-5 ;;I:

12.8 38.5 64.2 3 -G12.3 37.0 61.7

9.242 61 9.243 35 9.244 10 ;:;z it 9.246 32 L. cot.

9.239 67 L. Cos. 99" (279")

0753 68 L. Tan.

9.993 35 L. Sin.

P.P.

(2607 80"

54

(CCMiiHf464

SP: 8 - 1970
TABLE 6 LOGARITHMS OF TRIGONOMETRIC FUNCTIONS - contd (348") 168"

11� (1910)
I

-

.-- - d. -

1.. Sin. 9.280 60 9.281 25 9.281 90 9.282 54 9.283 19 x:;:: fd 9.285 12 9.285 77 9.286 41

d.

L. Tan. 9.288 65 9.289 33 tzz ft 9.291 34 9.292 01 9.292 68 9.293 35 9.294 02 9,294 68 9.295 35 9.296 01 9.296 68 9.297 34 9.298 90 9.298 66 9.299 32 9.299 98 9.300 64 9.301 30 9.301 95 9.302 61 9.303 26 9.303 9 I 9.304 57 9.305 22 9.305 87 9.306 52 9.307 17 9.307 82 9.308 46 9.309 11 9.309 75 9.310 40 9.311 04 9.311 68 9.312 33 9.312 97 9.313 61 9.314 25 9.314 89 9.315 52 9.316 16 9.316 79 9.317 43 9.318 06 9.318 70 9.319 33 9.319 96 9.320 59 9.321 22 9.321 85 9.322 48 9.323 11 9.323 73 9.324 36 9.324 98 9.325 61 9.326 23 9.326 85

c.tl. -_-. . f;

I..

cot.

L.

cos.

-60 :i :i 55 :; 52 51 50 49 48 :: 4s 44 43 ii 40 39 :; 36 35 34 ii 31 30 29 if 26

t3
67

0.711 35 0.710 67 0.710 00 0.709 33 @708 66 0.707 99 0.707 32 0.706 65 0.705 98 0.705 32 0.704 65 0.703 99 0,703 32 0.702 66 0.702 00 0.701 34 0.760 68 0.700 02 0.699 36 0.698 70 0.698 05 0.697 39 0.696 74 0.696 09 0.695 43 0.694 78 0.694 13 0.693 48 0.692 83 0.692 18 0.691 54 0.690 89 0.690 25 0.689 60 0.688 96 0.688 32 0.687 67 0.687 03 0.686 39 0.685 75 0.685 11 0.684 48 0.683 84 O-683 21 0.682 57 0.681 94 0.681 30 0.680 67 8% z 0.678 78 0.678 15 0.677 52 0.676 89 0.676 27 0.675 0.675 0.674 0.673 0.673 64 02 39 77 15

9.991 95 9.991 92 9.991 90 9.991 87 9.991 85 ;:;;t it 9.991 77 9.991 7.5 9.991 72 9.991 70 9.991 67 9.991 65 9.991 62 9.991 60 9.991 57 9.991 55 9.991 52 9.991 50 9.991 47 9.991 45 9.991 42 9.991 40 9.991 37 9.991 35 9.991 32 9.991 30 9.991 27 9.991 24 9.991 22 9.991 19 9.991 17 9.991 14 9.991 12 9.991 09 9.991 06 9.991 04 9.991 01 9.990 99 9.990 96 9.990 93 9.990 91 9.990 88 9.990 86 9,990 83 9.990 80 9.990 78 9.990 75 9.990 7 2 9.990 70 9.990 67 9.990 64 9.990 62 9.990 59 9.990 56 9.990 54 9.990 51 9.990 48 9.990 46 9.990 43 9.990 40 I,. sill.

,I

P.P.

t67:
tt

66 67

10 :: ::

9.287 05 9.287 69 9.288 33 9.288 96 9.289 60 9.290 24 9.290 87 9.291 50 9.292 14 9.292 77 9.293 40 9.294 03 9.294 66 9.295 20 9.295 91

tS 66 t:

IO.8 21.7 32.5 43.3 54.2 62 ;:; i:; 5.2 ;:; 8.3 9.3 IO.3 20.7 31.0 41.3 51.7 59 1.0 ;:; 3.9 4.9 5.9 6.9 7.9 8.8

10.7 21.3 32.0 42.7 53.3 61 ;:; 3.0 4.1 2:; ;:: 9.2 10.2 20.3 30.5 40.7 50.8 0.03 0.1 ;:; 0.2 0":; ;:; 0.5 I.0 I.5 2.0 2.5 3 -&ii 11.0 33.0 55.0 3 6 3 IO.5 31.5 52.5

10.5 21.0 31.5 42.0 52.5 60 ;:I: 3.0 4.0 5.0 6.0 7.0 8.0 9.0 10.0 20.0 30.0 40.0 50.0 2 8:; 8:: 8:; 0.2 0.J 0.3 ;:; I.0 ;:; 3 ix IO.8 32i5 54.2 3 2 10.3 31.0 51.7

tf
65 2: tz 65 65 2: 65 64 2: 65 64 64 2: 24 64 63 64 t: 63 t:: :z 63 t: t; 63 62 23 62 62

25 26 ii 29 30 31 32 33 34

9.296 54 9.297 16 9.297 79 9.298 41 9.299 03

9.300 90 9.301 51 9.302 13 9.302 75 9.303 36 9.303 98 9.304 59 9.305 21 9.305 82 9.306 43 9.307 04 9.307 65 9.308 26 9.308 87 9.309 47 9.310 08 9.310 68 9.311 29

20 19 :7" 16 :: :i 11 10 9 7" 6 5 4 z 1 0 I (258') 78"

9.8 19.7 29.5 39.3 49.2 3

67
0 : 3 11-2 33.5 55.8 3 -64 O i 10.7 ; I 32.0 3 1 53.3

50 :: 53 54 55 56 57 58 59 60 - - . I

9.311 9.312 9.313 9.313 9.314 9.314 9.315 9.316 9.316 9.317

89 50 10 70 30 90 49 09 69 28

9.317 88 L.

i_

9.327 47

0.672 53 L. Tan.

co?,.

P.P.

101" (281')

56

(continuea)

SP: 8 - 1970
TABLE 6 LOGARITHMS OF TRIGONOMETRIC FUNCTIONS - con/d (347'; 167O

12O (1920) L. Sin. 9.317 88 9.318 47 9.319 07 9.319 66 9.320 25 9.320 84 9.321 43 9.322 02 9.322 61 9,323 19 9.323 78 9.324 37 9.324 95 9.325 53 9.326 12 9.326 9.327 9.327 9.328 9.329 70 28 86 44 02

-

3. -

L. Tan. 9.327 47 8% :: 9.329 33 9.329 95 9.330 57 9.331 19 8:::: :2" 9.333 03 9.333 65 9.334 26 9,334 87 9.335 48 9.336 09

.a. -

L. Cot. 0.672 53 0.67.1 90 "0% %; 0.670 05 0.669 43 0.668 81 0.668 20 0.667 58 0666 97 0.666 35 0.665 74 0.665 13 8:::`: ;; 0.663 30 0.662 69 0.662 08 0.661 47 0.660 87

-r-

-

L. cos. 9.990 40 9.990 38 9.990 35 9.990 32 9.990 30 9.990 27 9.990 24 9,990 22 9.990 19 9.990 16 Z8 :: 9.990 08 9,990 05 9.990 02 9.990 00 9.989 97 9.989 94 9.989 91 9.989 89 9.989 86 9.989 83 9.989 80 9.989 78 9.989 75 9.989 72 9.989 69 9.989 67 9.989 64 9.989 61 9.989 58 z:;:; :: 9.989 50 9.989 47 9.989 44 9.989 41 9.989 38 9.989 36 9.989 33 9.989 30 9.989 27 9.989 24 9.989 21 9.989 19 9.989 16 9.989 13 9.989 10 9.983 07 9.98(i 04 9.989 01 9.988 98 9.985 ?6 9.988 93 9.988 90 9.988 87 9.988 84 9.988 81 9.988 78 9.988 75 9.988 72 L. Sin. -

-7

-

d. 2 ; 2 3 ; : 3 2 3 3 2 3 3 2 3 : 2 3 3 ; ; 3 ; : 3 ; 2 3 3 3 3 2 3 z 3 3 3 : : 3 3 3 3 3 -

,

P.P.

E
59
59 :zJ :: 59 :I: :: 58 :"s :: 58 :; :; 58 :: 58 57 57 :z 57 57 57 56 :z 56 57 :: 56 56 56 :: 56 55 56 :z 55 55 55 :: :: 55 a.

0
59 :; 56

63 ::`: :::

2.1

14"o

61 ;:o" ::y

i::

10.5 21.0 31.5 42.0 52.5 45 :: 42 41 :p, 2.0 i:; 5.0 ;:; ;:; 35 34 :: 31 30 ;: 27 26 10.0 20.0 30.0 40.0 50.0 57 1.0 1:; 3.8 4.8 ;:; ;:; 20 19 :7" 16 15 t: 12 11 10 : z 5 4 : 1 0 9.5 19.0 25.5 35.0 47.5 3 __ 62 10.3 31. 51. P 3 x99.8 29.5 49.2

10.3 20.7 31.0 41.3 51.7 59 ;:; 3.0 3.9 4.9 5.9 6.9 87:; 199.78 29.5 39.3 49.2 56 0.9 ;:; 3.7 4.7 5.6 ;:: 8.4 9.3 18.7 28.0 37.3 46 7 3 61 10.2 30.5 50.5 3 -s 2;:; 48.3

10.2 20.3 30.5 40.7 50.8 58 ::; 2.9 3.9 4.8 5.8 ::; 8.7

9.329 60 Z:% :: 9.331 33 9.331 90 9.332 48 9.333 05 9.333 62 99:333344 3; 9.335 34 9.335 91 9.336 47 9.337 04 9.337 61 9.338 18 9.338 74 9.339 31 9,339 87 9.340 43 9.341 00 9341 56 9,342 12 9.342 68 9343 24 9.343 so z::; z; 9.345 47 9.346 02 9.346 58 9.347 13 9.347 69 9.348 24 9.348 73 9.349 9.349 9.350 9.350 9.351 34 89 44 99 54

8:::; :t "9:itZ ;: 9.342 15 9.342 76 9.343 36 ;:::: zz 9.345 16

0.660 26 0.659 66 0.659 05 0.658 45 0.657 85 0.657 24 0.656 64 0.656 04 0.655 44 0.654 84 O-654 24 0.653 65 0.653 05 0.652 45 0.651 86

z59 I.8 2.8 3.7

8:::; ;: 9.349 92 9.350 51 9.351 11 9.351 70 8:::; `s: 9.353 47 9.354 05 9.354 64 9.355 23 9.355 81 9.356 40 9.356 98 9.357 57 ;::z :: 9.359 31 9.359 89 ;:% z; 9.361 63 9.362 21 9.362 79 9.363 36 L.

0.651 26 0.650 67 0650 08 0.649 49 0,648 89 0.648 30 0.647 71 0.647 12 0.646 53 0645 95 0.645 36 0.644 77 0.644 19 0.643 60 0.643 02 0.642 43 0.641 85 9.641 27 0.6 40 69 0.640 11 0.639 53 0.638 95 0.638 37 0.637 79 0.637 21 0.636 64 :.d. L. Tan.

1;.: 27.5 36.7 45.8 3 xii 10.0 30.0 50.0 3 57 9.5 28.5 47.5

9.352 09 L. cos. 102" (282")

Cot.

-

, d. (257") 77"

P.P.

57

(Continued)

`SP:8-1971)
13O (193") TABLE 6 LOGARITHMS OF TRIGONOMETRIC FUNCTIONS - Co& (346") 166"

,

-

-

I

L. Sin. 9.352 09 9.352 63 z::: :: 9.354 27 9-354 81 9.355 36 9.355 90 9.356 44 9.356 98 9.357 9.358 9.358 9.359 9.359 52 06 60 14 68

d. :`: :: 54 55 :a 54 54 :t ::: 54 :: :: 53 :: ::: 53 if; :: 53 :: :: 53 :z :: 52 :s :; 51 :I ::: 52 :: z: 51 :: :: 51 d.

L. Tan. 9.363 36 8% Z 9.365 09 9.365 66

:.d :: 57 57 58 :: ::: 57 :: 57 57

L. cot. 0.636 64 8f:; z 0.634 91 0.634 34 0.633 76 0.633 19 0.632 62 O-632 05 0.63148 0.630 91 0.630 34 Q.629 77 ::% %! 0.628 07 0.627 50 8':;: z; 0:625 81 0.625 24 0.624 68 0.624 12 0.623 56 0.623 00

L. cos. 9.988 72 9.988 69 z:z:: :: 9.988 61 9.988 58 9988 55 9.989 52 ;:;"B"B z 9988 43 9.988 40 9.988 37 9.988 34 9.988 31 9.988 9.988 9.988 9988 9.988 28 25 22 19 16 1'9.; 28.5 38.0 47.5 O? ;:; 3.6 4.5 2:`: 7.2 8.1 2.8 3.8

P.P.

2.8 3.7 4.6 f :: 7.3 8.2 *id 27.5 36.7 45.8

9.360 22 9.360 75 `9:::: `8; 9.362 36 9.362 89 z: 3: 9.364 49 9.365 02

9.37193 z: z 9.373 63 9.374 19

56 57 :f 56 57 :z 56 56 56 z"6 56 56 55 :: :z 56 :: :: 55 :: ' z: 55 :: :: 54 :: 54 54 54 :: :t 54 :.d.

8:;;: ;;
9.375 88 9.376 44 9.377 00

9.988 13 9.988 10 9.988 07 9.988 04 9.988 01 9.987 98 9.987 95 9.987 92 9.987 89 9.987 86

;-;a; ;s"
9.366 60 9.367 13 ' 9.367 66 9.368 19 9.368 71 9.369 24 9.369 76 9.370 28 9.370 81 9.371 33 9.371 85

9.380 9.380 9.381 9.382 9.382

35 91 47 02 57

0.619 65 0.619 09 0.618 53 0.617 98 0.617 43 0.616 0.616 0.615 0.615 0.614 87 32 77 21 66

9.987 83 9.987 80 9.987 77 9987 74 9.987 71 9,987 68 9.987 65 9.987 62 9.987 59 9.987 56 9.987 53 x:;:: :: 9.987 43 9.987 40 9.987 37 9,987 34 9.987 31 9987 28 9987 25 9.987 22 9.987 19 9.987 15 X% g

Oz ;:; 3.4 4.2 ;:; 6.8 7.6 187.; 25.5 34.0 42.5 4 55 ii:; 48.1 3 56 0.5 0.3 1.0 0.7 1.5 1.0 20 1 . 3 2.5 1.7 3 3 581? 6.8 9.7 9.5 20.2 29.0 28.5 33.8 48.3 47.5 47.2 3 5 5 2;:; 45.8 3 -s 2;*: 45.0

K ;;

9.383 13 9.383 68 9.384 23 9.384 79 9.385 34 9.385 9.386 9.386 9.387 9.388 89 44 99 54 08

9.373 41 9.373 93 9.374 45 9.374 97 9.375 49 9.376 00 ;:::; i: 9.377 55 9.378 06 9 378 58 9.379 09 9.379 60 9.380 11 9.380 62 56 :; 59 60
I

0.614 11 8% ;: 0.612 46 0.611 92 0611 37 0.610 82 0.610 28 0.609 73 0.609 18 0.608 64 0.608 10 0.607 55 0.607 01 0.606 47 0.605 93 0.605 39 0.604 85 0.604 31 0.603 77 0.603 23 L. Tan.

9.388 63 8% $1 9.390 27 9.390 82 9.391 36 9.391 90 9.392 45 ;::;: ;: 8% 8: 9.395 15 9.395 69 9.396 23 9.396 77 L. cat.

55

9.381 13 t:::: ff 9.382 66 9.383 17 9.383 68 L. CO%

L. Sin. (256') 76'

P.P.

103' (283")

SP: 8 - 1970
TABLE 6 LOGARITHMS OF TRIGONOMETRIC FUNCTIONS - Contd (345") 165"

14" (194") L. Sin. 9.383 68 :::z :: 9.385 19 9.385 70 9.386 20 ;% ;: 9.387 71 9.388 21 9.388 71 9.389 21 9.389 71 ;:z ;: 9.391 21 9.391 70 9.392 20 8% :: r:;: :t 9.394 67 9.395 17 9.395 66 9.396 15 9.396 64 9:397 13 9.397 62 9.398 11 9.398 60 9.399 09 9.399 58 9.400 06 9.400 55 9.401 03 9.401 52 9.402 00 9.402 49 9.402 97 9.403 46 9.403 94 9.404 42 9.404 90 9.405 38 9.405 86 9.406 34 9.406 82 9.407 30 9.407 78 9.408 25 9.408 73 9.409 21 9.409 68 9.410 16

50 :A 51 50

-

-

d. -

I,. Tan.

:.d. :t :: 53 ::: 54 53 53 54 :; 53 53 :: 52 53 53 :: :; 53 52 52 :: 52 z; :: 52 52 :: 52 51 :: :: 51 5: :: 51 z: :: 51 5": :: 50 -

L. cot. 0.603 23 0.602 69 0.602 15 0.601 62 0.601 08

L. cos. 9.986 90 9.986 87 9.986 84 9.986 81 9.986 78 9.986 75 9.986 71 9.986 68 9.986 65 9.986 62

d. z 3" 3 4 : 3 3 : : 3 : : 3 4 3 z 4 : : 3 3 : 3 3 4 3" 3 4 : 4 3 3 4 3" 4 3 : ; 4 : 4 3 4 d. (255") 75O lK!l 25.5 34.0 42.5 48 0.8 I.6 ;:: 4.0 4.8 2:: 7.2 4.5 ;:: 7.2 8.1 li.8 27.0 36.0 45.0 0:: I.7 2.6 3.4

P.P.

;::;; ::

9.397 85 9.398 38 9.398 92 9.399 45 9.399 99 X:t! ;: 9.401 59 ;cz ti 9.403 19 9.403 72 9.404 25 x::: :; 9.405 84 9.406 36 9.406 89 9.407 42 9.407 95 9.408 47 9.409 00 9.409 52 9.410 05 9.410 57 9.411 09 9.411 61 9.412 14 ;:::: ;: 9.413 70 9.414 22 9.414 74 9.415 26 9.415 78 8% t: 9.417 33 z:::; 9.418 9.419 9.419 3": 87 39 90

4.4 ;:; ;:A 1;.; 26.5 35.3 44.2 058" I.7 2.5 3.3

4.3 ;:: 6.9 7.8 197.: 26.0 34.7 43.3 04'8 l-6 2.4 3.3 t:; ;:: 7.4

:: :: 50 :8 :8 50 49 50 z 50 :; z 49 :; 49 49 49 49 :; 49 48 zl tt 49 48 :t 48 48 t: :: 47 t; 47 48 47 48 :: 47 48 d.

0.597 88 0.597 34 0.596 81 X:% 7';

9.986 59 9.986 56 9.986 52 9.986 49 9.986 46 9.986 43 ;:g: :8 9.986 33 9.986 30 9.986 27 9.986 23 99% ?" 9.986 1:

0.589 95 x::;; ;: 0.588 39 0.587 86

9.986 9.986 9.986 9.986 9.985

10 07 04 01 97

168.; 25.0 33.3 41.7

1:."3 24.5 32.7 40.8

9.985 94 9.985 91 9.985 88 9.985 84 9.985 81 0.584 74 0.584 22 9.985 78 9.985 74 9.985 71 9.985 68 9.985 65 9.985 61 9.985 58 9.985 55 9.985 51 9.985 48 9.985 45 9.985 41 9,985 38 9.985 35 9.985 31 9.985 28 9.985 25 9.985 21 8% ;: 0.574 48 8:::: :; 0572 96 0.572 45 0.571 95 L. Tan. 9.985 11 9.985 08 9.985 05 9.985 01 9.984 98 9.984 94 L. Sin.

0.581 13 0.580 61 0.580 10 0579 59 8% :zl 0.578 05 0.577 54

8:::; tt

24.0 32.0 40.0 4 5x 2E.i 33:8 47.2 3 %s 2;.: 45.0

lZ.8

2.78

23.5 31.3 39.2

22:; 2.3 4 ?z

;:3' 7:;
f:! 4 q

I.5

9.420 41 9.420 93 8:::: z 9.422 46 9.422 97 9.423 48 8%: zz 9.425 01

4 3-3 1"9."9 33.1 46.4 3 s 2::: 44.2

1t.z 32.5 45.5 3 sz 268.; 43.3

lvl 31.9 44.6 3 x 2z: 42.5

'

9.410 63 9.411 11 9.411 58 9.412 05 9.412 52 9.413 00 L. cos.

P.P.

L. cot.

:.d -

104" (284")

SP:S -1970
TABLE 6 LOGARITHMS OF TRIGONOMETRIC FUNCTIONS - contd (344'1 164'

15O (195")
I

47 t3 47 47 :: tS 46 :: z 47 :: :: 46 46 :: 46 45 46 t: 4s 46 45 :; 46 45 45 46 45 45 45 45 45 45 45 14 45 45 45 44 45 Ys 44 45 44 z 2 44

L. Sin. 9.413 00 9.413 47 9.413 94 $414 41 9.414 88 9.415 35 ;::; 2 2": 9.416 75 9.417 22

a. -

L. Tan. 9.428 9.428 9.429 9.429 9.430 9.430 9.431 9.431 9.432 9.432 05 56 06 57 07 57 08 58 08 58

r.d.

.

L. cot. 0.571 9.5 0.571 44 0,570 94 0.570 43 0.569 93 0.569 43 0.568 92 0.568 42 y; ;2" 0.566 92 0.566 42 0.565 92 8:::: z4 0.564 42 0.563 93 0.563 43 0.562 93 0.562 44 0.561 94 0.561 45 0.560 95 0.560 46 0.559 96 0.559 47 0.558 98 0.558 49 0.557 99 0.557 50 0~557'01 0.556 52 0.556 03 y:; g 0.554 56 n.554 08 fJ.553 59 0.553 10 0.552 62 0.552 13 0.551 64 0.551 16 0.550 67 0.550 19 0.549 71 0.549 22 0.548 74 0.548 26 0.547 78 0.547 29 0.546 81 0.546 33 0.545 85 0.545 37 0.544 89 0.544 41 0543 94 0.543 46 0.542 98 0.542 50 L. Tan.

3 : 3 4 : 4 3 4 : ; 4 : : 3 4 : 3 3 4 3 4 3 4 3 + 3 4

L. cos. 9.984 94 9.984 91 9.984 88 9.984 84 9.984 81 9.984 77 9.984 74 9.984 71 9.984 67 9.984 64 9.984 60 9.984 57 9.984 53 9.984 50 9.984 47 9.984 43 9.984 40 9.984 36 9.954 33 9.984 29 9.984 9.984 9.984 9.984 9.984 26 22 19 15 12

d. -

, 60 :: J":

P.P.
(I

Ip
SO 50

05:
: :

07 ::; 3.3

;:; 3.4

07 ;:i
3.3 ;:; ;:: 7.4

E&
50 50 50 g 50
49 :8 49 50 49 50 49 50 49 49 49 :: 49 49 t; 49 49 48 tz 48 49 t;

z
7 t 50 49 48 t;: : t: 41 40 39 38 :; 35 :: :t ;; 2s 27 26 :fl :: 50 1" 2 : 8.5 17.0 25.5 34.0 42.5 48 0.8 ::; 3.2 $:i 5.6 6.4 7.2 8.0 16.0 24.0 32.0 40.0 048" 1.5 2.2 3.0 3.8 4.5 5.2 6.0 6.8 7.5 15.0 22.5 30.0 37.5 4 50 0 : : 6.2 IS.8 31.2 43.8 3 ?z 0 :. 3 2: : 42.5 2::: 41.7 2:.: 40.8 1:.; 25.0 33.3 41.7 47 0.8 ;:i 3.1 ::p ;:: 7.0 1:.; 23.5 31.3 39.2 44 0.7 3:; 2.9 3.7 4.4 5.1 5.9 6.6 7.3 14.7 22.0 29.3 36.7 4 79 6.1 18.4 30.6 42,9 3 -% 4 8:: 8:: 0.3 8:: 0.5 0.6 0.7 1.3 2.0 2.7 3.3 4 -&J 6.0 18.0 30.0 42.0 3 -

10

::

13 14

9.417 68 9.418 15 9.418 61 9,419 08 9.419 54 9.420 01 9.420 47 9.420 93 9.421 40 9.421 86

9.433 08 9.433 58 9.434 08 8:3:: ;: 9,435 58 9.436 07 9.436 57 9.437 07 9,437 56 9.438 06 9.438 5.5 9.439 05 9.439 54 9440 04 9.440 53 9441 02 9441 51 9442 01 9.442 50 9.442 99 9.443 4s 9.443 97 9.444 46 9444 95 9.445 44 9.445 92 9.446 4 1 9446 90 9447 38 9447 87 9,448 36 944.8 84 9.449 33 9449 81 9.450 29 9.450 78 9.451 26 9.151 7 4 9.452 22 9.452 71 9.453 19 9.453 67 z:: :: 9.455 11 9.455 59 9.456 06 7 iz Z" 9.457 50 L. cot.

1::; 24.5 32.7 40.8 04" ;:3" 3.1 ::; 2:: 6.9 1:.: 2j.o 30.7 38.3 3 0.0 0.1 0.2 0.2 0.2 0.3 ;:: 0.4 0.5 1.0 ::; 2.5 4 ;15 5.9 17.6 29.4 41.1 3 Js 2:.: 40.0

20 ::

f:

9.422 32 9.422 78 9.423 24 9,423 70 9.424 16 9.424 61 9.425 07 9.425 53 9.425 99 9.426 44 9.426 90 9.427 35 9.427 81 9.428 26 9.428 72 9.429 17 9.429 62 9.430 08 9.430 53 9.430 98 9.431 43 9.431 S8 9432 33 9.432 75 9.433 23

4 t ;: 30 40 50 II : 3 4 2 ; 9

:: :;: 29 30 31 :: 34

9.984 09 9.984 05 9.984 02 9.953 98 9.983 95 9.983 91 9.983 8Y 9.983 84 9,983 81 3.983 77 9.983 i3 9.983 70 9.983 66 9.983 63 9.983 59 9.983 56 9.983 52 9.983 49 9.983 45 9.953 42 9.983 38 9.983 34 9.983 3 i 9.983 27 9.983 24

~ 4 3

t:
48 49 :: 48 49 a: It 48 t; :: 48

45 4; 48 49

9433 67 9434 12 9.434 57 9.435 02 9435 46 9.435 91 9.436 35 9.436 80 9.437 24 9.437 69 9.438 13 9.438 57 9.439 01 9.439 46 9.439 90

: : I i : I ~ ,

`: 4
3 4 3 4 3 4 3 20 19 18 17 16 15 :: 12 11 10 : : 5 4 : 1 0 -

3 -I

10 20 30 40 50

I i

,

9.983 9.983 9.983 9.983 9.983

20 17 13 09 06

I i ~ ; /

4

4 3 t 3 4 3 t 3 4

9.983 02 9.982 99 9.982 95 9.982 91 9.982 88 9.982 84 L. Sin.

6

0 ,

9440 34 L. cos.

a.

d.

:.d.

,

P.P.

105" (285')

(254") 74"

60

SP: 8 - 1970
T AB LE

6 LOGARITHMS L. Tan. -~ ;:t:: 9.458 9.458 9.459 ;; 45 92 40

O F T RI G O N O M E T RIC FUNCTIONS - Cod
(343") 163" L. cot. 0.542 50 0.542 03 0.541 5.5 0.541 08 0.540 60 0.540 13 0.539 65 0.539 18 0.538 70 0.538 23 0.537 76 0.537 29 0.536 81 0.536 34 0.535 87 0.535 40 0.534 93 0.534 46 0.533 99 0.533 52 0.533 06 E; :; 0.531 65 0.531 19 0.530 72 0.530 25 0.529 79 0.529 32 0.528 86 0.528 40 0.527 93 0.527 47 0.527 01 0.526 54 0.526 08 8::;: E 0.524 70 0.524 24 0.523 78 0.523 32 0.522 86 0.522 40 0.521 94 0.521 48 0.521 03 0.520 57 0.520 11 0.519 65 0.519 20 0.518 74 0.518 29 0.517 83 0.517 38 0.516 93 0.516 47 0.516 02 0.515 57 0.515 11 0.514 66 L. Tan.

16' (196")

-

34 78 22 66 10

L. Sin. 9440 9440 9441 9.441 9442

a. ii
44 44 43 44 44 z 44 44 t: 44 43 :::

t.a. -

I
--

-

L. cos. . 9.982 84 9.982 81 9.982 77 9.982 73 9.982 70 9.982 66 9.982 62 %: :z 9.982 51 9.982 48 9.982 44 `9:E :; 9.982 33 9.982 29 9.982 26 9.982 22 ;:;;; :g 9.982 11 9.982 07 9.982 04 9.982 00 9.98'1 96 9.981 92 X:E 88: 9.981 81 9.981 77 9.981 74 ;:;;; 2; 9.981 62 9.981 59 8:;;: :; 9.981 47 9.981 44 9.981 40 9.981 36 9.981 32 9.981 29 y; "2; 9.981 17 9.981 13 9.981 10 9.981 06 9.981 02 9.980 98 9.980 94 ;:;g "8; 9.980 83 9.980 79 9.980 75 9.980 71 9.980 67 9.980 63 9.980 60 L. Sin.

2 47

9442 53 9442 97 9443 41 9443 85 9.444 28 9.444 72 9445 16 9445 59 9446 02 9.446 46 9446 89 9447 33 9.447 76 9448 19 9448 62 ;::z 48' 9449 92 9.450 35 9.450 77 9.451 20 9.451 63 9.452 06 9.452 49 9.452 92 9.453 34 8:;:; ;; 9.454 62 9.455 04 9.455 9.455 9.456 9.456 9.457 47 89 32 74 16

9.459 87 9.460 35 9.460 82 9.461 30 9.461 77 9.462 24 9.462 71 9.463 19 9.463 66 9.464 13 9.464 60 9.465 07 9.465 54 9.466 01 9.466 48 9.466 94 9.467 41 9.467 88 9.468 35 9.468 81 9.469 28 9.469 75 9.470 21 9.470 68 9.471 14 9.471 9.472 9.472 9.472 9.473 60 07 53 99 46

48 47 48 :: 47 47 t;: :: 47

l

I d, f
4 4 : 4 3 t : 4 : 4 3 4 4 : 4 4 : d 3 4 4 3 4 4 : 4 4 3 t 4 4 3 t 4 :: : 4 1 4 4 3 -

-

P.P.

i:i

f :f
1:.X 24.0 32.0 *o.o 04: ;:: 3.0 3.8 4.5 ;:; 6.8 :o" 30 :: n : : 2 7 8 9 :: 30 40 50 OY ::: 2.8 ;:; 4.9 ;:; 1z.g 22.5 30.0 37.5 1:.; 23.5 31.3 39.2 Of: ;:; 2.9 3.' 4.i ::; 6.6 1:.; 22.0 29.3 36.7 41 0.7 ;:"o 2.7 3.4 ;:; 5-S 6.2 4 ;:; 8:: 0.3 0.4 0.5 0.5 0.6 0.7 21.0 28.0 35.0 4 zs 6.0 18.0 30.0 42.0 3 48 2:.x 40.0 20.5 27.3 34.2 4 * 5.9 17.6 29.4 41.1 3 cf 2z 39.2 ;:; 32:; 4 -s 5.8 17.2 28.8 402 3 -% 7.7 23.0 38.3 ot: ::; 2.9 ::; 5-o 527 6.4 1:d 21.5 28.7 35.8 3 0.0 0.1 0.2 0.2 0.2 ;:: 0.4 0.4 0.5 ::; ;:; 4 Js 5.6 16.9 28.1 39.4 3 45 272.55 37.5

t: :: 46 47 :: 46 47 t: t: 46 :z :; 46 :z :z 46 t66 46 46 46 t:, :: 45 :: :: 45 46 2 46 45

t:
43 :: 43 42 43 43 :z 43 42 43 9: 42 43 :z :: 42 tz

9.473 92 9.474 38 9.474 84 9.475 30 9.475 76 9.476 9.476 9.477 9.477 9.478 22 68 14 60 06

9.457 58 9.458 01 9.458 43 9.458 85 9.459 27 9.459 69 9.460 11 9,460 53 9.460 95 9.461 36 9,461 78 9.462 20 9.462 62 9.463 03 9.463 45 9.463 86 9.464 28 9.464 69 9.465 11 9.465 52 9.465 94 L. cos. 106" (286")

t;
42 4; t: 42 42 42 :: 41 42 41 4: 42 d.

9.478 52 9.478 97 9.479 43 9.479 89 9.480 35 9.480 80 9.481 26 9.481 71 9.482 17 9.482 62 9.483 07 9.483 53 9.483 98 9.484 43 9.484 89 9.485 34 L. cot.

- -

:.a.

a.
(253") 73"

P.P.

61

SP: 8 - 1970
TABLE 6 LOGARITHMS OF TRIGONOMETRIC FUNCTIONS - CoWd (342") 1fXP

17O (197O)

,

1 : 1 .2 il 11 i: 11

-

:
4 4

0 9 8 7 6 .5 ;3 ;2 if

L. Sin. 9.465 94 9.466 35 9.466 76 .9.467 17 9.467 58 9.468 00 9.468 41 9.468 82 9.469 23 9.469 64

d. -

L. Tan. 9.485 34 9.485 79 9,486 24 9,486 69 9.487 14 9.487 9.488 9.488 9.488 9.489 9.489 9.490 9.490 9.491 9.491 59 04 49 94 39 84 29 73 18 63

-

L.

cot.

I,.

cos.

P.P.

0.514 66 0.514 21 ::::: :; 0.512 86 0.512 41 8:::: :! 0.511 06 0510 61 0.510 16 0.509 71 0.509 27 0.508 82 0.508 37 0.507 93 0.507 48 0.507 04 0.506 59 0.506 15
1

04: 1.5

44 0.7 ;:; 2.9 3.7 4.4 5.1 5.9 6.6

9.980 40 9.980 36 9.980 32 9.980 29 9,980 25 9.980 21 9.980 17 9980 13 9.980 09 9.980 05 9.980 01 9.979 97 9.979 93 9.979 89 9.979 86 9.979 82 9.979 78 9.979 74 ;m;I;

4 1 : 4 : 4 4 4 : 4 3 4 4 : 4 4 1 1 1 1 1

2.2 3.0

04; ::;
2.9 S.0
5.7 6.4

;:;

:Y 12 13 14 1: 1t 1; II l!

9.470 05 9.470 45 9,470 86 9.471 27 9.471 68 9.472 9.472 9.472 9.473 9.473 09 49 90 30 71

I? :: I1 :: :: 4( :1 ti 4( 4' 4( tl 41 41 41 :1 41 41 4 3 4' 4 : 4 3 4 3 4 : 3 4 : 3 3' 3' 3' 3' 31 31

.1:.: 22.5 30.0 37.5 15 1:: t: Ml :: L :d 3s 34 :; 31 ;r 21 2: 2( 21 2d ;j 2: 2( 1' 1: 1' 1( l! 11 :: 1' l( 3.5 4.2 4.9 ;:g li.8 21.0 28.0 35.0 z6" ;:; 2.6 3.2 3.9 4.6 5.2 5.8 6.5 13.0 19.5 26.0 32.5 5 zc 1:.; 21.5 30.1 38.7 4 zf 5.4 16.1 26.9 37.6

1::: 22.0 29.3 36.7

Z.3 21.5 28.7 35.8

9.492 07 9.492 52 9.492 96 9.493 41 9.493 85 9.494 9.494 9.495 9.495 9.496 30 74 19 63 07 I
1

9.474 11 9.474 52 9.474 92 9.475 33 9.475 73 2 21 ; 2 9.476 13 9.476 54 9,476 94 9.477 34 9.477 74 9.478 9.478 9.478 9.479 9.479 14 54 94 34 74

9.496 52 9,496 96 9.497 40 9.497 84 9.498 28 9,498 72 9.499 16 9.499 60 9.500 04 9.500 48 9.5OC 92 9.501 36 t::::. z: 9.502 67 9.503 11 9.503 55 9.503 98 9.504 42 9.504 85 9.505 29 9q505 72 9.506 16 9.506 59 9.507 03 9.507 9507 4.508 9.508 9.509 9.509 9.510 9510 9.510 9.511 46 89 33 76 19 62 05 48 92 35

9.480 14 8:::: ;3 9.481 33 9.481 73 :: 4 4 4 9.482 13 9.482 52 9482 92 9.483 32 9.483 71 9.484 11 9.484 50 ;:;g ;; 9.485 68 9.486 07 9.486 47 9.486 86 9.4872 5 9.487 64 9.485 03 9.488 42 9.488 81 9.489 20 9.489 59 6 -9.489 98 L. CO% 107" (287")

I i t It t : : t t :1
4 : : 4 3 : 1 3 : : 3 : : 3 - _ 1.

0~505 70 0.505 26 0.504 81 0.504 37 0.503 93 0.503 48 0.503 04 0.502 60 0.502 16 0.501 72 0501 28 0500 84 0.500 40 0.499 96 0.499 52 0.499 08 0.498 64 0,498 20 :::;7' ;3 8::;: 1: 0.496 02 0.495 58 0.495 15 0.494 71 0.494 28 0.493 cl 0.393 41 0.492 97 0.492 54 0.492 11 0.491 67 0.491 24 0.490 81 0.490 0.489 0.489 0.489 0.488 38 95 52 08 65

::; 4.8 5.5 6.2 l!.Y 20.5 27.3 34.2

::; 4.7 ;:; 12.:: 20.0 26.7 33.3

I

;:;:z 9.979 9.979 9.979 9.979 9.979 9.979 9.979 9.979 9.979 9.979 9.979 9,979 9.979

2: 54 50 46 42 38 34 30 26 22 18 14 10 06

1 `

0.: 0.` : 0.2 0.1
8:: 0.4 8:: 8:; 8:; 0.3 0.4 0'5 0.5 0.6

0.:
8:; 0.2 0.2 0.3 0.4 0.4 0.4

9.979 02 9.978 98 9.978 94 9.978 90 9-978 86 9.978 9.978 9.978 9.978 9.978 82 78 74 70 66

?:7" ::: 4.2 4 4J 5.6 16.9 28.1 39.4 ~3 4%

0.7 2.7 ;:; 3.3

0.5 1.0 ;:; 2.5 4 a 5.5 16.5 27.5 38.5 3 47 7.3 22.0 36.7

9.978 61 9.978 57 9.978 53 ;:z:: :z 9.978 41 9.978 37 9.978 33 9.978 29 9.978 25 9.978 21 L. Sin.

4 t 1

4 t , -

2;:; 37.5

-- d

9.511 78 L. cot.

0.488 22

-

-

L. Tan.

d (252') 72"

P.P.

62

(Continued)

SP: 8 - 1970
TABLE 6 LOGAhITIiMS 18" (1980) L. Sin. O F T R I G O N O M E T R I C FUNCTIONS-Cmtd (341') 161G

-

L. Tan.,

L. cot.
0,488 22 0.487 79 8:::: ;: 0486 51

L. CO%
9.978 21 9.978 17 ;:;:: t: 9.978 04 ;:z:; g 9.977 92 z:; it

- , d.
4 : 4 4 t t 5 4 : 4 4 : t 4 4 : 4 4 4 5 t 4 : 4 4 S 4 t 5 4 4 4 .: 4 4 : 4 5 4 4 : 4 : 4 5 4 d. 40 :z 37 36 :: 3": 31 ft 28 27 26 25 5: 22 21 20 :I: :: :: :; 11 10 9 f 6 : ; 1

P.P. 0: 1.4 f$ ;:; 2:; 6.4 1Zd 21.5 28.7 35.8 :: ::; 2.6 ;:g 4.6 5.2 5.8 3.2 ;:i 5.1 5.7 1;.: 19.0 25.3 31.7 36 0.6 ::"8 2.4 3.0 ::; 4.8 5.4 1i.x 18.0 24.0 30.0 5 u 1:.; 21.5 30.1 38.7 4 -a 1z 26.9 37.6 5 0.1 0.2 8:: 0.4 0.5 0.6 ;:`8 0.8 ;:; 3.3 4.2 5 ti 1f.i 21.0 29.4 37.8 4 42 1:.: 26.2 36.8 li.8 21.0 28.0 35.0 1:.; 20.5 27.3 34.2 37 0.6 1.2 ;:; ::: 2:; 5.6 1;s 18.5 24.7 30.8 4 8:: 8:: 0.3 8:: ;:; 0.7 ;::, ::: 5 ri 1;:: 20.5 28.7 36.9 4 x 1:.: 25.6 35.9

8 ;:;
2.8

2.7

;:`o

9,491 92 9.492 31 9.492 69 9.493 08 9.493 47 9.493 85 9.494 24 9.494 62 z;:: $ 9.495 77 9.496 15 9.496 54 9.496 92 9.497 30 9.497 68 z*tz z 91498 82 9.499 20 9.499 58 9.499 96 8::L :; 9.501 10 9.501 48 ;::o": t: 9.502 61 9.502 98 9.503 36 ;::z :`: 9.504 49 9.504 86 9.505 23 9.505 61 K$! :; 9.506 73 ;::x: :: 9.507 84 9.508 21 9.508 58 9.508 96 9.509 33 9.509 70 9.SlO 07 9.510 43 9.510 80 9.511 17 8:::: ;t 9.512 27 9.512 64 9.528 70 9.529 12 9.529 53 9.529 95 9.530 37 9.530 78 9.531 20 9.531 61 9.532 02 9.532 44 9.532 85 9.533 27 9.533 68 9.534 09 9.534 50 9.534 92 9.535 33 9.535 74 9.536 15 9.536 56 9.536 97 9.516 06 8% ;; 9.517 34 9.517 76 9.518 19 9.518 61 9.519 03 9.519 46 9.519 88 0520 31 9.520 73 9.521 15 z::z 9.522 42 z::;; ft 9.523 68 9.524 10 9.524 52 z::;: ;: 9.525 78 9.526 20 0.483 0.483 0.483 0.482 0.482 94 52 09 66 24

9.977 79 z;: 8: 9.977 67 9.977 63 9.977 59 9.977 54 "9:;::: :8 9.977 42 9.977 38 9.977 34 9.977 29 83:; ;: ;:;:: :: 9.977 08 9.977 04 0.977 00 8:;:: t; 9.976 87 9.976 83 9.976 79 9.976 9.976 9.976 9.976 9.976 9.976 9.976 9.976 9.976 9.976 74 70 66 62 57 63 49 45 40 36

0.481 81 0.481 39 0.480 97 0.480 54 0.480 12 0.479 69 ::::I: ;: 0.478 43 0.478 00 0.477 58 0,477 16 0.476 74 0.476 32 0.475 90 0.475 48 0.475 06 0.474 64 0474 22 0.473 80 0.473 39 0.472 97 81:; :: 0.471 71 0.471 30 0.470 88 0.470 47 x::z: z: 0.469 22 0.468 80 8'2; :z 0:467 56 0.467 15 0.466 73 0.466 32 0.465 91 0.465 50 0.465 08 0.464 67 0,464 26 0463 85 0.463 44 0.463 03 L. Tan;

;:z:: ;; 9.976 23 zl :z 9.976 10 `9:"9:: :; 9.975 97 9.975 93 9.975 9.975 9.975 9.975 9.975 89 84 80 76 71

9.975 67 L. Sin.

0 -

L.
1W (288')

cos.

L. cot.

,

P.P.

(251") 71�

63

(Cmtinued)

SP: 8 - 1970
TABLE 6 LOGARITHMS OF TRIGONOMETRIC FUNCTIONS - Confd (340") 160"

19O (1990) L. Sin. 9.512 64 9.513 01 9.513 38 "9:::: :`: 9.514 47 9.514 84 `9:::: :; 9.515 93 10 ::. 13 14 "9:::: $Z ;*;;; ;; 9.517 74 9.518 11 9.518 47 9.518 83 9.519 19 9.519 55 2a 21 ;: 24 9.519 91 9.520 27 9.520 63 9.520 99 9.521 35 9.521 71 9.522 07 `9::;; %; 9.523 14 3I 3: 3` 3: 3` 3! 3f 33; 3! 9.523 50 x::;: ;: 9.524 56 9.524 92 9.525 27 9.525 63 9.525 98 8::;: Zd 9.527 05 9.527 40 9.527 75 9.528 11 9.528 46 4! 4f :i 4' 50 :: :: ::, 57 58 59 60 9.528 81 9.529 16 9,529 51 9.529 86 9.530 21 9.530 56 9.530 92 9.531 26 9.531 61 9.531 96 9.532 31 9.532 66 9.533 01 9.533 36 9.533 70 9.534 05 L. CO%

-- _- L. Tan. 9.536 97 9.537 38 9.537 79 9.538 20 9.538 61 c.d. .-41 :: 41 41 41 4: 40 9.541 9.541 9.541 9.542 9.542 06 47 87 28 69 41 41 :: 41 40/ :A, 41 40I 41 :: 4aI 4cI 41 4:1
I
I

L. cot. 0.463 03 0.462 62 0.462 21 0,461 80 0.461 39

L. cos. "9:;;: :: 9.975 58 9.975 54 9.975 50

3. 4 : 4 5 4 : 4 5 4; : 5 4 2 4 5 4 : 5 4 4 : 5 4 : : 5 4 : 5 4 : $ 5 4 5 d 5 4 : 5 4 z 4 5 4 -

, )O i9 ;8 i7 i6 is i4 53 52 51 1::; 20.5 27.3 34.2 : 43 42 41 40 ;; 37 36 :: 33 il: 37 0.6 1.2 ;:; 3.1 ;:; 4.9 5.6 1z 18.5 24.7 30.8 g ::: 2.3 2.8 3,4 ;:t 5.1 2a 19 :; 16 15 i; 11 10 ; 7 6 : ; 1 0 1:.: 17.0 22.7 28.3 5 xi 1t.i 20.5 28.7 36.9 4 a41 0.7 ;:; 2.7

P.P.

IF: ::;
3.2

2.6 ;:; 5.2 5.8

`9:::: t: 9.975 36
0.458 94 XZ :: 0.457 72 0.457 31 0.456 91 0.456 50 0.456 10 0.455 69 0.455 29 0.454 88 0.454 48 0,454 07 0.453 67 0.453 27

9.975 32 9,975 28

1::: 19.5 26.0 32.5

9.543 09 9.543 50 9.543 90 9.544 31 9.544 71 x:::: :: 9.545 93 0.546 33 9.546 73 9.547 14 9.547 54 9.547 94 9.548 35 9.548 75 9.549 15 9.549 55 9.549 95 ;:::: :5" 9.551 1.5 9.551 55 9.551 95 9.552 3.5 9.552 75 9.553 15 9.553 55 9.553 95 9.554 34 9.554 74 9.555 14 ;.;g ;; 9.556 33 9.556 73 9.557 12 ;:::: ZT 9.558 31 9.558 70 9.559 9.559 9.559 9,560 9-560 10 49 89 28 67

9.975 01 9.974 97 9.974 92 9.974 88 9.974 84 ;9;; ;; 9.974 70 9.974 66 9.974 61 `9.;;; 2; 9.974 48 9.974 44 9.974 39 9.974 35 ;:;;; ;; 9.974 21 9.974 17 9.974 12 ;:;;"4 ;fj 9.973 99 9.973 94 ;:;;: ;; 9.973 81 9.973 76 9,973 72 9.973 67 9.973 63 9.973 58 9.973 53 9.973 49 9.973 44 8:;:: z 9.973 31 9.973 26 9.973 22 9.973 17 9.973 12 ;:f: :: 9.972 99 L. Sin.

3":; 4.2 4.8 5.4 6.0 12.0 18.0 24.0 30.0 0.: 0.2 8:; 0.4 8:; ::: 0.8 ;:: 3.3 4.2 5 J

::; 4.1 4.7 5.2 5.8 11.7 17.5 23.3 29.2

' 0*452 46
0.452 06 0,451 65 0.451 25 0.450 85 0.450 45 0.450 05 ::z ;: 0448 85 0448 45 0448 05 0447 65 0447 25 0446 85 0446 45 0.446 05 044.5 66 0445 26 0444 86 0444 46 0444 07 0.443 67 0.443 27 0.442 88 0.442 48 0.442 09 0441 69 0.441 30 ::z z: 0440 11 0.439 72 0.439 33 0.438 93 L. Tan.

0.452 86

4:I 4c, 4c 4c

1 ::i 4(1
4( 1 ::; 4( ) 4() 4( ; jr3 4i1 4(1 4( 1 4( ) 39

;:: ;:: 0.6 y:; 5:: 3.3 5 39 1:.; 19.5 27.3 35.1

< ii f

40 39 40 39 40 :: :z 40 _- - c.d -

4 B 1;:; 25.0 35.0

4 w 4.9 14.6 24.4 34.1

0 :
:

.
25.6 35.9

12

9.561 07 L. cot.

-P.P.

, -

109* (289")

I a. - (250") 7o"

64

(Cotlfinucd)

SP: 8 \ TABLE 6 LOGARITHMS OF TRIGONOMETRIC FUNCTIONS-Conld (339") 159"

1970

2o" (200")

I

-

L. Sin. 9,534 05 9.534 40 9.534 7s x z 9.535 78 9.536 13 ;:::t t: 9.537 16 9'537 51 9.537 85 9.538 19 9.538 54 9.538 88 9.539 22 9.539 57 9.539 91 9.540 25 9.540 59 9.540 93 9.541 27 9.541 61 9.541 95 9.542 29 9.542 63 9.542 97 9.543 31 9.543 65 9,543 99 9.544 33 9.544 66 9.545 00 9.545 34 9.545 67 9.546 01 9.546 3 5 8::t! 8; 9.547 35 9.547 9.548 9.548 9.548 9.549 69 02 36 69 03

a. i: i:
34 :: :: 35 34 ;: 34 34 ;: zt 34 :t :t 34 it :t 34 :: :: 34 3": :: 34 :: z: 33 :: zz 33 ::: z: 33 :: :z 33 d.
-L -.

L. Tan. 9.561 07 9.561 46 9.561 85 9.562 24 9.562 64 9.563 03 9.563 42 9.563 81 `9.564 20 9.564 59 9.564 98 z:::: :: 9.566 15 9.566 54 9.566 93 9.567 32 9.567 71 9.568 10 9.568 49 9.568 87 9.569 26 9.569 65 9.570 04 9.570 42 9.570 81 9.571 20 9.571 58 9.571 97 9.572 35 9.572 74 9.573 12 9.573 51 9.573 89 9.574 28 9.574 66 9.575 04 9.575 43 9.575 81 9.576 19 ;:::z z: 8:::: :f 9.578 10 9,578 49 9.578 87 9.579 25 :::;x :: 9.580 39 9.580 77 9.581 15 9.581 53 9.581 91 9.582 29 9.582 67 `9% z 9.583 80 9.584 18 L. cot.

L. cot. 0.438 93 0.438 54 0.438 IS 0.437 76 0.437 36 0.436 97 0.436 58 0.436 19 0.435 80 0.435 41 0.435 02 0.434 63 0.434 24 x::z :z 0.433 07 0.432 68 0.432 29 0.431 90 0.431 51 0.431 0.430 0.430 0.429 0.429 13 74 35 96 58

L. cos.

d. : 4 5 4 :. 4 5 5 4 : 4 5 40 0.7 1.3 2.0 2.7

P.P.

2 9.972 89
8:::;
9.972 85 9.972 80 9.972 76 9.972 71 9.972 66 ;:;;; 2;

O? ::;
2.6 ::`9 ::; 5.8 ,;:; 19.5 26.0 32.5 35 ::; ;:; ;:; 4.1 4.7 5.2 5.8 11.7 17.5 23.3 29.2 0: 8:: 0.3 0.4 0.5 ;:; 0.8 0.8 1:: ::: 5 s I;.; 19.5 27.3 35.1

38 0.6 1.3 ::`5 3.2 ::t ::; 1;:: 19.0 25.3 31.7 :: ;:: 2.3 ;:f 4.0 4.5 5.1 1Z 17.0 22% 4 0.1 x:; 0.3 0.3 8:: 8:; 0.7 21; 3.3 5 z% 1z 19.0 26.6 34.2 4 zf 1t.i 23.8 33.2 -

::;
4.7 ;:; 1Z 20.0 26.7 33.3 37 0.6 1.2 I.8 2.5 ;:; i:; 5.6 1;:: 18.5 24.7 30.8 33 0.6 1.1 ;:;

8:;:; :: 9.972 20 9.972 15 9.972 10

: : 4 : 4 5 5 4 : 5 4 : 4 5 5 : : 5 4 : 5 5 4 2 5 5 4 : 5 5 4 5 : 5 d. (249") 69"

0.429 19 0.428 80 0.428 42 0.428 03 0.427 65 0.427 26 0.426 88 0.426 49 0.426 1 1 0425 72 0.425 34 0.424 96 0.424 57 0.424 19 0.423 81 0.423 0.423 0.422 0.422 0.421 42 04 66 28 90

9.971 82 8:Zf :: 9.971 6F 9.971 63 9.971 59 9.971 54 8:;:: 44; 9.971 40 9.971 3S 9.971 30 ;:z:f :: 9.971 16 9.971 11 9.971 07 9.971 02 z:"o ;I ;:::: :: 9.970 78 9.970 73 9.970 68 9.970 63 9.970 59 ;:;:x :; 9.970 44 9.970 39 ;:;7700 J"o' 9.970 25 9.970 20 9.970 15 L. Sin.

.

9.549 36 9.549 69 9.550 03 9.550 36 9.550 69 9.551 02 9.551 36 9.551 69 9.552 02 9.552 35 9.552 9.553 9.553 9.553 9.554 I

0.421 51 0.421 13 0.420 75 0.420 37 0.419 99 0.419 61 0.419 23 0.418 85 0.418 47 0.418 09 0.417 71 0.417 33 0416 96 0.416 58 0.416 20 @415 82 L. Tan.

68 01 34 67 00

5 31 1:.: .:8.5 25.9 33.3

4 `s 1t.i 24.4 34.1 -

9.554 33 L. cos.

P.P.

-

110" (290")

65

(Cmtinucd)

SP: 8 - 1970
TABLE 6 LOGARITHMS OF TRlGONOMETRIC FUNCTIONS - conk? (338') 158" d. L. Tan. 9584 18 9.584 55 9.584 93 9.585 31 9.585 69 9.586 06 ;:::t ;t: 9.587 19 9.587 57 r::; 9:588 9.589 9.589 if 69 07 44

21" (201") L. Sin. 0 : 3 4 9.554 33 9.554 66 9.554 99 9.555 32 9.555 64 9.555 9.556 9.556 9.556 9.557 10 11 :: 14 15 :; 18 19 97 30 63 95 28

T

:.d.

L. cot.

L. cos. 9.970 15

d. T: 4 5 5 5 : 5 5 4 : 5 5 : : 5 : ,4 5 5 : 5" 5 : 5 5 5 : 5 5 5 5" 5 5 5 5 : 6 5 : : 5 5 : 5 5 d.

-

, 60 :t 57 56 55 :: 52 51 z tt 46 z t: 41 40 39 :f 36 :: ;: 31 30 z't :: f: :; 21 20 :t :: 1; :: 10 t i : s 1

P.P.

38 37 "3; :: 37 38 :; 37 37 "3; ;; 37 :;: 3": 37 :;: :: 37

X:$8 A: 9.970 01 9.969 96 0.413 94 0.413 56 0.413 19 0.412 81 0.412 43 0.412 06 Oo:::: !Y 0.410 93 0.410 56 0.410 19 0409 81 8:2x; k!l 0.408 69 0.408 0.407 0.407 0.407 0.406 32 95 57 20 83 9.969 91 9.969 86 9.969 81 $8:: 3; 9.969 66 9.969 52 9.969 57 9.969 52 9.969 47 9.969 42 9.969 3; 9.969 32 9.969 27 9.969 22 9.969 17 ;9!%g A$ 9.969 03 9.968 98 9.968 93 9.966 88 9.968 83 9.968 78 9.968 73 9.968 9.968 9.968 9,968 9.968 9.968 9.968 9.968 9.968 9.968 z:;z: 9.968 9.968 9.967 9.967 9.967 9.967 9.967 9.967 68 63 58 53 48 43 38 33 28 23 :: 08 03 98 93 88 83 78 72

c?:
1.3 ::; 3.2 3.8 4.4 5.1 5.7 A:: 19.0 25.3 31.7

CZ
3.1

1.2 ;:;

36 0.6 1.2 ;:i 3.0 3.6

;:; 4.9 5.6 162.: 18.5 24.7 30.8 03: 1.1 ::4

::;
5.4 6.0 12.0 18.0 24.0 30.0

9.557 61 9.557 93 9.558 26 8% Z! 9,559 23 9.559 56 9.559 88 9,560 21 9.560 53 9.560 9.561 9.561 9,561 9.562 85 18 50 82 15

cz

1.0 1.6 2.1

9.591 9.592 9.592 9.592 9.593

68 05 43 80 17

2.8 3.3 3.8 4.4 5.0 1Z.Z 16.5 22.0 27.5 6 8:; 0.4 0.5 E:f g:; :::: ::g 5.0 6 m ;:; 15.4 21.6 27.8 33.9 5 3 1"o.i 18.0 25.2 32.4

::; 3.7 t:; 1:.: 16.0 21.3 26.7 0.: 0.2 z:: 0.4 ;:; 8:;: 0.8 1.7 ::: 4.2 5 s 1:.: 19.0 26.6 34.2 4

2.6 3.1 4.6 ;:; 5.2 10.3 15.5 _ ;;:;:

25 26 27

9.562 47 9,562 79 9.563 11 9,563 43 9,563 75 x:::: :: 9.564 72 9.565 04 9.565 36 9.565 68 9.565 99 9,566 31 9.566 63 9,566 95

9.593 54 9.593 91 9.594 29 9.594 66 9.595 03 z::;: 9.596 9.596 9.596 ;: 14 51 88

0.406 46 0.406 09 @405 71 0.405 34 0.404 97 0.404 60 0.404 23 0403 86 O-403 49 0.403 12 0.402 75 0.402 38 0.402 01 0.401 65 0.401 28 0.400 91 X:f3 :: 0.399 81 0.399 44 0399 07 0.398 70 @398 34 0.397 97 0.397 60 8::;: ;; 0.396 51 0.396 14 0.395 78 0.395 41 0.395 05 0.394 68 0.394 32 0.393 95 0.393 59 L. Tan.

9.597 25 9.597 62 !!:;`8 ;z 9:598 72 9.599 09 ;*:;x ;t:: 9:600 19 9.600 56 9.600 93 9.601 30 9.601 66 9.602 03 9.602 40 9.602 76 9.603 13 9.603 49 9.603 86 9.604 22

3"; 37 37 `37 :3 36 37 37 37 3": 37 37 :;I :336 37 36 :: 35 36 z 37 36 -

0.3 ;:I: 0.5 0.6 ::: 2.0 2.7 3.3 5 -e 3.7 11.1 18.5 25.9 33.3 4 37^ 4.6 13.9 23.1 32.4 -

443 41 :: 44

9,567 27 9.567 59 9567 90 ;:55:88 :5 9.568 9.569 9.569 9.569 9.570 86 17 49 80 12

50 51 52 ::

9.967 67 9.967 62 9.967 57 z:: :3 9.967 9.967 9.967 9.967 9-967 42 37 32 27 22

zi

57

9.572 01 9.572 32 z:::: z 9.573 26 9.573 58 L. cos. d. L. cot.

33
144.82 23.8 33.2 -

5";
60

9.967 17 L. Sin.

:.d.

0 ,

P.P.

Ill0 (2910)

(2484 &'

66 .

(Confinued)

SP: 8 - 1970
TABLE 6 LOGARITHMS OF TRIGONOMETRIC FUNCTIONS - Contd (337") 157O

22" (2020)

, 0 : :

I

L. Sin. 9.573 58 9.573 89 9.574 20 9.574 51 9.574 82 9.575 14 9.575 45 9.575 76 ;:::: :;

,

6 : 5 5 : 2 5 : : 5 6 5 : 5 6 : 5 5 6 : 5 5 6 : 5 6 : 2 5 : : 5 6 i: 6 5 : 5 5 6 5 : 5 5

-

L. Tan. 9.606 41 9.606 77 ;::x: :: 9.607 86 9.608 23 `9'::lt ;z 91609 31 9.609 67 9.610 04 9.610 40 ;:z :4 9.611 48 9.611 84 9.612 20 9.612 56 9.612 92 9.613 28

-

L. cot.

L. cos. 9.967 17 9.967 11 9.967 06 9.967 01 9.966 96 9.966 91 x:zl if 9,966 76 9.966 70 9.966 65 9.966 60 9.966 55 9.966 50 9.966 45 9.966 9.966 9.966 9.966 9.966 9,966 9.966 9.966 9.965 9.965 40 34 29 24 19 14 08 03 98 93

d. 37 0.6 ::; 2.5 ;:: t:; 5.6

P.P. 36 0.6 ::; 2.4 ;:z 4.2 4.8 5.4 162.00 18.0 240 30.0 03: ::; 2.1 2.7 3":: 4.3 4.8 1z 16.0 21.3 26.7 29 0.5 1.0 ;:; 2.4 ::; 3.9 4.4 4.8 1z.z 19.3 242 6 & 1;*: 15.5 20.7 25.8 6 ::: ;:: 0.5 8:; 0.8 0.9 ;:"o ;:; 5.0 6 z ;:; 146 20.4 26.2 32.1 5 a y I 3.7 11.1 2 18-S : 5 K3 1:.t 18.0 25.2 32.4 5 3% 1i.z 17.5 24.5 31.5 31 0.5 1:; 35 ::; ;:i 3:; t:: 5.2 *:."7 17.5 23.3 29.2 30 0.5 ::`: 2.0 2.5 3.0 z:; 4.5 1i.i 15.0 20.0 25.0 5 ;; 0.3 ;:`5 8:; 0.8 0.8 ;:; i:;

I::;: :i 0.392 86

0392 50 0.392 14 0.391 77 0391 41 0.391 05 0.390 69 0.390 33 0.389 96 0.389 60 8:::: :;: 0.388 52 . 0.388 16 0.387 80 8% ; 0.386 72 0.386 36 0.386 00 0.385 64 0.385 28 0.384 92

:: 12 ::

9.576 69 z:::: :: 9.577 62 9.577 93

20 ;: 23 24 25 ;: 28 29 30 z: 33 34

9,579 78 9.580 08 9.580 39 9.580 70 9.581 01 9.581 31 `9:::: "91 9.582 23 9.582 53 9.582 84 9.583 14 9.583 45 9.583 75 9.584 06 9.584 36 ;:::t 81 9.585 27 9.585 57

9.613 9.614 9.614 9.614 9.615

64 00 36 72 08

9.615 44 9.615 79 9.616 15 9.616 51 9.616 87 9.617 22 9.617 58 9.617 94 9.618 30 9.618 65 9,619 01 9.619 36 9.619 72 9.620 08 9.620 43 9.620 79 9.621 14 z:: z 9.622 21 9.622 9.622 9.623 9.623 9.623 9.624 9.624 9.625 9.625 9.625 9.626 9.626 9.626 9.627 9.627 56 92 27 62 98 33 68 04 39 74 09 45 80 15 50

::z :!a
0.382 0.382 0.382 0.381 0.381

0.383 85 0.383 49 0.383 13 78 42 06 70 35

9.965 88 9.965 82 7 x:;:: `Z 9.965 67 9.965 62 x:;:: :: 9.965 46 9.965 41 9,965 35 ;:;z: :: 9.965 20 9.965 14 9.965 09

0.380 99 8% ;;: 0.379 92 0379 57 0.379 21 0.378 86 ;3;"8 ;; 0.377 79 0.377 44 0.377 08 0.376 73 0.376 38 0.376 02 8:::: ;: 9.374 96 0.374 61 0.374 26 0.373 91 0.373 55 0.373 20 0.372 85 0.372 50 0.372 15 L. Tan.

40 41 :: 44 45 46 z 49 50 51 :: 54 :z :; 59 60 ,

9.585 9.586 9.586 9.586 9.587 9.587 9.587 9.587 9.588 9.588 9.588 9.589 9.589 9.589 9.590

88 18 48 78 09 39 69 99 29 59 89 19 49 79 09

.

8:::: :: 9.964 93 9.964 88 9.964 8.3 9.964 77 9.964 72 9.964 67 9.964 61 9.964 56 9.964 51 9.964 45 9.964 40 9.964 35 9.964 9.964 9.964 9.964 9.964 29 24 19 13 08

9.590 39 9.590 69 9.590 98 9.591 28 9.591 58 9.591 88

_-

9.627 85 L. cot.

9.964 03 L. Sin.

.

d. (247') 67" P.P.

L. cos. 112O (292")

SP:S - 1970
TABLE 6 LOGABITHMS OF TIUGONOMETBIC 23O (203') L. Sin. L. Tan. 9.627 9.628 9.628 9.628 9.629 85 20 55 90 26 FUNCTIONS - Co&d (336') 156"

.d. L. cot. 0.372 15 0.37180 0.37145 0.371 10 0.370 74 0.370 39 c.370 04 0.369 69 0.369 34 0.368 99 0.368 65 0368 30 0.367 95 0.367 60 0.367 25 0.366 90 0.366 55 0.366 21 0.365 86 0.365 51 0.365 16 0.364 81 0.364 47 0.364 12 0.363 77 0.363 43 0.363 08 0.362 74 0.362 39 0.362 04 0361 70 0.361 35 w361 01 0.360 66 0.360 32 0.359 97 0.359 63 0.359 28 0.358 94 0.358 60 0.353 25 0.357 91 0.357 57 0.357'22 0.356 88 0.356 54 0.356 19 0.355 8.5 0.355 51 0.355 17 0.354 83 0.354 48 0.354 14 0.353 80 0.353 46 9.646 88 9.647 22 9647 56 `9::; ;: 9.648 58 L. cot. :.d 0.353 12 0.352 78 0.352 44 0.352 10 0.351 76 0.351 42 L. Tan. 9.962 12 9.962 07 9.962 01 9.961 96 9.961 90 9.961 85 9.961 79 9.961 74 9.961 68 9.961 62 9.961 57 9,961 51 9.961 46 9.961 40 9,961 35 9,961 29 9.961 23 9.961 18 9,961 12 9.961 07 9,961 01 9,960 95 9,960 90 9,960 84 9.960 79 9.960 73 L. Sin. L. cos. 9.964 03 9.963 97 9.963 92 9.963 87 9.963 81 9.963 9.963 9.963 9.963 9.963 76 70 65 60 54

z6 5" 6 5 6 : 6 5 6 : 6 5 6 2 5 6 : 6 5 6 2 2 5 6 z 5 6 2 : 5 6 2 6 5 6 2 5 6 6 : 5 6 6 2 5 6 d.

, 60 :: ::

P.P. 36 0.6 ::8" 2.4

::;
2.3

9.629 61 ;:z:: ;: 9.630 66 9.631 01 9.594 84 9.595 14 ;::;: :: 9596 02 9.631 35 99% z 9.632 40 9.632 7.5 9.633 9.633 9.633 9.634 9.634 9.597 78 z::;: !i7" 9.598 66 9.598 95 10 45 79 14 49

::; t::
5.2 1 % 18.0 24.0 30.0 1f.f 17.5 23.3 29.2 :: 1.0 ::;: 40 :: 37 36 35 34 3"; 31 30 ;; 26 2.5 ;:; 4.0 4.5 li.8 15.0 20.0 25.0 6 8:; 0.3 0.4 2":; ;:;: 4.4 4.8 1Z.Z 19.3 24.2 0: ;:"2 0.3

::t ;:; 5.1 lf.3' 17.0 22.7 28.3 :; 0.9 1.4 1.9 3:; ;:; 42 4.7 z 18.7 23.3

;:;z: t; 9.963 38 9.963 33 9.963 27 9.963 22 9.963 16 9.963 11 9.962 05 9.963 00 9.962 94 9.962 89 9.962 84 8% 77: 9.962 67 9.962 62 9.962 56 9.962 51 9.962 45

9.634 84 9.635 19 9.635 53 9.635 88 9.636 23 9.636 57 9.636 92 "9:::: :! 9.637 96

;:z: G8 9.601 28 9.601 57 9.601 86 9.602 15 9.602 44 9.602 73 ;:z: !f

9.638 30 9.638 65 9.638 99 99% :: 9.640 03 9.640 37 `9.::: ;6" 9.641 40 9.641 75 9.642 09 9.642 43 9642 78 9.643 12

20 :: 17 16 :: 13 :: 10 t z : ; 1 0 , 6 % 3.0 lZ.8 21.0 27.0 33.0 5 3 5 1i.Z 17.5 24.5 31.5 6 37 2.9 1:.: 20.4 26.2 32.1 5 34 130.42 17.0 23.8 30.6 P.P. 6 3a ;:; 14.2 19:s 25.5 31.2

Go": :; 9.605 61 9.605 89 9.606 18 9.606 46 ZX! c 9.607 32 9.607 61 9.607 9.608 9.608 9.608 9.609 89 18 46 75 03

9.643 46 9643 81 9.644 15 9.644 49 9.644 83

9.609 3 1 L. cos. 113O (293")

(246") 66"

68

(Contine&;

SP:8-1970
TABLE 6 LOGARITHMS OF TRIGONOMETRIC FUNCTIONS - Co&

I.. Sin. 93609.31 ;:c% E 9.610 16 9.610 45 9.610 73 9.611 01 9.611 29 9.611 58 9.611 86 9.612 14 9.612 42 "9% ;: 9.613 26 9.613 54 9.613 82 9.614 11 9.614 38 9.614 66 9.614 94 9.615 22 9.615 50 9.615 78 9.616 06 9.616 9-616 9.616 9.617 9.617 34 62 89 17 45

L. Tan.
9.648 9.648 9.649 9.649 9.649 58 92 26 60 94
:.o 1

a. 29

L. cot. 0.351 42 0.351 08 0.350 74 0350 40 0350 06 0.349 72 0.349 38 0.349 04 :`% :: .. 0.348 03 0.347 69 0.347 35 0.347 01 0346 6'7 0.346 34 0.346 00 0.345 66 0.345 33 0.344 99 0.344 6.5 0.344 32 0.343 98 0.343 64 0343 31 o-342 97 0.342 64 E7 ;; 0341 63 0341 30 0.340 96 0.340 63 0.340 29 0.339 96 0.339 0.339 0338 0338 0.338 62 29 96 62 29

-

L. Cos. 9.960 73 9.960 67 9-960 62 9.960 56 9.960 50 9.960 45 9.960 39 9.960 34 9.960 28 9.960 22 9.960 17 9960 11 9.960 05 9.960 00 9.959 94 9.959 88 83:; ;: 9.959 71 9.959 65 9.959 9.959 9.959 9.959 9.959 60 54 48 42 37

(3350) 155" 3. '

-

-

P.P.

:s" 29
28 z"t ;"s 28 5: 28 28 :; z? 28 :: ;; 28 28 ;; 28 28 :; ;; 28 kz :; 28 I: ss 27 t7" 27 28 27 27 2; 27 27 ;:: 28 27 27 d.

34 34 34 :: ;t 33 it :t 33 :t 33 34 34 z: 33 34 ;: :: 33 34 :: 33 34 :3 :: 33 34 :: 33 34 ;: 33 33 34 :: z; 33 :: 33 33 33 - c.d -

;t

:
5

'

:"7 56

34 0.6 ::; 2.3 2.8 3. c .' .O 4.5 5.1

33 0.6 1.1 ;:; ;:3" 3.8 4.4 5.0

9.650 28 9.650 62 9.650 96 8:::: 29 9.651 97 96.52 3 1 9.652 6.5 9.652 99 9.653 33 9.653 66 9,654 00 t:E :: 9.655 01 9.655 9.655 9.656 9.656 9.656 35 68 02 36 69

12
6 ;;:y 28.3 29 0.5 1.0 ::; 2.4 $1" 3.9 4.4 4.5 9.7 14.5 19.3 24,2 6 g; ;:: ;:`6 6 8:; 0.9 1.0 2.0 6 i:; 5.0 6 s-z 6 6 :, 6 6 10 : : 2.8 I:.: 19.8 25.5 31.2

16.5 22.0 27.5 28 0.5 0.9 1.4 I.9 2.3 2.8 3.3 3.7 4.2 4.7 ;a:; 23.3

1::;
27 ;:; ::; 9:: 3.2 3.6 4.0 4.5 9.0 13.5 18.0 22.5 5 0.1 0.2 0.2 0.3 0.4 0.5 0.6 8:; 0.8 1.7 5:: 4.2

9.657 03 9.657 36 9.657 70 9.658 03 9.658 37 9.658 9.659 9,659 9.659 9.660 70 04 37 71 04

9.959 31 9.9S9 25 9.959 20 9.959 14 9.959 08 9.959 02 9.958 97 9.958 91 9.958 85 9.958 79 9.958 73 9.958 68 9.958 62 9.958 56 9.958 50 9.958 44 `9:;:"s 3; 9.958 27 9.958 21 9.958 15 ;:;g g 9.957 98 9.957 92 9.957 86 9.957 80 9.957 75 9.957 69 9.957 63 9.957 57 9.957 51 9.957 45 9.957 39 9,957 33 9.957 28 L. Sin.

6

9.617 73 9.618 00 ;::: : g: 9.618 83 9.619 11 9.619 39 9.619 66 "9'ZE.T 9.620 49 9.620 76 9.621 04 9.621 31 9.621 59 9.621 86 9.672 14 9.622 41 9.622 68 9.622 96 9.623 23 9.623 50 9.623 77 9.624 05 9.624 32 9.624 59 9.624 86 9.625 13 9.625 41 9.625 68 9.625 95 L.

6

9,662 04 ;:zz ",Y 9.663 04 9.663 37 9.663 71 9,664 04 9.664 37 9.664 70 9.665 03 9.665 9.665 9,666 9.666 9.666 37 70 03 36 69

0.337 96 0.337 62 0337 29 0.336 96 0.336 63 8%; ;2 0.335 63 0.335 30 0.334 97 0334 63 0.334 30 0333 97 0.333 64 0.333 31 0.332 98 0332 65 0.332 32 !A:: 26' 0.331 33 L. Tan.

6 K 2.8 8.2 13.8 19.2 24.8 30.2

5 -32

;:z: :: 9.667 68 9.668 01 9.668 34 9.668 67 L. cot.

1i.t 17.0 23.8 30.6 -

5 d.

0 -

cos.

'

P.P.

(2450) 650

69

(Con&cd)

SP:8 - 1970
TABLE 6 25" (205") L. Sin. LOGARITHMS OF TRIGONOMETRIC FUNCTIONS - Confd (334") 154"

-i--

-

L. Tan. 9.668 67 99::6699 z 9.669 66 9.669 99

:.d. :: :: 33 33 :: 32 33 :: :; 33 :: :: 33 :: 33 32 33 32 :: 32 33 :: ;: 32 :: :3' 32 :3 ;; 33 3"; il: 32 :it :: 32 :: :; 32 .d. -

L. cot. 0.331 33 8:% :!: 0.330 34 0.330 01 0.329 68 O-329 35 0.329 02 0.328 69 0.328 37 0.328 04 0,327 71 0.327 38 0.327 OS 0.326 73 :::2"6 "0': 0.325 74 0.325 42 0.325 09 0.324 76 0.324 44 0.324 11 @323 78 0.323 46 0.323 13 0.322 81 0.322 48 0.322 15 0.321 83 0321 50 0.321 18 0.320 85 0320 53 0.320 20 0.;19 88 0.319 56 0.319 23 0.318 91 0.318 58 0.318 26 x:::: x: 0.317 29 0.316 97 0.316 64 0.316 32 X:::! : 0.315 3s 0.315 03 0314 71 0.314 39 s::::: K 0.313 42 0.313 10 0.312 78 0.312 46 0.312 14 0.311 82 L. Tan.

I_. cos. --__---..9.957 16 9.957 10 9.957 04 9.956 98 9.956 92 9.956 86 9.956 80 9.956 74 9.956 68 9.956 63 9.956 57 9.956 51 9.956 45 9.956 39 9.956 33 9.956 27 9.956 21 9.956 15 9.956 09 9.956 03 9.955 97 9.955 91 9.955 85 9.955 79 9.955 73 9.955 67 9.955 61 9.955 55 9.955 49 9.955 43 9.955 37 9.955 31 9.955 2s 9.955 19 9.955 13 9.955 07 9.955 00 9.954 94 9.954 9.954 9.954 9.954 9.954 88 82 76 70 64

;:z:: ii

d. -

P.P. 32 7:: ::; ::; ;:; 4.8 1;:; 16.5 22.0 27.5 1z.: 16.0 21.3 26.7 26 ;:`9 1.3 ::; 2~7 ;:; 4.0 4.5 1z 18.0 22.5 7 8:; 0.4 0.5 8:; 0.8 0.9 1.0 ;:; 3.0 4.0 5.0 0.8 ;:: ::; 2.6 ;:; 3.9 4.3 8.7 21.7 6 8:; 8::

z: :; 9.627 84 9.628 11 9.628 38 9.628 65 9.628 92 ;:"6:: :: 9.629 72

`9% :: 9.670 98 9.671 3! 9.671 63

9.673 60 9.673 93 9.674 26 9.674 58 9.674 91 9.631 9.631 9.631 9.632 9.632 33 59 86 13 39 9.675 24 ;:g: ;; 6.676 22 9.676 54 9.676 9.677 9.677 9.677 9.678 87 19 52 85 17

9,632 66 9.632 92 9.633 19 9.633 45 9.633 72

: 5'.i

9.635 04 9.635 31 9.635 57 9.635 83 9.636 10 9.636 36 9.636 62 9.636 89 9.637 15 9.637 41 9.637 67 ;:z:; 9.638 9.638 9.638 ;: 46 72 98

9.678 50 9.678 82 9.679 15 9.679 47 9.679 80 9.680 12 9.680 44 9.680 77

5 I:; 0.3

y;

t;

9.681 74 9,682 06 !m; ;; 9.683 03 9.683 36 9.683 68 9.684 00 9.684 32 9.684 65 9.684 97 9.685 29 9.685 61 9.685 93 9.656 26 9.686 9.686 9.687 9.687 9.687 58 90 22 54 86

9.954 58 9.954 52 9.954 46 9.954 40 9.954 34 8:;:: 2': 9.954 15 9.954 09 9.954 03 9.953 97 9.953 91 9.953 84 9.953 78 9.953 72 9.953 66 -___ L. Sin. j. (244") 64"

9.639 24 9.639 SO ;:6":: ;; 9.640 28 9640 54 9.640 80 ;:g ;; 9.641 58 9.641 84
L.

7 z 2.3 6'9 11'4 16.0 20.6 25.1 29.7

6 32 2.7 l!.! 18.7 24.0 29.3 -

5 -z3 ;:; 16 5 23.1 29.7 -._

-

9.688 18
L.

cos.

cot.

P.P.

-~

115' (295')

70

(Continued)

SP:8 - 1970
TABLE 6 LOGARITHMS OF TRIGONOMETRIC FUNCTIONS - Confd (3330) 153O

- d. I

L. Sin. 9.641 84 9.642 10 9.642 36 ;:ztz" :; 9.643 13 ;:z: :z 9.643 91 9,644 17 9.644 42 9.644 68 x:::: ;t 9.645 45 9.645 71 9.645 96 9.646 22 `gft: ;:

L. Tan.

L. cos. 9.953 66 9.953 60 9.953 54 9.953 48 9,953 41 9.953 9.953 9.953 9.953 9.953 35 29 23 17 10

- P.P.
"

32 7:: ::;

:

3 4 : 7 t :z :8 so ; 2 : : s' 9 :: :: 31 30 :: 27 26 :x 30 40 so " : : 2 7 I 1x 30 40 so 1.3 1.7 2.2 2.6 $50 3.9 4.3 1f.i 17.3 21.7

9.691 38 `9% ;x 9.692 34 9.692 66 9.692 98 8% :; 9,693 93 9.694 25 9.694 57 9.694 88 ;:z;: :; 9.695 84 9.696 9.696 9.696 9.697 9.697 15 47 79 10 42

0.308 62 0.308 30 8% z: 0307 34 0307 02 ym; ;; 01306 07 0.305 75 0305 43 0.305 12 g::kZ :: 0.304 16 x::x: :: 0.303 21 X:% ;:

9.953 04 ;:z:; ;; 9.952 86 9.952 79 9.952 73 9.952 67 9.952 61 ;:;:2" :t 9.952 9.952 9.952 9.952 9.952 9.952 9.952 9.951 9.951 9.951 42 36 29 23 17 11 04 98 92 8S

1Z 16.0 21.3 26.7

21 2 25 8f ;:; ;:: 2.9 ;:"s 4.2 1z 16.7 208 24 X:;: ;:; 2.0 ;:Q ;:; 4.0 ;;.i . 20.0

:

9647 75 9.648 00

%:E 4x 9.647 49

9.648 26 9.648 51 9648 77 9.64,9 02 9.649 27 9.649 9.649 9.650 9.650 9.650 53 78 03 29 54

8% it
0.30163 0.301 32 030100 0300 68 0.300 37 0.300 OS 0.299 74 0.299 42 9.700 89 9.701 21 zzz zs 9.702 1 s 9.702 47 9.702 78 9.703 09 9.703 41 9.703 72 9.704 04 9.704 35 8% t: 9.705 29 9.705 60 "9% ;; 9.706 54 9.706 85 9.707 17 0.294 40 0.294 08 0.293 77 :::;: :: 0.292 83 L. Tan. 0299 11 0298 79 $9": ;`6" 0.297 85 0.297 53 0.297 22 0.296 91 0.296 59 0.296 28

9.951 79 9.951 73 9.951 67 8% t: 9.951 48 9.951 41 9.951 35 9.951 29 9.951 22 9.951 16 9.951 10 9.951 03 9.950 97 9.950 90 :3:8 ;: 9.950 71 9.950 65 9.950 59 9.950 52 9.950 46 9.950 39 9.950 33 9.950 27 9.950 20 ;3:"0 :`: 9.950 01 9.949 95 9.949 88
I.. Sin.

9.650 79 9.651 04 9.651 30 9.651 55 9.651 80 9.652 OS 9.652 30 9.652 55 9.652 81 9.653 06 9.653 9.653 9.651 9.654 9.654 31 56 81 06 31

15 14 13 12 11 10 9 7" 6 5 4 ; 1 0 - , d. (243") 63"

9.654 56 9.654 81 9.655 06 9.655 31 9.655 56
9.655 8 0

7 32 0 : : 5 ;

7 3t

6 3 13.3 ?8.7 24.0 29.3 -

2:;
11.4 16.0 20.6 23.1 29.7

62:;
11.1 15.5 19.9 24.4 28.8

. El

9.656 OS 9.656 30 9.656 55 9.656 80 9.657 OS

P.P.

116' (296")

71

(Contiwed)

SP: 8 - 1970
TABLE 6 LOGARITHMS OF TRIGONOMETRIC FUNCTIONS - Cmld (332") 152'

27" (207') L. Sin., 9.657 OS 9657 29 ;:g; ;; 9.658 04 9,658 28 9.658 53 9.658 78 9.659 02 9.659 27 9.659 52 9.659 76 9.660 01 9.660 25 9.660 SO 9.660 75 9.660 99 9.661 24 9.661 48 9.661 73 9.661 97 9.662 21 9.662 46 9.662 70 9.662 95 9.663 9.663 9.663 9.663 9.664 19 43 68 92 16

-

-

d. 2: ;: 24 t: ;: 2s ;: 24 2S 2s 5: 24 2S 24 ;z 24 2S 24 ;: ;: 2s z 24 24 2s it 2': 24 f: ;t 24 id 4: 23 ;: 4: 24 :t I: 24 _ d.

L. Tan.
9.707 17 9.707 48 9.707 79 9.708 10 9.708 41 9.708 73 9.709 04 9.709 3s 9.709 66 9.709 97

:.a :: ;:
32 z: 31 31 31 :: ;: 3i 31 :: 31 31 :: 30 31 31 31 31 :: 31 31 :: 31 31 31 30 :: 30 z: 31 30 31 31 :: 30 31 ;:, ::, .;I 33: :: 30 -. :.d

L. cot.
0292 83 0292 52 0.292 21 0.291 90 0.291 59 X:% %: 0.290 65 0.290 34 0290 03 0.289 72 0.289 41 0.289 10 0.288 79 0.288 47 0288 16 0287 85 0.287 54 0.287 23 0.286 92 0.286 61 0.286 30 0.285 99 0.285 69 0.285 38 0285 07 0.284 76 0284 4S 0.284 14 0.283 83 0.283 52 0.283 21 0.282 91 0282 60 0.282 29 0.281 98 0.281 67 0281 37 0.281 06 0.280 75 0.280 45 0.280 14 0.279 83 0,279 52 0.279 22 0.278 91 0.278 60 0.278 30 0.277 99 0.277 69 0.277 38 0.277 07 0.276 77 0.276 46 0.276 16 0.275 85 0.275 55 8% z 0.274 63 0.274 33 L. Tan.

L. CO% 9.949 88 ;:g; ;g 9.949 69 9.949 62 ;:z; :; 9.949 43 9-949 36 9.949 30 9.949 23 9.949 17 9.949 11 9.949 04 9.948 98 9.948 91 9.948 85 9.948 78 9.948 71 9.945 65 9.948 58 9.948 52 9.948 45 9.948 39 9.948 32 9.948 26 9.948 19 9.948 13 9.948 06 9.947 99 9.947 93 9.947 86 9.947 80 9.947 73 9.947 67 9.947 60 9.947 53 9947 47 9.947 40 9.947 34 9.947 9.947 9.947 9.947 9.947 27 20 14 07 00

d. -

--.

32 0.5 ::; 2.1 ::; ::; 4.8 1;.: 16.0 21.3 26.7 25 0.4 0.8 1.2 1.7 2.1 ;:; ;:"s

P.P.

60 59 z; 56 :: 53 52 51

(2
2.1

::z

3 ::tj
2.5 3.0 ::; 4.5

2.0

2.6 3.1 j:f 4.6 1i.t 15.5 207 25.8

li.0" 15.0 511 23 ;; 1.5

9.711 84 9.712 1s ;:;:; ;t 9.713 OS 9,713 39 ;:;;:: ;y 9.714 31 9.714 62

4s 44 t; 41

o'p, 0.8 ::; 2.0 if 3.2 3.6 go" 12.0 16.0 20.0 6 8:; 0.3 0.4

:: :; 31 30 29 :; 26 :: 23 4: 20 :s' 17 16 :: :: 11 10 ; zl : : 1 0 - I d. (242") 62"

4.2 l!.Z 16.7 20.8 7 0.1 0.2 8:; 0.6 8:; 0.9 1.0 ;:: 3.5 4.7 5.8

9.664 41 9.664 65 9.664 89 9.665 13 9.665 37 9.665 62 9.665 46 9.666 10 9.666 34 9.666 58 9.6 82 9.66 Y96 9.667 3`1 9.667 55 9.667 79 9.668 03 9.668 27 9.668 51 9.668 75 9.668 99 9.669 22 9.669 46 9,669 70 ;:z :t 9.670 42 9.670 66 9.670 90 9.671 13 9.671 37 9.671 61
L . cos.

8:::: ;: 9.717 09 9.717 40 9.717 71 9.718 02 9.718 33 9.718 63 ;:;;; ;?j 9.719 5s 9-719 86 `:;;; :; x? 9. 0 7 8 9.721 09 E:Z : 9.722 01 9.722 3 1

;:; 11.5 15.3 19.2

9.946 94 9.946 87 9.946 80 9.946 74 9.946 67 9.946 60 9.946 54 9.946 47 9.946 40 9.946 34 9.946 9.946 9.946 9.946 9.946 27 20 14 07 00

7 `Xi

6 zi

6

X4

8::;; 8:
9.723 23 8:::: z:: 9.724 15 9.724 45 8::;: ;: 9.725 37 9.725 67 L. cot.

2.1 1:.`: 15.0 19.3 23.6 27.9

2.6 172.89 18.1 23.2 28.4 -

12.5 17-S 22.5 27-S

3::

9.945 93 L. Sin.

P.P.

117" (297")

72

(Cmtinusd)

SP: 8 - 1970
TABLE 6 LOGARITHMS OF TRIGONOMETRIC FUNCTIONS - Contd (331") 151C

28O (208")
L.

!4 !3 !4 !4 !4

C.'

Sin.

I. -

L. Tan. 9.725 67 9.725 98 9.726 28 9.726 59 9.726 89 9.727 20 9.727 50 ;:::`8 YY 9.728 41

L. Cot. 0274 33 0.274 02 ::::: :: 0.273 11 0.272 80 0.272 50 0.272 20 z: :;

L. cos. 9.945 93 9.945 87 ;3:: f! 9.945 67 9.945 60 9.945 53 9.945 46 ;:z: :; 9.945 9.945 9.945 9.945 9.944 26 19 13 06 99

I. f i 7 :. f 7 7 f 7 7 7 4 7 7 7 ; 7 7 : ! 7 :: 7 7 7 ; : 7 7 ; 5 7 7 : 5 5 7 5 i i i 15: 1.5.5 20.7 25.8 24 8f 1.2 1.6 2.0 3:; 3.2 3.6 4.0 8.0 12.0 16.0 200 7 8:; x::: 0.6 0.7 0":; 1.0 1.2 32:: 4.7 5.8 7 x 31 0.5 ::z 2.1 2.6 ;:; 4.: 4.6

P.P. 30 0.5 ::: 2.0 2.5 3.0 ;:; 4.5 5.0 10.0 15.0 20.0 25.0 23 Z:Q z 1.9 2.3 ;:; 3.4 3.8 1:.: 15.3 19.2 6 0.1 ;:; 0.4 0.5 0.6 0.7 0.8 0.9 1.0 2.0 ;:; 5.0 6 am 6 -s 29 0.5 19

9.671 61 9.671 85 9.672 08 ;:::s ;;

: ;

;:66:: E 9.673 27
1% ::

!3 !4 !3 /4 14 :: :: 23 z 24 2: 24 ;i ; 2r g; 21 2: 2: 3 2: 2: 2: 2: 2< ;: 2. 2. 1 ; 2 2, $ 2 2 I 1 2 ;

3 3 13 3

:

z ;:; 4.4 4-R ii.! 2412 22 8:`: 1.1 1.5 ;:2" ;:; 3.3 3.7 1X 14.7 18-3

8';;; 02
0.270 68 0.270 37 0.270 07 0.269 77 8:;:; :t 0.268 86 0.268 56

i : 3 3 : 5
9.731 75 9,732 05 9.732 35 9.732 65 9.732 95

9.730 23 9.730 54

9.944 92 9.944 85 9.944 79 9.944 72 9,944 6.5 ;.;w; 5;

9.676 33 9.676 56 `9:::; :: 9.677 26 9.677 9.677 9.677 9.678 9.678 9.678 9.678 9.679 9.679 9.679 50 73 96 20 43 66 90 13 36 59

: :

9.944 45 9.944 38 9.944 3 1 0.944 24 9.944 17 9.944 10 ;:z:: :

9.734 76 9.735 07 9.735 37 9.735 67 9-735 97 9.736 9.736 9.736 9.737 9.737 9.737 9.738 9.738 9.738 9.738 9.739 9.739 9.739 9.740 9.740 27 57 87 17 47 77 07 37 67 97 27 57 87 17 47 0262 23 0.261 93 0.261 63 8% ::

9.943 90 9.943 83 9.943 76 9.943 69 9.943 62 9.943 5.5 9.943 49 ;:;:: :: 9.943 28 9.943 21 9.943 14 9943 07 9.943 00 9.942 93 9.942 9.942 9.942 9.942 9.942 86 79 73 66 59

9.679 82 9.680 06 8% :4 9.680 75 9.680 98 9.681 21 9.681 44 9.681 67 9.681 90 9.682 13 9.682 37 9.682 60 9.682 83 9.683 05 9.683 28 9.683 51 9.683 74 9.683 97 9.684 20 9.684 43 9.684 66 9.684 89 9.685 12 9.685 34 9.685 57

9.740 77 9.741 07 9.741 37 z: 82 9.742 26 9.742 56 9.742 86 9.743 16 9.743 45 9.743 75 0.257 74 0.257 44 0.257 14 x:;:: :: 0.256 2.5 I.,. Tan.

x:z z 9.942 38 9.942 31 9.942 24 9.942 17 9.942 10 9.942 03 9941 96 9.941 89 9.941 82 L. Sin.

;
2 -

; ; ;

3:; 11.1 15.5 19.9 24.4 28.8

2.6 1z 18.1 23.2 28.4

2.5 1:*5 17.5 22.5 27.5 -

L. CO%
118' (298")

t -

-L. cot. (

cl
(241") 61' P.P.

73

(con:iYwed

SP: 8 - 1970
TABLE 6 LOGARITHMS OF TRIGONOMETRIC FUNCTIONS - co& (3300) 1500 --- - --T- C:.d L. cot. L. Tan. L. cos. L. Sin. d ' _-___- .9,685 57 0.256 25 9.743 75 . 6( 0.255 99 ;:;:; % 9.744 0.5 9,685 80 1 5! 9.686 03 9.744 35 9.941 68 30 : 54 8% :: 9.686 2.5 9.744 65 9,941 61 : 5; 0.5 0:255 06 9.686 48 9.744 94 9.941 54 St ::; 9.745 24 9.941 47 9.686 71 , 5: 2.0 8:::: :f 9.686 94 9.745 54 .( 51 ! 5: Zf z 9.745 83 9.687 16 x:::`: ;: 9,687 39 9.746 13 9.941 26 , 5i 0.253 57 9.941 19 9.687 62 9.746 43 ' 51 9.687 9,688 9.688 9.688 9,688 9.688 9.689 9.689 9.689 9.689 9,690 9.690 9.690 9.690 9.691 84 07 29 52 75 97 20 42 65 87 IO 32 55 77 00 9.746 73 8% % 91747 62 9.747 91 9.748 281 9.748 51 9.748 80 9.749 10 9.749 39 9.749 69 9.749 98 9.750 28 9.750 58 9.750 87 9.751 17 9.751 46 9.751 76 9.752 05 9.752 `35 9.752 64 9.752 94 9.753 23 9.753 53 9.753 82 9.754 11 9.754 41 9.754 70 9.755 00 9.755 29
4

P.P.

;:
1.0 ::; f :; ::f 4.4 4.8 ij.5 24.2 8 ;:; ;:: g:; 0.9 ;:; ;:; 4.0 2::

;

0.251 79 0.251 49 0.251 20 ::::x 2 0.250 31 @250 02 0.249 72 0.249 42 0.249 13 0.248 83 0.248 54 0.248 24 0.247 9.5 0.247 65 0,247 0.247 0.246 0.246 0.246 36 06 77 47 18

9,940 76 9.940 69 9.940 62 9.940 55 9.940 48 9.940 41 9.940 34 9.940 27 9.940 20 9.940 12 9.940 05 9.939 98 9.939 91 9.939 84 9.939 77 9.939 70 9.939 63 9.939 55 9.939 48 9.939 41 9.939 34 9.939 27 9.939 20 9.939 12 9.939 05 9.938 98 9.938 91 9.938 84 9.938 76 9.938 69 9.938 62 9.938 5 5 9.938 47 9.938 40 9.938 33 9.938 26 9,938 19 9.938 11 9,938 04 9.937 97 9.937 89 9,937 82 9.937 75 9.937 68 9.937 60 9.937 53 L. Sin.

li.8 15.0 20.0 25.0 22 8:; ::; ;:2" ;:; 3.3 ;:; 11.0 14.7 18.3

9.691 22 9.691 44 9.691 67 9.691 89 9.692 12 9.692 34 9.692 56 9.692 79 9.693 01 9.693 23 9.693 9.693 9.693 9.694 9.694 45 68 90 12 34

0.245 89 0.245 59 0.245 30 0.245 00 0.244 71 0.244 42 0.244 12 8:;;; ;; 0.243 24
; i i :

8 3 7 ; ' 7 20 19 f; 16 ::6' *z.: 16.9 20.6 24.4 28.1 7 zi ;:: 10.7 15.0 19.3 23.6 27.9

8 z 1.8 54 1'2.: 16.3 19.9 23.6 27.2 7 5 2.1 :$g 18.6 22.8 26.9

9.694 56 9.694 79 9.695 01 9.695 23 9.695 45 9.695 67 9.695 89 9.696 11 9.696 33 9.696 55 9.696 77 9.696 99 9.697 21 9.697 43 9.697 65 9.697 87 9.698 09 9.698 31 9.698 53 9.698 75 9.698 97 I,. CO%

9.755 9.755 9.756 9.756 9.756

58 88 17 47 76

;

9.757 05 9,757 35 9.757 64 9.757 93 9.758 22 9.758 52 9.758 81 9.759 10 9.759 39 9.759 69

0.242 95 0.242 65 0.242 36 0242 07 0.241 78 0.241 48 0.241 19 0240 90 0.240 6 1 0.240 3 1 0240 0.239 0.239 0.239 0.238 02 73 44 14 85

2 2 i ? 2 : ; 2
C.

9.760 56 9.760 86 9.761 15 9.761 44 L.

;:;;"o `2;

d.

0.238 56 L. Tan.

cot.

P.P. ___-.

74

(Continued]

SF: 8 - 1970
TABLE 6 LOGARITHMS OF TRIGONOMETRIC FUNCTIONS - Contd (329') 149'

3o" (21OO)

, 0 : ;:

-

5. ;

L. Sin. 9.698 97

I. -

L. Tan. 9.761 44 9.761 73 ;:::`2 :? 9.762 61 `9% ?8 9,763 48 9.763 77 $764 06

C.1 .-

L. cot.

L.

cos.

P.P.

;:z i:

9.699 63 9.699 84 9.700 06 9.700 28 9.700 50 X:% z

11 12

2 ; 3i 29 4; ;; 29 2 :z ::9 219 219 219 i0 :!9 2!9
i !8 i!9 5!9 :!9 :!9 2!9 ;19 :19 1 Af;

!l !2 !2 !2 !2 !l !2 !2 !2 11 12 12 !l t: E2 22 :: :: 21 ;: ;T 22

z:: :tJ x:::: ii

9.937 53 `9% ;: 9.937 31 9.937 24 9.937 17 9.937 09 9,937 02 9,930 95 9.936 87 9.936 80 9.936 73 9.936 65 9.936 58 9.936 50 9.936 43 9.936 36 9.936 28 9.936 21 9.936 14 ;5 ;4 ;3 i2 il i0 t: 1; t: :: $1 :: 3s :E 35 :: :T 3c t: 2; 2t 21 :; ;i 2( ;:; 0.9 ::; ;:; 4.0 2:: 22 ;:; ;:; ;:; 2.6 2.9 3.3 ;:: 11.0 14.7 18.3 8 0.1 0.3 8:; ;:; i:; 4.5

0.237 39 8:Z !Y 0,236 52 0.236 23 0.235 94 0.2?5 65 ::z:: :: 0.234 78 0.234 49

29 0.5 1.0 ;:; ;:; 3.4 ;:; 4.8 1:.: 19.3 24.2 21 ::: ::t ;:; ;:;: 3.2 ;:; 10.5 14.0 17.5 7 ;:; 0.4 0.5 0.6 0.7 8:; 1.0 1.2 2.3 3.5 4.7 5.8

28 ;:; 1.4 1.9 5:; 3.3 ;:; 4.7 1Z.i 18.7 23.3

:: ;: 14 15 16 ;i 20 2i 23

;::x: :: 9.701 59 "9% :: 9.702 24 9.702 45 9.702 67 9.702 88 9.703 10 9.703 32 9.703 53 9.703 75 9.703 96 9.704 18

9.767 25 z: ;:: 9.768 12 9.768 41

0,232 75

8';;;;;
0.231 88 0.231 59

9.936 06 8% `9; 9.935 84 9.935 77 9.935 69 9.335 62 9.935 54 9.935 47 9.935 39

3c 31 32 3: 34 3: 3t :I 3!

;::o": t: 9.705 90 9.706 11 9.706 33 9.706 9.706 9.706 9.707 9.707 54 75 97 18 39

;: ;: 21 :: 4: 22 3: 9: 21 21 21 z 21 4; 21 2: 2: 2: 2: 5: 2 d

9.770 15 9.770 44 9.770 73 9.771 01 9.771 30 9.771 9.771 9.772 9.772 9.772 59 88 17 46 74

19 19 ;: 2s 2s :5 :5 25 ;; :z 2! 2: 2! ;I 2! 21 2' 2! 2' 21 2' 21 2' 2' 21 -

0.229 85 0.229 56 0229 27 0.228 99 0.228 70 0.228 41 8::;: :: 0.227 54 0.227 26

9.935 9.935 9.935 9,935 9.935

32 25 17 10 02

9.934 95 9.934 87 8:;:: ;; 9.934 65 9.934 57 "9:;:: z; 9.934 35 9.934 27 9.934 9.934 9.934 9.933 9.933 20 12 05 97 90

9.707 61 ;:::`8 :; 9.708 24 9.708 46 41 41 : 4' 51 : : 9.710 79 9.711 00 9.711 21 ;:;;; ;; 6 9.711 84
L. cos.

9.773 03 "9:::: ;T 9.773 90 9.774 18 9.774 47 kz z 9.775 33 9.775 62 9.775 91 9,776 19 9.776 48 9.776 77 9.777 06

8::::

0.226 39 0.226 10 0.225 82 0.225 53

z;;

c :i :r
11 1; 1: 1: 1
1t t ,

. 8';:: :: EI ii

x:::`: 2: 0.223 52

0.223 23 0.222 94 0.222 66 0.222 37 0.222 09 0.221 80 0.221 51' 0.221 23 L. Tan.

9.933 82 9.933 75 9.933 67 9.933 60 9.933 52

7 xi 2.1 l!.:: 15.0 19.3 23.6 27.9

7 29 ::: 10.4 14.5 18.6 22.8 26.9

7 % 2.0 6.0 1o.c 14.c 18.c ;;:I

;:z;: :
L. Sin.

9.933 29 9.933 22 9.933 14 9.933 07
-

L. cot.

,:.I

P.P.

120� (300")

(239") 59O (Continuea

SP: 8 - 1970
TABLE 6 LOGARITHMS OF TRIGONOMETRIC FUNCTIONS - co& (32&O) 148"

I

31� (211") L. Sin.

-

(1. :: 21 21 21 ;: ;: 20 4: f: 21 21 ;: 21 21 z f: 20 :: z: 21 20 ;:, 21 20 ;:, t: 20 20 I:, 21 20 3; :: 20 20 :: 20 21 $8 ;A 20 a.

L. Tan. 9.778 77 ZE :; 9.779 63 9.779 92 9.780 20 9.780 49 ;::z z 9.78' 35 9.781 9.781 9.782 9.782 9.782 63 92 20 49 77

-

I_.

cot.

L. cos. 9.933 07 9.932 99 9.932 91 9.932 84 9.932 76 9.932 9.932 9.932 9.932 9.932 69 61 53 46 38 30 23 15 07 00

I

P.P.

8::: :.

E 4.712 26

9.712 47 9.712 68 9.712 89 9.713 10 9.713 31 9.713 52 9.713 73. 9.713 93 z:::: :: 9.714 56 9.714 77 9.714 98 9.71s 19 9.715 39 9.715 60 9.715 81 20 21 4: 24 9.716 9.716 9.716 9.716 9.716 9.717 9.717 9.717 9.717 9.717 30 3": ;: 35 3"; 38 39 40 :1 43 44 02 22 43 64 85 05 26 47 67 88

0.221 23 0.220 94 0.220 65 0.220 37 0.220 08

S! 51 5: :i

0.218 37 0218 08 z:: !Y 0217 23 0.216 94 0216 66 0.216 37 8% :: 0.215 52 0215 24 0.214 95 0.214 67 0.214 38 0.214 10 x:`2:: f: 0.213 25 0.212 96 0.212 68 X :: 0.211 83 0.211 5s 0.211 26 0.210 98 0.210 70 0.210 41 0.210 13 0.209 85 0.209 57 0.209 28 :::0098 Y!

9.932 9.932 9.932 9.932 9.932

4i 4; 46 4s 44 41 45 41 M :5 3; 3i 3! 34 31 32 31

:r

4.8 1Z.Z 19.3 24.2 21 X:`: 1.0 1.4 2:: 2.8 3.2 ;:; 10.5 14.0 17-S 8 8:: g:: ;:; K 1.2 ;:: 4.0 ;:;

9.783 06 9.783 34 9.783 63 9.783 91 9.784 19 9.784 48 9.784 76 9.785 OS 9.785 33 9.785 62 9.785 9.786 9.786 9.786 9-787 9.787 9.787 9.787 9.788 9.788 90 18 47 75 04 32 60 89 17 45

9.931 92 9.931 84 9.931 77 9.931 69 9.931 61 9.931 54 9.931 46 9.931 38 9.931 31 9.931 23 9.931 15 9.931 08 9.931 00 9.930 92 9.930 84 9.930 77 9.930 69 9.930 61 9.930 S3 9.930 46 9.430 38 9.930 80 9.930 22 ;:;:x A; ;:;:z 9.929 9.929 9.929 ;; 83 76 68

9.718 09 9.718 29 9.718 SO 9.718 70 9.718 91 9.719 11 9.719 32 9.719 52 9.719 73 9,719 94 9.720 14 !yo" ;;

9.788 74 9.789 02 9.789 30 9.789 59 9.789 87 9.790 1s 9.790 43 9.790 72 9.791 00 9.791 28 9.791 56 ;::;: 73" 9.792 41 9.792 69 9.792 97 9.793 26 8::;: if 9.794 10 8% Zf y': 5; 9.795 51 9,795 79 -.....-L. cot.

2s 2': 4: 20 :: 17 16 :: :: 11 10 t 6' : ; 1 0 , (238") 58"

.

-

9.720 iS 9.720 96 9.721 16 9.721 37 9.721 57 9.721 77 9.721 98

9.929 60 9.929 52 9.92? 44 9.929 36 9.929 29 3.207 03 8zz :z 0206 1.8 0.205 90 0.205 62 0.206 34 8:Z :; 0.204 49 0.204 21 L. Tan. 9-929 21 9.929 13 9.929 OS 9.928 97 9.928 89 9.928 81 9.928 74 9.928 66 9.928 58 9.928 SO 9.928 42 L. Sin.

50 51 52 :: ::, 57 :t 60 -

9.722 18 x::z"i: z: 9122 79 9.722 99 9,723 20 9.723 40 9.723 60 9.723 81 9.724 01 9.724 21 I_.

8 29

$6'
1E: 16.9 20.6 24.4 28.1

::4" 1Z.i 16.3 19.3 23.6 27.2

,

cos.

P.P.

121� (301")

76

(Continued)

SP: 8 - 1970
TkBLE 6 LOGARITHMS OF TRIGONOMETRIC FUNCTIONS - Confd (327") 147O

32'

212") L. Sin. ;::z: 9: 9.724 61 9.724 82 9.725 02

_-

-:.d -_ if t: 28 if 28 28 28 ;: 28 28 28 4: 3: 28 4; It 28 Kt :: 28 I; 28 28

-

d. -

L. Tan.

.

L. cot. 0.204 21 pm; ;; 01203 37 0.203 09 0.202 81 0.202 53 8% %t 0.201 68 0*2oi 0.201 0200 0.200 0.200 40 12 84 56 28

L. cos.

%E 21
20 20 f8 20 20 20 ;A 20 20 20 f: ;z 20 51 19 20 3 38 20 kz f: 20 19 20 f8 19 ; 20 20 :z 20 19 20 ; ?O 19 :8 :: 20 d. 9.797 19 9.797 47 9.797 76 "9% :

9.928 26 9.928 18 9.928 10 9.928 03 9.927 9s `9:;;: KJ 9.927 71

;:;z !i:

d. : t 7 z t 8 8" 8 8 8 t t 8. : t 8 : : 8 8 t 8 8 8 t 8 8 : : 8 t z 8 t : 8 t t 8 - -

P.P.

::4"

z
1.9

28 0":; ::;

9725 62 9.725 82 9.726 02

8::;: :i

;.;a; f:
9.927 47 9.927 39 9.927 3 1 9.927 23 9.927 15 9.927 07 9.926 99 9.926 91 9.926 81 9.926 73 9.926 67 9.926 59 9.926 51

4.8 1:.: 19.3 24.2 21 8:`: ::4"

4.7 ;;.p 23.3

9.727 23 9.727 43 9.727 63 9.727 83 9.728 03 9.728 23 9.728 43 z::: 8: 9.729 02 ;::22; :; 9.729 62 9.729 82 9.730 02

0.200 00 0.199 72 0.199 44 0.199 16 0.198 88 0.198 60 0.198 32 0.198 OS 0.197 77 0.197 49 0,197 21 0196 93 0.196 65 0.196 37 0.196 09 0.195 81 0.195 53 0.195 26 0.194 98 0.194 70 0.194 42 0.194 14 0.193 86 0.193 58 0.193 31 0.193 03 0.192 75 0.192 47 0.192 19 0.191 92 0.191 64 0.191 36 0.191 08 0.190 81 0.190 53 0.190 25 0.189 97 0.189 70 0.189 42 0.189 14

9.802 79 "9% :z 9.803 63 9.803 9 1

;:9":: :: 9.926 27

9.926 19 9.926 11

;:; 10.5 14.0 17.5 092 0.3 8:; 0.8 0.9 ;:; 1.4 ::; 4.5 ;::

;:; 10.0 13.3 16.7 8 ;:: ;:: 0.7 0.8 0.9 ;:; ;:; 4.0 z:;

9.731 21 ;::s: :: 9.731 80 9.732 00 9.732 19 9.732 39 9.732 59 9.732 78 9.732 98 9.733 18 ;:;z: :: 9.733 77 9.733 96 9.734 16 9.734 35 9.734 5s x::;: ;: 9.735 13 9.735 33 9.735 52 8% 34 9.736 11 L. cm. 122" (302")

9.805 58 9.805 86 ~:% :; 9.806 69 8f"di7 `2: 9.807 53 9.807 81 9.808 08 9.808 36 z:: 8; 9:809 19 9.809 47 9.809 75 9.810 03 z:: :: 9.810 86 8% :: 8% 86' 9.812 24 9.812 52 L. cot.

28 28 ;: 27 28 28 ;: 27 28 ;: 41 28 ;; 2: 27 if z 28 -_ :.d

9.926 03 9.925 95 9.925 87 9.925 79 9.925 71 9.925 63 9.925 SS 9.925 46 9.925 38 9.925 30 9.925 9.925 9.925 9.924 9.924 22 14 06 98 90

9.924 82 9.924 73 9.924 65 9.924 57 9.924 49 9.924 41 .9.924 33 9.924 25 9.924 16 9.924 08

8 29 ::z 1z.i 16.3 19.9 23.6 27-2

8 28 ::; ;"::i 19.2 22.8 26.2

-

0.187 48 L. Tan. L. Sin.

d. (237") 57"

P.P.

--

SP: 8 - 1970
TABLE 6 LOGARITHMS OF TRIGONOMETRIC FUNCTIONS - Contd (326") 146'

33' (213")
I

--

L. Sin. 9.736 11 9.736 30 E% :8 9.736 89 "9:::: 9.737 9.737 9,737 9.738 9.738 9.738 9.738 9.738 ;; 47 66 85 05 24 43 63 82

i-

L. Tan. 9.812 52 9.812 79 9.813 07 9.813 35 9.813 62 9.813 9.814 9.814 9.814 9.815 90 18 45 73 00

L. Cot. 0.187 48 0.187 21 0.186 93 0.186 65 0.186 38 0.186 0.185 0.185 0.185 0.185 10 82 55 27 00

L. cos. 9.923 59 9.923 51 9.923 43 9.923 35 9.923 26 9.923 9.923 9.923 9.922 9.922 9.922 9.922 9.922 9.922 9.922 18 10 02 93 85 77 69 60 52 44,

1. ` -i ' 8 8 ! 8 8 3 ' 9 :i :; 56 55 :: 52 51 50 49 :7" 46 20 ;:; 8 ; ' 9 : 9 8 8 ::: 40 39 E 36 :: 33 32 31 5'3 2.7 3.0 ;:; !:! 6.7 9 0.2 0.3 0.4 0.6 ;:; ;:; 1.4 2o ;: l7 16 l5 14 13 l2 11

P.P.

190 1:
19 :x ::: 20 19 :; 19 19 20 19 19 19 19 2a 19 :; 19 20 19 19 19 19 :; :; 19 :; :; 19 :; 19 19 19 ;; ;z 19 ;; 19 19 18 :; :; 19 a. -

if:

0.9 1.4 1.9 2~3 2.8 ;:; 4.2 4.7

c?::

0.9 ::;: ;:; 3.2 3.6 4.0 4.5

9.815 28 9.815 56 9.815 83 9.816 11 9.816 38 9.816 9.816 9.817 9.817 9.817 66 93 21 48 76

0.184 72 E1:; 0.183 89 0.183 62 0.183 0.183 0.182 0.182 0.182 34 07 79 52 24

194:: 18.7 23.3 19 ;:; ::; ::; ;:: 2.8 ::: 1E 15.8 8 8:: 0.4 0.5 8:`s 0.9 ::; 1.3 ::; 2:;

1E 18.0 22.5 18 8:; 1":; ;:; 22:: 2.7 ;:; 9.0 12.0 15.0

9.739 01 9.739 21 9.739 40 `9:;:; :t 9.739 9.740 9.740 9.740 9.740 97 17 36 55 74

9.922 35 9.922 27 9.922 19 9.922 11 9.922 02 9.921 9.921 9.921 9.921 9.921 9.921 9.921 9.921 9.921 9.921 94 86 77 69 61 52 44 36 27 19

9.818 03 9.818 31 9.818 58 9.818 86 9.819 13 9.819 41 9.819 68 9.819 96 9.820 23 9.820 51 9.820 78 9.821 06 9.821 33 .9.821 61 9.821 88 9.822 9.822 9.822 9.822 9.823 9.823 9.823 9.824 9.824 9.824 15 43 70 98 25 52 80 07 35 62

0.181 97 0.181 69 0.181 42 0.181 14 0.180 87 0.180 0.180 0.180 0:179 0,179 0.179 0.178 0.178 0.178 0.178 0.177 0.177 0.177 0.177 0.176 59 32 04 77 49 22 94 67 39 12 85 57 30 02 75

9.740 93 9.741 13 9.741 32 9.741 51 9.741 70 9.741 9.742 9.742 9.742 9.742 89 08 27 46 65

9.921 11 9.921 02 9.920 94 9.920 86 9.920 77 9.920 9.920 9.920 9.920 9.920 9.920 9.920 9.920 9.920 9.919 69 60 52 44 35 27 18 10 02 93

9.742 84 9.743 03 9.743 22 9.743 41 9.743 60 9.743 79 9.743 98 9.744 17 9.744 36 9.744 55 9.744 74 9.744 93 9.745 12 9.745 31 9.745 49 9.745 9.745 9.746 9.746 9.746 9.746 9.746 9.747 9.747 9.747 58 87 06 25 44 62 81 00 19 37

0.176 48 0.176 20 0.175 93 0.175 65 0.175 38 0.175 11 0.174 83 0.174 56 0.174 29 0.174 01 0.173 0.173 0.173 0.172 0.172 54 47 19 92 65

8 9 : 9 8 9 ; 8 9

9.824 89 9.825 17 9.825 44 9.825 71 9.825 99 9.826 26 9.826 53 9.826 81 9.827 08 9.827 35 9.827 9.827 9.828 9.828 9.828 62 90 17 44 71

9.919 85 9.919 76 9.919 68 9.919 59 9.919 51 9.919 42 9.919 34 9.919 2s 9.919 17 9.919 08 9.919 00 9.918 91 9.918 83 9.918 74 9.918 66 9.918 57 L. Sin.

9 % 1.6 4.7 7.8 10.9 14.0 17.1 20.2 23.3 26.4

9 27 ::: 1'0.: 13.5 16.5 19.5 22.5 25.5

8 27 . ::; 8.4 11.8 15.2 18.6 21.9 25.3 -

0.172 38 0.172 10 0.171 83 0.171 56 0.171 29 0.171 01 L. Tan.

9,747 56 L. cos. 123' (303")

9.828 99 L. cot.

9 d.

0 '

P.P.

(236") 56"

78

(Continued)

SP : 8 - 1970
TABLE 6 LOGARITHMS OF TRIGONOMETRIC FUNCTIONS - Confd (325") 145' d. ' L. Tan

34" (214") L. Sin. 9.747 56 9.747 7s 9.747 94 9.748 12 9.748 31 9.748 SO 9.748 68 9.748 a7 9.749 06 9.749 24 9.749 43 9.749 61 9.749 80 9.749 99 9.750 17 9.750 36 9.750 54 9,750 73 9.750 91 9.751 10 9.751 28 9.751 47 9.751 65 9.751 84 9.752 02 9.752 9.752 9.752 9.752 9.752 21 39 58 76 94

--

P.P. 27 8:; 1.4 1.8 26 8:;: 1.3 1.7

9.828 99 9.829 26 9.829 53 9.829 80 9.830 08 9.830 35 9.830 62 9.830 89 9.831 17 9.831 44 9.831 9.831 9.832 9.832 9,832 9.833 9.833 9.833 9.833 9.834 71 98 25 52 80 07 34 61 88 15

0.171 0.170 0.170 0.170 0.169

01 74 47 20 92

9.918 57 9.918 49 9.918 40 9.918 32 7.918 23 9.918 1s 9.918 06 9.917 98 9.917 89 9.917 81 9.917 72 9.917 63 9.917 5s 9.917 46 9.917 38 9.917 29 9.917 20 9.917 12 9.917 03 9.916 95 9.916 86 9.916 77 9.916 69 9.916 60 9.916 51 9.916 9.916 9.916 9.916 9.916 43 34 25 17 08

28 8:; ::;

0.169 65 0.169 38 0.169 11 0.168 83 0.168 56 0.168 29 0.168 02 0.167 75 0.167 48 0.167 20 0166 93 0.166 66 0.166 39 0.166 12 0.165 83 0.165 0.165 0.165 0.164 0.164 58 30 03 76 49

4.7 1Z.i 18.7 23.3 19 g:; ::;

4.5 1i.Y 18.0 22.5 18 ;:; 0.9 12

4.3 8.7 13.0 17.3 21.7

9.834 42 9.834 70 9.834 97 9.835 24 9.835 51 9.835 78 9.836 OS 9.836 32 9.836 59 9.836 86 9.837 13 9.837 40 9.837 68 9.837 95 9.838 22 9.838 49 9.838 76 9.839 03 9.839 30 9.839 57 9.839 84 9.840 11 9.840 38 9.840 65 9.840 92 9.841 19 9.841 46 9.841 73 9.842 00 9.842 27 9.842 54 9.842 80 9.843 07 9.843 34 9.843 61 9.843 88 9.844 1s 9.844 42 9.844 69 9.844 96 9.845 23 L. cot.

0.164 22 0.163 95 0.163 68 0.163 41 0.163 14 0.162 87 0.162 60 0.162 32 0.162 OS 0.161 78 0.161 51 0.161 24 0.160 97 0.160 70 0.160 43 0.160 0.159 0.159 0.159 0.159 16 89 62 3s 08

3.2 6.3 1;*: 15.8 0: 8:: 0.6 0.8 0.9 ;:; 1.4 ::; 4.5 6.0 7.5

;:I: 9.0 12.0 15.0 of: 0.3 0.4 0.5 8:; 0.9 ;:; ;:: 4.0 5.3 6.7

9.753 13 9.753 31 9.753 so 9.753 68 9.753 86 9.754 OS 9.754 23 9.754 41 9.754 59 9.754 78 9.754 .-. 9.755 9.755 9.755 9.755 96 __ 14 33 51 69

9.915 99 9.915 91 9.915 82 9,915 73 9.915 65 9.915 56 9.915 47 9.915 38 9.915 30 9.915 21 9.915 9.915 9.914 9.914 9.914 12 04 9s 86 77

9.755 87 9.756 OS 9.756 24 9.756 42 9,756 60 9.756 9.756 9.757 9.757 9.757 78 96 14 33 51

0.158 81 0.158 54 0.158 27 0.158 00 0.157 73 0.157 0.157 0.156 0.156 0.156 46 20 93 66 39

9.914 69 9.914 60 9.914 51 9.914 42 9.914 33 9.914 2s 9.914 16 9.914 07 9.913 98 9.913 89 9.913 81 9.913 72 9.913 63 9.913 54 9.913 4s 9.913 36 L. Sin.

8

9 %

8 28

a z5 1.7 ;:: 11.8 15.2 18.6 21.9 25.3

::: 1'0.; 14.0 17.1 20.2 23.3 26.4

::; 182.82 15.8 19.2 22.8 26.2 -

9.757 69 9.757 87 9.758 OS 9.756 23 9.758 41 9.758 59 L. co.% 124' (304')

0.156 12 0.155 as 0.155 58 0155 31 0.155 04 0.154 77 L. Tan.

8 ; 9 9 9 d. : ; 1 0 -

'

P.P.

(2;S")y5"

SP:8-1970
TABLE 6 LOGARITHMS OF TRIGONOMETRIC FUNCTIONS - Cowtd (324") 144"

35O (215")

,

-

I

L. Sin. 9.758 59 9.758 77 _ .-_ 9.758 95 9.759 13 9.759 31 9.759 49 9.759 67 `9% t: 9.760 21 9.760 39 9.760 57 9.760 75 9.760 93 9.761 11 9.761 29 9.761 46 9.761 64 9.761 82 9.762 00 9.762 18 9.762 36 9.762 53 9.762 71 9.762 89 9.763 9.763 7.763 9.763 9.763 07 24 42 60 78

L. Tan. 9.845 23 9.845 50 9.845 76 9.846 03 9.846 30 9.846 57 9.846 84 9.847 11 9.847 38 9.847 64 9.847 91 9.848 18 9.848 45 9.848 72 9.848 99 9.849 9.849 9.849 9.850 9.850 9.850 9.850 9.851 9.851 9.851 25 52 79 06 33 59 86 13 40 66

.d. -

L. cot. 0.154 0.154 0.154 0.153 0.153 77 50 24 97 70

L. cos. 9.913 36 9.913 28 9.913 19 9,913 10 9.913 01 9,912 92 9.912 83 `9';: ; :: 9:912 57 ;:"9;2 :t 9.912 30 9.912 21 9.912 12 9.912 9.911 9.911 9.911 9.911 03 94 85 76 67

P.P.

-

60 59 z; 56 :: 53 :T

2 3

;

0': 0.9

I.4 ;:; 3:; 3.6

:: 0.9 I.3

18 g:; 0.9

0.153 43 0.153 16 0.152 89 8:: :`z !6" 0.152 09 0.151 82 0.151 55 0.151 28 0.151 01 0.150 75 @I50 48 0.150 21 0.149 94 0.149 67 0.149 41 0.149 14 0.148 87 0.148 60 0.148 34 0.148 07 0,147 80 0.147 53 0.147 27 0 147 00 @I46 73 0.146 46 0.146 20 0.145 93 0.145 66 0,145 0.145 0.144 0.144 0.144 0.144 0.143 0.143 0.143 0.143 40 13 86 60 33 06 80 53 26 00

;:; ;:g
3.5 3.9 4.3 I!.; 17.3 21.7

::: ;:;
2.4 ::; ;:"o 12.0 15.0

9 :8 :8 50

;:; 1z.i 18.0 22.5 17 89 0.8 I.1

8 ;:;
0.4 0.5 0.8 ::; I.3 I.5 ;:: ;:; 8.3
1

9.911 58 9.911 49 9.911 41 9.911 32 9.911 23 9.911 14 9.911 05 9.910 96 9.910 87 9.910 78 9.910 69 9.910 60 9.910 51 9.910 42 9.910 33 9.910 23 9.910 14 9.910 05 9.909 96 9.909 87 9.909 78 9.909 69 9.909 60 9.909 51 9.909 42 9.909 33 9.909 24 9.909 15 9.909 06 9.908 96 9.908 87 9.908 78 9.908 69 9.908 60 9.908 51 9.908 42 9.908 32 9.908 23 9.908 14 9.908 05 9.907 96 L. Sin. 20 19 18 17 16 :: 13 :1 10 9 B 6 : : 1 0 , (234") 54"

: 7 ; 10 :8 40 50

::; g:; 2.6 2.8 ;:: 11.3 14.2

0.7 8:; I.1 I.2 I.3 t:; ;:;

9.851 93 9.852 20 9.852 47 9.852 73 9853 00 9.853 9.853 9.853 9.854 9.854 27 54 80 07 34

9.763 95 9.764 13 9.764 31 9.764 48 9,764 66

9.854 60 9.854 87 ;:88:: ;; 9.855 67 9.765 72 9.765 90 ;::z ;: 9.766 42 9.766 9.766 9.766 9.767 9.767 9.767 9.767 9.767 9.768 9.768 60 77 95 12 30 47 65 82 00 17 9.855 9.856 9.856 9.856 9.857 9.857 9.857 9,857 9.858 9.858 9.858 9.858 9.859 9.859 9.859 94 20 47 74 00 27 54 80 07 34 60 87 13 40 67

10 27 ::; 8:; 12.2 14.8 17.6 20.2 22.9 25.6 9 27 ::: 7.5 10.5 13.5 16.5 19.5 22.5 25.5

10 czfr ::; 6.5 9.1 11.7 14.3 16.9 19.5 22.1 24.7 9 ZY :: j 7.2 10.1 13.0 15.9 18.8 21.7 24.6

0.142 73 0.142 46 0.142 20 0.141 93 0.141 66 0.141 0.141 0.140 0.140 0.140 0.140 0.139 0.139 0.139 0.139 .d. 40 13 87 60 33 07 80 54 27 00

9.768 35 ;::z :8 9.768 87 9.769 04 9.769 22 L. cos. 125" (305")

9.859 93 9.860 20 9.860 46 9.860 73 9.861 00 9.861 26

0.138 74 L. Tan.

P.P.

80

(Confine

SP : 8 - 1970
36" (216") T A B L E 6 L O G A R I T H M S Ol? TRlGONOMETRlC F U N C T I O N S - Cwlcl (323") 143'

-

I

I.. Sin. 9.769 22 0,769 39 9.769 57 9.76Y 74 9.769 91 9.750 09 9.770 26 9.770 43 9.770 61 9.770 78 9.770 9.771 9.771 9.771 9.771 95 12 30 47 64

/ d. :: 1;

T

L. Tan. 9.861 26 9.S61 53 9.861 79 9.862 06 9.862 32 9.862 59 9.862 85 9,863 12 9.863 38 9.863 65 9.863 92 9.S64 18 9.S64 4s `Y~SO4 il 9.864 9X 9.865 24 9.865 51 9.865 77 9.866 03 9.866 30 9.S66 56 `PS66 S3 9.867 09 9.867 36 9.867 62 9.865 9.868 9.868 9.868 9.866 X9 15 42 68 94

3.d 27 2": 26 27 26 2': 27 27 z; 26 27 26 27 ;", 27 26 ;a ;: 27 ;s ;"6 27 ;; ;; 26 :: 26 26 27 :: 26 26 27 26 26 27 26 26 27 26 :; 26 26 tz 26 26 xl. -

-.__

L.

cot.

17

18 :: :; 17 :: ::: 17 ;; 17 17 IS i: 17 17 17 1; 18 17 17 17 !:: 17 17 17 I: Ii 17 I: I:: 17 17 17 ;; I7 15 1: 16 I: f: 16 .1_

0.13Y 74 0.13s 47 0.138 21 0.137 94 0,137 68 0.137 41 0.137 15 0.136 8S 0.136 62 0.136 35 O.l36 0.135 0,135 0.135 0,135 08 82 55 29 02

L. cos. _-.--Y.907 Y6 9.907 87 9,(107 i7 9.YOi 68 9.907 59 9,907 50 9.`J07 41 0,907 31 YW7 22 Y.907 13 9.907 04 9.906 94 9.Y)ob S5 9.91l/, 76 9~cYO(, 67 9.906 57 Y.YO9 48 `I.906 30 9.906 30 9.906 20 9~901) i 1 9.`JOf? 02 9,YO.i Y2 O.O(Jj S3 Y~Y0.i i-l 9.905 65 9,905 S5 9.905 46 9.905 37 9.905 27 9.905 9.905 9.904 9.904 9.904 9.904 9+JO4 9,904 9,904 9.904 18 09 99 90 80 51 62 52 43 34

T /I /

__-___. -- --.- P.1'. 27 0.4 0.Y 1.4 26 0.4 0.9 1.3 1.7

55 .54 53 52 51 5C 44 4s 47 4C 4.' 44 4.1 42 41

1.8

5 6 7

s

9

2.2 2.7 3.2 3.6 4.0 4.5 9.0 13.5 18.0 22.5 18 0.3 0.6 w9 1.2 1,s 2.1 2.4 2.7 3.0 6.0 9.0 12.0 15.0 10 4,3 ,;:a 17.3 21.7 :1; 0.6 0.8 1.1 I.4 1.7 2.0 2.3 2.6 2.s 5.7 3.5 11.3 14.2 9 0.2 0.3 0.4 0.6 0.8
0.`)

9.771 81 9.771 99 9.772 16 9.772 33 (1.772 SO 9.772 6X 9.773 02 9.7i3 19 9.773 36 9.773 53 9.773 70 9.773 87 9.774, OS 9.774 22 9.774 9.774 9.774 9.774 9.775 39 56 73 90 07

0.134 76 0.134 49 0.134 23 0.133 97 0.133 70 0.133 44 0.133 17 0,132 91 0.132 64 0,132 38 0.132 11 0.131 85 0.131 5s 0.131 32 0.131 06 0.130 79 0.130 53 ;:;:; ;; 0.129 73 0.129 4? 0.129 21 0.128 94 0.128 68 0.12s 42 0.128 15 0.127 89 0.127 62 0.127 38 0.127 10 0.126 83 0.126 57 0.126 31 0.126 04 0.125 78 0.125 52 0.125 25 0.124 9Y 0.124 73 0.124 46 0.124 21) 0.123 94 0.123 67 0.123 41 0.123 15 0.122 89 L. Tan.

10 20 30 40 SO I :I 3 `l / 31 8 ' 9 !

Of! 0.5 0.8 1.1 1.3 1.6 1.9 2.1 2.4 2.7 5.3 SW 10.7 13.3

9.i72 85

I .Y

35 34 :; 31 30 :I: 27 26

:; ' :: 50 n : 3 4 5 6 ;
j

9.869 21 9.869 47 9.869 74 9.870 00 9.870 27 9.850 53 9.870 79 9.871 06 9.871 32 9.871 58 9.871 85 9.872 11 9.872 38 9.872 64 9.872 90 9.873 9.873 9.873 9.873 9,874 17 43 69 96 22

9.775 24 9.775 41 9.775 5s 9.775 75 9.775 92 9.776 9.776 9.756 9.776 9.776 09 26 43 60 77

: ! j !
:

8:; ;::
0,s 14 1.2

j

1.3 1.5

1 .o 1.4 1.2

9.304 24 0.904 15 9.904 05 9,903 06 0.903 86 9.903 9.903 9.903 9.904 9903 77 68 58 49 3')

20 19 18 t,' IS I:: 12 I1 10 f? 7 6 : : 1 0 , (233") 53'

IO IO 50

20 ;0

1.7

1.3 6.7 S.3
5.0

1.5 3.0

9.776 94 9.777 11 9.777 28 9.577 44 9.777 61 9.777 78 9.7i7 95 9.778 12 9.778 29 9.778 46 9.775 62 9.778 79 9.778 96 9.779 13 9.779 30 9.759 46 L. cos. 126' (306')

4.5 6.0 i.5

9

9.874 48 9.874 75 9.875 01 9.875 27 9.875 54 9.875 80 9.876 06 9.876 33 9.876 59 9.876 S5 9.877 11 L. Cot.

9,903 30 9m3 20 9903 I 1 9.903 01 9,902 92 9.902 X2 9.902 73 9.902 63 9.902 54 9.902 44 9.902 35 _-__ I.. sin.

27

9 26 1.4 4.3 7.2 10.1 ;; 8 21 .i 24.6

0
3 3

1

/ i

/

i

4 5

1.5 4.5 7.5 10.5 16.5 lY.5 22.5 25.5

1 3.5

154 3 `.9

% ,j

- -

P.P.

81

(Conlimcd)

SP:8-1970
TABLE 6 LoGARIkHMS 37" (217")
_d

_`_ -

I

Cl.

L. Tan. 9.877 11 9.877 38 9.877 64
(

OF TRIGONOMETRIC FUNCTIONS - Cmld (322") 142"

-- _
Cl.

I,.

Cot.

L.

cos.

, 60 59 58 :z 55 ::: 52 51

P.P. 27 0.4 0.9 ;:; 2.2 2.7 3.2 ::; ;:; 13.5 18.0 22.5 OY 0.6 0.8 1.1 ::; 2.0 ;:; 2.8 5.7 8.5 11.3 14.2 10 0.2 0.3 ;:; 0.8 1.0 ;:3' 1.5 1.7 3.3 5.0 g:: 16 z:: 0.8 1.1

0.122 89 :::"2"2 !i 0.122 10 0.121 83 0.121 57 0.121 31 0.121 05 0.120 78 0,120 52 0.120 26 @12OOO 0.119 73 0.119 47 0.119 21 0.118 95 Ki 2; 0.118 16 0.117 90 0.117 0.117 0.117 0.116 0.116 64 38 11 85 59

::

17 16

`9% 2 9,780 63

17 17 :; 17 16 :: 16 17 17 :; 16 17 17 16 17 16 17 16 :z :`6 17 16 :z 16 17 16 17 :"6 17 16 :z 16 17 16 fZ 17 16 16 :i 16 16 :; tz 16
-

9.902 35 9.902 25 9.902 16 9.902 06 9.901 97 9.901 87 9.901 78 9.901 68 9.901 59 9.901 49 9.901 39 9.901 30 9.QOl 20 9.901 11 9 90101 9.900 91 9.900 82 9.900 72 9.900 63 9.900 53 9.900 43 9.900 34 9.900 24 9.900 14 9.900 05 9.899 9.899 9.899 9.899 9.899 9.899 9.899 9.899 9.899 9.899 9.898 9.898 9.898 9.898 9.898 9.898 9.898 9.898 9.898 9.898 95 85 76 66 56 47 37 27 18 08 98 88 79 69 59 49 40 30 20 10

10 1; 9 10 9 10 1: 10 9 10 1: 10 1: 9 10 10 1: 10 9 10 10 9 :i 9 10 10 1'0 10 10 9 :8 10 9 :: 10 9 10 10 10 10 9 10 10 18 10 9 10 18 10 /a.

9.780 80 9.780 97

9.878 43 9.878 69 9.878 95 9.879 22 9.879 48 8:;;; ;; 9.880 27 9.880 53 9.880 79 9.581 05 9.881 31 9.881 58 9.881 84 9.882 10 9.882 36 9.ti82 62 9.882 89 9.883 15 9.883 41 9.883 67 9,883 93 9.884 20 9.884 46 9.884 72 9.884 98 9.885 24 9.885 50 Q.885 77 9.886 03 9.886 29 9.886 55 9.886 81 9:887 07 9.887 33 9.887 59 9.987 86 9888 12 9.888 38 9.888 64 9.888 9.889 9.889 9.889 9.889 90 16 42 68 94

9.781 i3 9.781 30 9.781 47 9.781 63 9.781 80 9.781 9.782 9.782 9.782 9.782 97 13 30 46 63

9.782 80 9.782 96 9.783 13 9.783 29 9.783 46 9.783 9-783 9.783 9.784 9.784 62 79 95 12 28

;I;
2.7 ;:; 10.7 13.3

1.9

;::

0.116 33 0.116 07 0.115 80 0.115 54 0.115 28 0.115 0.114 0.114 0.114 0.113 02 76 50 23 97

9.784 45 9.784 61 9.784 78 9.784 94 9.785 10 9.785 27 9.785 43 9.785 60 9.785 76 9.785 92 9.786 09 9.786 25 9.786 42 9,?86 58 9.786 74 9.786 91 9.787 07 9.787 23 9.787 39 9,787 56 9.787 72 9.787 88 9.788 05 9.788 21 9.788.37 9.788 53 9.788 69 9.788 86 9.789 02 9.789 18 9.789 34 L. cos.

30 29 2s 2": 25 24 23 :T 20 19 it 16 15 14 13 12 11 10 ii i : ; 1

I

0.113 71 0.113 45 0.113 19 0.112 93 0.112 67 0.11241 0.112 14 0.111 88 0.111 62 0.111 36 0.111 10 0.11084 0.110 58 0.11032 0.110 06 0.109 80 0109 54 0.109 27 0.109 01 0.108 75 0.108 49 0.108 23 0.107 97 0.107 71 0,107 45 0.107 19
c

_

4:;
10 z

9.898 01 9.897 91 9.897 81 9.897 71 9.897 61 9.897 52 9.897 42 9.897 32 9.897 22 9.897 12 9,897 02 9,896 93 9.896 83 9.896 73 9.896 63 9.896 53 L. Sin.

10 z::: 6.8 9.4 12.2 14.8 17.6 202 22.9 25.6

9.890 20 9.890 46 9,890 73 9.890 99 9.891 25 9.891 51 9.891 77 9.892 03 9.892 29 9.892255 9.892 81 L.

;:;
6.5 Ii.: 14.3 16.9 19.5 22.1 24.7

,a.

cot.

L. Tan.

0 I (232") 52"

____P.P.

SP:S- 1970
TABLE 6 LOGARITHMS OF TRIGONOMETRIC FUNCTIONS - Confd (321") 141" L. Sin. 9.789 9.789 9.789 9.789 9.789 34 50 67 83 99

_

d. -16 17 16 16 16 16 ;: 16 16 :; 16 16 16 :: 16 16 16 :z 16 15 16 16 :: 16 16 16 16 16 15 16 16 :: 16 1.5 16 :t 15 16 t: fi 16 1: 1: 16 (2 I: I15

-

L. Tan. 9.892 81 9.893 07 9.893 33 9.893 59 9.893 85 9.894 11 9.894 37 9.894 63 8::;: !Z 9.895 41 9.895 67 9.895 93 ;:g; ;; 9.896 71 9.896 97 9.897 23 9.897 49 9.897 75 9.898 01 8.898 27 9.898 53 9.898 79 9.899 05 9899 31 ;:g; ;: 9.900 09 9.900 35 9.900 61 9.900 86 9.901 12 9.901 38 9.901 64 9.901 90 9.902 16 9.902 42 9.902 68 9.902 94 9.903 20 ;:;g ;; 9.903 97 9.904 23 ;:;z :z 9.905 01. 9.905 27 9.905 53 9.905 78 9.906 04 9.906 30 zz ;z 8:;:: :: 0.907 59 9.907 85 9.908 11 Y-908 37 L. Cot.

, 1.
i j i i j i

6t

I>.

Cot.

cos. ~-- 9.896 53 9.896 43 9.896 33 9.896 24 9.896 14 9.896 04 9.895 94 9.895 84 9.895 74 9.895 64 9.895 54 9.895 44 9.895 34 9.895 24 9.895 14 9.855 04 9.894 95 9.894 85 9.894 75 9.894 65 9.894 55 9.894 45 9.894 35 9.894 25 9.894 15 9.894 05 9.893 95 9.893 85 9.893 75 9.893 64 9.893 54 9.893 44 9.893 34 9.893 24 9.893 14 9.893 04 9.892 94 9,892 84 9.892 74 9.892 64 9.892 54 9.892 44 9.892 33 9.892 23 9.892 13 9.892 03 9.891 93 9.891 83 9.891 73 9.891 62 9.891 52 9.891 42 9.891 32 9.891 22 9.891 12 9.891 01 9.890 91 9.890 81 9.890 71 9.890 60 9-890 50 L. Sin.

L.

d I( l( 1: I( I( 1t I( I( I( IC 10 IO 10 IO Y 1: IO IO
110 ILO IIO IIO

P.P.
"

0.107 19 0.106 93 0.106 67 0.106 41 0.106 15 0.105 89 0.105 63 0.105 37 0*105 11 @I04 85 0.104 59 0.104 33 0.104 07 0.103 81 @I03 55 0.103 29 0103 03 0.102 77 @I02 51 0.102 2.5 0.101 99 0.101 73 0.101 47 @I01 21 0.100 95 0.100 69 0.100 43 0.100 17 0.099 91 0.099 65 0.099 39 @OYY 14 0.098 88 0.098 62 0.098 36 0.098 IO 0,097 84 0.097 58 0.097 32 0.097 06 0.096 80 0.096 54 0.096 29 0.096 03 0.095 77 0.095 51 0.095 25 0.094 99 0094 73 0,094 47 0.094 22 0.093 96 0.093 70 0.093 44 0.093 18 0.092 92 0,092 66 0.092 41 0.092 15 0.091 89

:z 5; 5t 5! 54 5: 5": 50 :: 47 46

26 0.4 0.9 ;:; ::; ;:; 3.9 4.3 1% 17.3 21.7 17 8:; 0.8 I.1

25 8:; I.2 1.7 ;:: 2.9 ;:; 4.2 1t.: 16.7 20.8 16 0.3 8:; I.1 I.3 I.6 ;:y 2.4 2,7 5.3 1:.`: 13.3 15 ;:g 0.8 I.0 I.2 I.5 ;:; 2.2 :::, 7.5 l@O 12.5 0.; 0.3 $6" 0.8 1.0 I.2 ;:; I.7 3.3 5.0 6.7 8.3 IO 25 I.2 6":; 8.8 11.2 13.8 16.2 18.8 21.2 23.8 0.8 0.9 I.0 1.2 I.4 ;:; 4.5 6.0 7.5 9 2-i; ::3' 1'0.; 13.0 15.9 I%8 21.7 24.6 -

9.790 15 9.790 31 y;m; 9.790 79 9.790 95 9.791 11 9.791 28 9.791 44 9.791 60 9.791 9.791 9.792 9.792 9.792 76 92 08 24 40

5
i i i i

1 1

9.792 56 9.792 72 9.792 88 9.793 04 9.793 19 9.793 35 9.793 51 9.793 67.' 9.793,83 9.793 99 9.794 15 9.794 31 9.794 47 9.794 63 9.794 78 9.794 94 9.795 IO 9.795 26 9.795 42 9.795 58 9.795 73 9.795 89 9.796 0.5 9.796 21 9.796 36 9.796 9.796 9.796 9.796 9.797 52 68 84 99 15

1 1i:

1IO ILO IO

10 19 I8 17 16 I5 14 13 12 iI 10 !9 !8 !7 !6 !5 !4 !3 !2 !I 10 9 ; 6 5 ::: 12 il 10 ; z :

I.4 I.7 2.0 2":; 2.8 ;:: 11.3 14.2 f2 ;:6" 0.7 0.9 ;:: 1.5 I.6 ::; 5.5 $1 10 K ::; 6.5 1r: 14.3 16.9 i9.5 3;:;

I10 I10 1LO LO IIO 110 I t8 iIO IIO 1IO 1LO I1 i It: IO IO 10 10 11 LO 10 IO IO 1 IO II IIO 1IO IO iII

0

9.797 31 9.797 46 9.797 62 9.797 78 9.797 93 9.798 09 9.798 25 9.798 40 9.798 56 9.798 72 9.798 87 L. cm.

,

-t1. --

C
-

0.091 63 L. Tan.

-

; 1 IIO a --. I s1. (231") 51"

P.P.

S',* * . 8 - 1970
TABLE 6 LOGARITHMS OF TRIGONOMETRIC FUNCTIONS - Con/d (320") 140'

19' (219") - I 1.. Sin. 9.79S 87 0 9,709 03 9.799 113 ; Y.799 34 3 9.799 50 4 9,799 9.7Y9 0.7Y9 !w~o Y~SOO 10 11 12 13 14 :E 11 1:; 19 20 21 22 ;: 25 26 27 2"; 30 31 32 33 34 35 36 37 3"; 40 41 42 d.3 44,
4t, 4:; `,rF

(_I. --

.-

L.

Till'.

L. cot. 0.091 63 ;:g: ;: 0.090 86 0.090 60 0.090 34 8::s 2; 0.089 57 0.089 3 1 0.089 05 g:",;; :; 0.088 28 0.088 02 0.087 76 0.087 50 ;:g f); O.OS6 73 O.OS6 47 0.0% 21 0.085 96 0.085 70 0.085 44 0.085 18 0.084 93 0.084 67 0.084 41 0.084 15

I. ti

I --

I.. CO% 94390 so 9.890 40 9.890 30 9.890 20 9,890 09 9.889 99 9.889 89 Y~SSO 78 9.XSY 6X 9.S89 58 9.889 48 9.889 37 9.589 27 9.889 17 9+89 06 9.888 96 9.888 86 9.888 75 9.8S8 65 3.888 55 9~8XS 44 9.SSS 34 9.888 24 9.888 13 9.888 03 9.887 93 9.887 82 9.887 72 9.887 61 9.887 s 1 9,887 41 9.887 30 9.887 20 9.887 09 9.886 99 9.886 88 ;:"8;; g 9.886 57 9.886 47 9.886 30 9.886 26 9.886 15 9.886 05 9,885 94 9.885 84 Y.SS5 73 9.855 63 9.885 52 9?385 42 9+cG 31 9.885 21 9.885 10 ;:% ii; ~1.884 7S Y.SS4 68 ;:g :; 9,884 36 9+%-C 25 __T,. Sin.

I'. 1'

9.908 37 9.901163 9.908 89 9.909 14 9.909 40 9.909 66 9.9OY 92 9.910 18 9.910 43 9.910 69 9.910 95 9.911 21 9.911 47 8:;;: ;z ;:i; :: 9.912 76 9.913 01 9.913 27 9.913 53 9.913 79 9.914 04 9.914 30 9.914 56 9.914 s2 9.915 07 9.915 33 9.Ylr; 59 9.915 85 9.916 10 9.916 36 9.916 62 9,916 88 Y.917 13 9.917 39 ;:;:; ;: 9.918 16 9.918 42 0.918 68 9.918 93 9.919 19 "9:;;; ;: 9.919 96 9.920 22 . ;`;:"o 5: 9.920 9b 9.921 25 9.921 50 9.921 76 9.922 02 9.922 27 9.922 53 9.922 79 9-923 04

:6 1: 15 !6 !6 !6 !6 !5 !6 !6 !6 !6 !5 !6 !6 !6 !5 !6 ?6 !6 25 ,6 16 16 !5 ti :; 20 ti 5 :i 26 25 :: 26 25 :: 25 26 26 Ii 26 25 26 26 2s 26 26 25

2 2

1:
10 IO

i9 ;8 i7 i6 i5 i4 j3 52 il 50 tz c7 +6 :: $3 c2 $1 10 2 7 8 9

IO

26 @4 0.9 1.3 1.7 ;:; 3.0 3.5 3.9 4.3 1% 17.3 21.7 16 0.3 0.5 0.8 1.1 1.3 1.6 1:: 2.4 10 :z 40 50

25 04 018 ;:: ;:: 2.9 ::; 4.2 8.3 12.5 16-7 20.3 0:; 0.5 0.8 1.0 ::f 1.8 2":; 2.5 S.0 7.5 10.0 12.5

65 81 96 12 27

i:, 10
10
11 f: 11 10 :: 10 10 11 ii

Y.SOO 43 WOO 58 9.800 74 Y.SOO SY 9,801 05 Y~SOl 9.801 (I.801 9.SOl 9.SOl 20 36 51 66 82

0.m 97 9.802 13 9.802 2S 9.802 44 0.802 59 9,802 74 Y.802 90 9.803 05 9.803 20 9.803 36 9.803 51 9.so3 66 Y.803 82 9.803 97 Y.SO4 12 9.804 28 9.804 43 9.804 58 9.804 73 9.804 89 9.805 04 9.SOS 19 9.805 34 9.805 SO 9.805 65 9.805 80 9.805 P5 9.806 10 9.806 25 9,806 41 9.806 56 9,806 71 9.506 86 9.807 01 9Gi07 16 9.807 31 9.807 46 9.807 62 wo7 77 9,807 92 9.808 07

I

0.083 12 0.082 87 0.082 61 0.082 35 0.082 09 0.081 84 OaSl 58 (J@l 0.081 0.080 0.080 0,080 32 07 St 55 29

@2 0.4 0.6 O.7 ::; 1.3 1.5 1.6 :; 39 40 50 1.X 3.7 5.5 7.3 9.2 11 s 0 : : 5 6 7 z t: 1.2 3.5 5.9 8.3

11

O? 0.3 0.5 0.7 0.8 1.0 1.2 1.3 1.5 1.7 3.3 5.0 6.7 8.3 11 25 1.1 3.,% 5.7 7.9 g::: 14.8 17.1 19.3 21.6 23.9

:: 11 1c 11 1c 11 1c 11 1c 11 I( 11 l( 11 11 l( 11 :I 1c 11 11 -

z: 22 21 20 19 18 fZ 15 :: 12 11 III ii 5 t 5 4 ; 1
a --

::'

49

0~080 04 0.079 75 0.079 52 0.079 27 0.079 01 0.078 75 0.078 50 0.078 24 0.077 98 0,077 i3 0.057 47 O.077 21 0.076 96 0.076 70 0.076 44 0,076 19 1.. Tam

50 51 52 5.' 5-i :: 57 SE 55
6a -

13.0 15.4 17-7 20.1 22.5 24-S

10.6

9.923 81 I_. Cot.

- -c :.d

,
G9" (309')

I d. (230") ii0

P.P. --_--

SP : 8 - 1970
T A B L E 6 LOGARITIIME OH TRIGONOME'I'RIC lWNCTIOKS - Co,ttd

I,,

sin.

tl. 15 :: 15 IS 1.5 1S 1S 15 15 15 15 15 15 15 15 ;: 15 1S 15 1S 15 15 14 i; 15 14 :: 1S 15 14 15 15 :: 15 1S f-c 15 15 14 15 15 :: 15 14 :: 1S 15 :: :: 14

1.. Tan. 9,923 Xl 9.924 07 9,924 33 9.Y24 58 9.924 84 9.925 10 Y.923 35 9.925 6 1 9 92S 87 9,926 12 9,926 38 9926 63 Y.926 89 9,927 IS 9,927 40 9,927 66 9,027 92 0,928 17 Y.921: 43 9.928 68 9928 94 9.929 20 9,929 45 9.929 71 9.929 96 9,930 22 0.930 48 9.930 73 9.930 99 9,931 24 9.931 so 9,931 7 5 9.932 01 9.932 27 9.932 52

:.d -_ 26 26 E 26 25 26 26 25 26 25 54, 25 26 26 2": 25 26 :: 2; 26 ;: 26 25 26 25 E 25 26 25 26 2'; 26 :5 25 26 25 26 25 ;: 25 z 26 25 26 2': 25 26 25 -

--

L. Cot.
--

P.P. Y.884 2.5 9.884 15 9.884 04 9.883 94 9.883 83 9.883 72 9.883 62 9,883 S 1 Y.SS3 40 Y.853 30 9,883 19 9,883 08 9.882 9s 9.882 87 9,882 76 9.882 66 9.882 55 9.882 44 9.882 34 9.882 23

9 808 07 9~808 `22 9.808 37 9,808 52 9.808 67 9.808 82 9.X08 Y7 9.809 12 9,809 27 9.809 42 9.809 57 9.809 72 9.SOY 87 `J.sto 02 9.1210 17 9,810 32 ;:%I :: 0.810 76 9,810 91 9.811 06 9.811 21 9.811 36 9.81 I 51 9,811 66 Y.811 x0 9,911 Y5 0.812 10 9.812 25 9,812 40 9.812 54 9,812 69 9.812 84 9.812 `J9 9.813 14 9,813 9,813 3.8i3 9.S13 9,813 28 43 58 72 87

0,076 WO75 0,075 0,075 O.07.i

19 93 67 42 16

I

10 ;p

60

26 8:: ::; 2.2 3':; 3.5 3.9 4.3 8.7 ::::: 21.7 15 5;: 1.0

0+)74 `JO 0074 65 0,074 3Y 0.074 13 0.073 X8 0.073 62 0.073 37 0.073 11 0.072 85 0.072 60 0,072 34 0.072 08 0,071 a3 ::::t ::

! 11 :: ::,
11 11 :: 11 10 11 !I f: 11 ::, :: 11 10 f: 11 10 11 :: 11 10 :: f: 11 ::, :: 11 11 :: 11 11 10 !I f: 11 :: :: 11 -

:8" :i
5.5

2 0.8
::;

1: 52
51 50 :: 47 46

4.2 8.3 12.5 16.7 20.8 14 ;:: ;:; 1.2 ;:; I.9 2.1 2.3 4.7 ;:; 11.7 E g:: 0.7 0.8 1.0 ;:; 1.5 I.7 3.3 5.0 fj:;

40 :;: :;i .3": 33 32 31 30 29 ;: 26 25 24 :: `1

1.2 ;:; 2.0 2.2 2.5 ;:; 10.0 12.S o'.: 04 0.6 0.7 I-J.9 I.1 1.3 I.5 I.6 ;:; 5.5 ;:;

0.069 78 0,069 52 0.069 27 0.069 01 0.068 76 0,068 50 0,068 25 0.067 99 0.067 73 0.067 48 0.067 22 0.066 97 0,066 7 1 0.066 46 OW6 20 0~065 94 em; fj': 0.065 18 0.064 92 0,064 67 0,064 41 0.064 16 0.063 90 0.063 64

9.881 58 9.881 48 9.881 37 `9%; ;G5 9.881 05 9x%J 04 YS80 s3 9,380 72 9.880 61 9.880 51 9.880 40 9.880 29 9,880 18 `)mJ 07 9.819 96 O.SiY 85 `FX79 75 9.s79 64 9879 53 9.879 42 9.879 31 8:;;; ;; 9.878 98 9.878 87 9.878 77 9.878 66 9.878 55 9.878 44 9.878 33 ;:g 8: 9.878 00 9.877 89

9.933 29 9.933 54 9.933 80 0,334 04 `).`i3+ 3 1 9934 57 9.934 82 9.935 08 9.935 33 9.935 S9 9.`)3s s+ 9.936 1O 9.936 36 9.936 61 9,936 87 9.937 12 9.937 38 9.937 63 9.937 89 9.938 14 9.938 40 9.938 65 9.938 91 9,939 16 L. Cot+.

;I;:;

a;

`I.Sl4 02 9.814 17 9.814 31 9.814 46 Y.814 61 9.814 75 9.814 90 9-815 OS 9.815 19 0.515 34 9.81 j 49 9.815 63 9.81 S 78 9.81 S 92 9,816 07 9,816 22 9% 6 36 9.816 51 9.816 65 9.816 80 9.S16 94 L. Cos. 130� (3 10")

:: 13 ::

zc
5.9 5.3 10.6 13.0 15.4 17.7 20.1 22.5 2-I.s

11

10 2(, ::; 6.5 9.1 11.5 14.3 ;;:`! 22.; 24.7 -

10 23 1.2 3.8 6.2 8.8 Il.2 13.8 16.2 18.8 21.2 23.8

.lO

9 !: 6 5 L

::;

d.

:I -

; i

0.060 54 L. Tan.

- -

9.877 78 1~. Sin.

c.d I.

--

I

( I il. -- (229') 49'

I'. -__

13.

SP:8- 1970
TABLE 6 LOGARITHMS OF TRIGONOMETRIC FUNCTIONS - Confd (318") 13a"

41� (2210)

,

-c .Cl

L. Sin. 15 t: 14 15 :: 14 15 14 :: 14 15 14 15 14 15 14 14 15 1`4 :: 14 :: 14 14 14 15 :t `1s 14 :: 14 15 i4

L. Tan. 9.939 16 83;; b:: 9.939 93 4940 1 a 9.940 44 9.940 69 9940 95 9.941 20 9.941 46 9.941 71 9.941 97 9.942 22 9.942 48 9942 73

-

L. cot. oeo 84 0.060 58 @060 33 0.060 07 0059 82 0.059 56 0059 31 0.059 05 0.058 80 0.058 54 8:;:"s ;; 0057 78 0.057 52 0.057 27 0.057 01 0.056.76 ::00:66 ;z 0.055 99

-

L. cos. 9.877 78 z:: ;: 9.877 4.5 9.877 34

- -- -_- , ,a. - - 60

P.P. 26 0.4 0.9 1.3 1.7 2.2 2.6 ::; 3.9 4.3 87 13.0 17.3 21.7 15 0.2 0.5 0.8 1.0 1.2 1.5 ::; 2.2 2.5 5.0 lk:, 12.5 12 0.2 0.4 ::Fs 1.0 1.2 ::;z 1.8 2.0 4.0 6-O 50 12 x 0 : 3 4 5 6 : 9 !O :l 12 lk"o 12 23 1.1 3.1 5.2 7.3 9.4 11.5 13.5 15.6 17.7 19.8 21.9 23.9 4.2 182.35 16.7 20.8 14 0.2 8:; 0.9 :9 1.6 ::; I::: ;:; 11.7 11 0.2 0.4 0.6 0.7 0.9 1.1 z 1.6 ::; ;:3" 92 11 z ::: 75:; 10.2 12.5 14.8 17.1 19.3 21.6 23.9 25 Xf ::;

-i
3 4 2 7 t :: :: 14 15 It 1; 1E IS 2(1 21 2i 2? 24 2: 2t 2; ;1 3t 3; 331 3' 3: 3t 3; :I z 4: z t: 47 tt 50 z:. :: :: :: 59 60 9.819 11 9.819 26 9.819 40 9.819 5s 9.819 60 9.819 83 9.819 98 ;:8";; :; 9.820 41 9.820 5 5 9.820 69 9.820 84 9.820 98 9.821 12 9821 26 9.821 41 9.821 55 9.821 69 9.821 84

:
9.817 67 9.817 81 9.817 96 9.818 10 9.818 25

f: ::
11 :: :: 11 :: :: 11 12 11 :: 11 :: :: 12 :: 11 11 11 :: 11 11 11 12 1: 11 11 12 :: 12 I1 1:

56 :: :; 51 50 49 48 47 46

z' s 57

9.876 9,876 9.876 9.876 9.876

68 57 46 35 24

9.876 13 9.876 01 ;:"8;: 3; 9.875 68

: 42 41 40 39 :; 36 :: 33 32 31 30 29 28 ;z 25 3:: ;: 20 :: 17 16 15 14 13 12 11 10 9 7" 6 : i: 1 0 -

9.944 26 9.944 52 9.944 j7 9.945 03 9.945 28 9.945 9.945 9.946 9.946 9.946 54 79 04 30 55

;I;:: I; 0.055 23 0.054 97 0.054 72 0.054 46 0.054 21 0.053 96 0.053 70 0.053 45 0.053 19 0052 94 f$5; ;i 0.052 17 0051 0051 0.051 0.051 0050 92 66 41 16 90

9.875 35 9.875 24 9.875 13 9.875 01 `P'zt ;t 9:874 68 9.874 57 9.874 46 9.874 34 9.874 23 9.874 12 9.674 01 9.873 9.873 9.873 9.873 9.873 90 78 67 56 45

9.946 81 9.947 06 Et: :; 9.947 83 9.948 9.948 9.948 9.948 9.949 08 34 59 84 10

8% t:: ;:g: ;:
9.823 26 9.823 40 ;::;z 2'8 9.823 82 9.823 96 9.824 10 9.824 24 9.824 39 9.824 53 9.824 b7 9.824 81 9.824 95 x::;: b?: 9.825 37 9.825 51 L. cos. (311")

:: 14 15 14 !4 14 i: 14 K ;: 14 id 14 14 14 I. -

9.949 35 9.949 61 9.949 86 9.950 12 9.950 37 9.950 62 9.950 88 9.951 13 9.951 39 9.951 64 9.951 90 9.952 15 9.952 40 9.952 66 9.952 91 9.953 17 9.953 42 yw: 8: 9.954 18 9.954 44 L. cot. - -c .a --

0050 65 @OS0 39 ;:;:!g ;; @049 63 Ow9 38 0~049 12 0.048 87 0.048 61 0.048 36 X%7" 0.047 0.047 0.047 E 60 34 09

9.873 34 8:s":: :f 9.873 00 9.872 88 9.872 77 9.872 66 9.872 55 $.a72 43 9,872 32 9.872 21 9.872 09 8% t; 9:a71 75 ;:8":: 2: 8.871 41 9.871 30 9.871 19 9.871 07 L. Sin.

tf
11 12 t: 12 11 t: ;: 12 4

::; ;:; ;;j
16.2 18.4 20.6 22.8 24.9

0.046 83 0046 58 046 32 0.046 07 0.045 82 0.045 56 L. Tan.

_-._P.P.

, i3

--

-

I !I. - 4a8"

(228

86

(Continued)

SP:8-1970
TABLE 6 LOGARITHMS OF TRIGONOMETRIC FUNCTIONS - Conid 42" (222")

, 0

.d. 14 14 :: 14 14 14 14 14 14 14 :: 14 14 14 :: 14 14 :t 14 13 14 14 f: 14 13 1; 13 14 t: 13 14 14 1:: 14 14 13 13 I 13 14 :: 14 13 14 ::: 14 13 i.

___- I,. Tan.

-.1. _i i , i
1
1 1

-.-___
L.. cos. --___ 9.871 07 9.870 96 9.870 85 `G.870 7 3 9.870 62 P.P. -26 0.4 0.9 I.3 1.7 2.2 ::g :::, 4.3 8.7 13.0 17.3 21.7 14 8:; 0.7 0.9 40 39 :; 36 1.2 I.4 :$ 2.1 2.3 4.7 7.0 9.3 11.7 12 8:: 0.6 0.8 I.0 1.2 ::"6 1.8 LO 19 18 t: 12 z 12 12 10 9 I.1 ;:; 7.6 9.8 11.9 14.1 16.2 18.4 20.6 22.8 24.9 2.0 4-o 6.0 8.0 10.0 11 26 I.2 3.5 ;:; 10.6 13.0 15.4 17.7 20.1 22.5 24.8 I.1 I.3 ::; 2.0 2.2 4.3 6.5 8.7 10.8 11 g:; 0.6 0.7 0.9 I.1 i:; 1.8 3.7 ;:: 9.2 11 2J 25 8:; 1.2 1.7 ;:: ::; 3.8 ;:; 12.5 16.7 20.8

L. Sin.
9.825 51 9.825 65 9.825 79 9.825 93 9.826 07 9.826 21 Y.826 35 9.826 49 9.826 63 9.826 77

L. cot.

Z

:

9.954 44 9.954 69 9.954 95 9.955 20 9.955 45 9.935 71 9.955 96 9.956 22 9.956 47 9.956 72 9.956 98 9.957 23 E:: ;4" 9.957 99 9.958 25 9.958 50 9.958 75 9.959 01 9.959 26 9.959 52 9.959 77 9.960 02 9.960 28 9.960 63 9,960 78 Ef E 9.961 55 9961 80 Z% :: 9.962 56 9.962 81 9.963 07 9.963 32 9.963 57 9.963 83 9.964 OS 9.964 33 9.964 59 9.964 84 9.965 10 9.965 35 9.965 60 9.965 86 9.966 11 9.966 36 9.966 62 9.966 S7 9.967 12 9.967 38 9.967 63 9.967 88 9.968 14 9.968 39 9.968 64 EZ 2 9.969 40 9.969 66

0.044 29 0.044 04 ;:g :; 0.043 28 0.043 02 0.042 77 0.042 5 2 0.042 26 0.042 01 0.041 75 OG41 50 0.041 25 0040 99 omo 74 0.040 48 0.040 23 0.039 98 0.039 72 0.039 47 0.039 22 0.038 96 0.038 71 0.038 45 0.038 20 0037 95 0.037 69 0.037 44 0.037 19 0.036 93 0.036 68 0.036 43 0.036 17 . 0,035 92 0.035 67 0.035 41 0.035 16 0.034 90 0 034 65 0.034 40 0.034 14 0.033 89 0.033 64 0.633 38 0.033 13 0.032 88 0.032 62 0.032 37 0.032 12 0.031 86 0.031 61 0.031 36 ::%I E 0.030 60 0.030 34
_ -

9.870 50 9.870 39 9.870 2S 9.870 16 9.870 05 9.869 93 9.869 82 9.869 70 9.869 59 9.869 47 9.869 35 9.869 24 9.869 13 9.869 02 9.868 90 9.868 79 9.865 67 9.868 55 9.868 44 9.868 32 9.868 21 9.868 09 9.367 98 9.867 86 9.867 75 9.867 63 9.867 52 9.867 40 9.867 28 9.867 17 9.867 05 9.866 94 9.866 82 9.866 70 9.866 59 9-866 47 9.866 35 9.866 24 9.866 12 9.866 00 9.865 89 9.865 77 9.865 65 9.865 54 9.865 42 9.865 30 9.865 18 9.865 07 9.864 96 9.864 83 9.864 9.864 9.864 9.864 9.864 72 60 48 36 25

10 11 :: 14 15 :; 18 19 20 21 I: 24 25 Zf 28 29

9.826 91 9.827 05 9.827 19 9,827 33 9.827 47 9.827 61 9.827 75 9.827 88 9.828 02 9.828 16 9.828 30 9.828 44 9.828 58 9.828 72 9.828 85 9.828 99 9.829 13 9%29 27 9.829 41 9.829 55 9.829 68 9.829 82 9.829 96 ;:;g g

11 :; 11 l2 11

35 3"; 38 39

9%30 37 9.830 51 9.830 65 9.830 78 Y.830 92 9.831 06 E z: 9.831 47 9.831 61

12 12 1' :`2 11

45 46 :;: 49 50 :; 53 54 :z :B 59 60 I

9.832 15 9.832 29

;:"8:: `8;: 9.832 02

9.832 42 9.832 56 9.832 70 9.832 83 9.832 97 9.833 10 t:::: :;: 9.833 51 9.833 65 9.833 78 L. cos.

513 170.92 12.5 14.8 17.1 19.3 21.6 23.9 -

:; !: l2 6 1 1 12 ; :: 11 l2 d. : 1 0 '

9.864 13 L. Sin.

L. cot.

c
-

L. Tan.

P.P.

132' (312")

(227") 47"

87

(Contin&)

SP:8- 1970
TABLE 6 LOGARITHMS OF TRIGONOMETRIC FUNCTIONS - Contd (316") 136" , 1.. Tan. I,. cot. tl. I.. cos. Cl. . _- - 9.969 66 9.864 13 14 ;:;g ;; 9.969 91 9.864 01 ;% :; 13 9.970 16 0.029 84 z:;:", ;; 4.970 42 0.029 58 57 :: :: 0.029 33 9.863 66 9.970 67 56 14 12 0.029 08 55 13 0.028 82 54 :: 0.028 57 :: 0028 32 :: 14 :: 51 0.028 07 13 11 0.027 81 9.972 19 50 % t: 49 9.972 44 :: ;; 8:;;; g; 9.972 69 9.862 71 48 12 9.972 95 0.027 05 9.862 59 t3 12 9.973 20 0.026 80 tS 9.862 47 14 I2 0.026 55 13 z 0.026 29 14 :: 43 0.026 04 11 :: 12 :: 8%: :; 14 12 40 9.974 72 9.861 76 ::8:: t; 9.861 64 :: 1; :: ;:;:: 2': 0.024 77 9.861 52 t': 9.837 15 9.837 28 9.837 41 9.837 58 9.837 C8 9.837 81 9.837 95 z::;: ;: 9.838 34 9.838 48 9,838 61 9+38 74 9.838 87 9.839 01 9.839 14 9.839 27 ;:8":; :: 9.839 67 ;:tf:; ;t 9.840 06 9.840 20 9.840 33 9.840 46 9-840 59 ;:;;; `s: 9.840 9S 9.841 12 9.841 25 9.841 38 9.841 51 9.841 64 9.841 77 L. 133" (313") 14 :: ::: 13 ii 13 14 ;; 14 13 13 13 :: 13 :: ::: 13 1: t: 14 ;: 9.977 25 9.977 50 ;:9":;: ;: 9,978 26 9.978 51 9.978 77 9.979 02 9.979 27 9.979 53 9.979 78 9.980 03 ;:;:8 :: 9.980 79 9.981 04 9.981 30 9.981 55 9~981 80 9.982 06 9.982 31 99% it 9.983 07 9.983 32 9.4' 3 57 9.983 83 9.984 08 9.984 33 9.984 58 9.984 84 L. 0.017 69 0.017 44 0.017 19 0.016 93 0.016 68 0.016 43 0016 17 0.015 92 0.015 67 0.015 42 0.015 16 L. Tan. 0.020 22 0.019 97 0.019 71 0.019 46 0.019 21 z:;:: :3" 8:::: :: z;:: ;: 0023 51 0.023 26 0.023 00 0.022 75 0.022 50 x:x;:: ;z 0.021 74 ;:"R:: ;: 9.861 16 z:, !z 9.860 80 9.860 68 9.860 56 9,860 44 9.860 32 9.860 20 9.860 OS 9.859 96 8% 7"; 9.859 60 9.859 48 9.859 36 9.859 24 9.859 12 ;:g; ;; 9-858 76 9.858 64 9.858 51 9.858 39 9.858 27 9.858 15 9.868 03 9.857 91 9.857 79 9.857 66 9.857 54 9.857 42 9.857 30 9.857 18 9.857 06 9.856 93 L. Sin. :; 12 :: 12 12 12 :$ 12 12 12 :: :: 12 12 12 :; 12 12 :; 12 12 :; 12 13 12 ti: t; 13 :: :: :: 31 30 ;: :: :: 2; 1:; 6.0 8.0 10.0 13 23 20:; 4.8 ;:; 10.6 12.5 14.4 16.3 18.3 20.2 22.1 24.1 ::; ::; 9.2 12 2x ::: ;:; 9.4 11.5 13.5 15.6 :::; 21.9 23.9

43' (223')

I-

L. Sin.

P.P. 26 F; 1.7 ;:"6 ;:; 3.9 4.3 ii.9 21.7 14 i; 019 1.2 :f ;:; ::: `9:; 11.7 25 8:; ::: 2.1 ;:; ::; 4.2 1;.: 16.7 208 13 g 0.9 ::: ::: 2.0 1:; li.3

9.834 46 ;:88:: :: 9.834 86 9.835 00 9.835 13 9.835 27 9.835 40 9.835 54 9,835 67 9.835 81 p; ;; 9,836 ;l 9,836 34

:"9 18 17 16 15 14 13 f: 10 9 1" 6 : ; 1 0 7.0 lY.8 13.0 15.0 17.0 19.0 21.0 23.0 25.0

I'

t: -

II *

cos.

,1 . --

cot.

,3 . --

I

P.P.

(226") r16"

88

(Continued)

SP : 8 - 1970
TABLE 6 LOGARITHMS OF TRIGONOMETRIC FUNCTIONS - Co&d (315") 135"

44' (224') L. Sin. 9.841 77 9.841 90 9.842 03 9.842 16 9.842 29 9.842 42 9.842 55 gw: g; 9.842 95

13 $ 13 13 :`: 13 13 :: ;: 13 ii 13 13 13 g 13 :: :: 13 :: 13 13 12 :: :3" 12 13 :: 12 13 13 13 12 13 13 13

-

d. -

L. Tan.

:.d I: I! 25 2: 2": 26 25 ;i: 26 25 ;: 4: 25 :: :: 26 25 15" 26 25 4: 25 25 25 2": 4: 26 25 x: 26 25 ;zJ a: 25 26 ;: 25 26 25 25 1: 25 c.d

L. cot.

-7

-

L. cos. 9.856 93 9,856 81 `9:zl z; 9.856 45

d. 12 :; 12 13 ;; 13 12 12 ;: 12 12 :; :: 12 ;: :: 13 :: :: 13 :;

, -

-P.P.

9.984 84 ;:z:: :: 9.985 60 9.985 85 9.986 10 9.986 35 9.986 61 8% :: 9,987 37 ;:;:: :: 9.988 12 9.988 38 9.988 63 9.988 88 9.989 13 9,989 39 9.989 64 8% K `,3;: 2: 91990 90 ;:;;: :; 9.991 66 9.991 91 9.992 17 ;:;;; :: 9,992 93 9.993 18 9.993 43 9,993 68 9.993 94 ;:z: z 9,994 69 9.994 95 9.995 20 9.995 45 9,995 70 9.995 96 9,996 21 2 8:Z 3" 9.996 97 9.997 22 `9% ";`j 9.997 98 9.998 23 9.998 48 9.998 74 9.998 99 8:;;; i; 9.999 75 0.000 00 I,. cot.

60 59 58 :: :: :: 51 50 t; t6' :: t; 41 40 :; 37 36 35 3": 32 31

26 g:; ::; ;:6" ;:; 3.9 4.3 1i.i 17.3 21.7 13 0.2 8:; 0.9

25 ;:; 1.2 1.7 ;:: 2.9 ;:;

0.013 90 0.013 65 0.013 39 x:x:; t(; 0.012 63 ::::; :z 0.011 88 0.011 62 0.011 37 0.011 12 ::;;: t: 0.010 36 0.010 11 0.009 85 ;I$; :: 0.009 10

9.856 32 8:::: ;: 9.855 96 9,855 83 9.855 71 8% :7" 9.855 34 9.855 22 9.855 10 XZ ;: 9.854 73 9.854 60 9,854 48 z:: ;! 9.854 11 9,853 99 9.853 86 9.853 74 9.853 61 9.853 49 9,853 37

4.2
16.7 20.8

It:

9.843 73 9.843 85 9.843 98 9,844 11 9.844 24 9.844 37 9.844 50 9,844 63 9.844 76 9.844 89 9.845 02 9.845 15 9.645 28 9,845 40 9.845 53

;.; 0":: 0.8 ;:; ::; 1.8 ;:"o t:: 10.0 13 23 ;:; 4.8 6.7 1% 12.5 14.4 16.3 18.3 20.2 22.1 24.1 12 25 1.1 3.1 ;:; 13.5 15.6 17.7 19.8 21.9 23.9
9.4

;:; ;:g
2.1

1.1 ;:; ;:; ::; g:; 10.8 13 zi; 1.0

::;
11.7

9':;

X% :: 0.007 07 0.006 82 0*006 57

*
9.852 62 9.852 50 9.852 37 ;:::; :: 9.852 00 9.851 87 9.851 75 9.851 62 9.851 50

:: 12 :: :: 12 13 ;: 12 13 :: 12 :3 13 12 13 :: 12 13 i; 12 d. ;: 2': 21 20 19 :7" 16 15 14 ;; 11 10 9 ; 6 : ; 1 0 -

9,846 30 9,846 43 zt: 2: 9:846 82 9.846 94 9.847 07 9.847 20 ;:5tt: :: 9.847 58 9.847 71 ;:z: :t 9.848 09 9.848 22 9.848 35 9.848 47 8% ;: 9.848 85 9.848 98 9.849 11 9.849 23 9.849 36 9.849 49 L. cos. 134" (314")

;:p

13.0 15.0 17.0 19.0 21.0 23.0 25.0 12 z% 1.1 3.2 ;:;1 9.8 11.9 14.1 16.2 18.4 20.6 22.8 24.9

ii.0

9.0

0.003 79 0.003 54 0.003 28 0.003 03 0.002 78 0.002 53 0.002 27 ;:f);: ;; 0.001 52 O+)Ol 26 0.001 01 8%: :! 0000 25 0.000 00 L. Tan.

9.851 37 9.851 25 9.851 12 ;:g) ;; 9.850 74 9.850 62 9.850 49 9.850 37 9.850 24 9.850 12 9.849 99 9.849 86 9.849 74 9.849 61 9.849 49 L. Sin.

:: 13 12 13 13 :: 13 d.

ii+

I

P.P.

(225") 45"

89

SP:8-1970

NATURAL TRIGONOMEI'RIC FUNCTIONS (Tables 7A and 7B)

Values of the trigonometric functions of angles for each minute from O-360" For degrees indicated at the top of the page use the column headings at the top. For degrees indicated at the bottom use the column indications at the bottom. With degrees at the left of each block (top or bottom), use the minute column at the left and with degrees at the right of each block use the minute column at the right. If natural trigonometric function tables are used for angle measures greater than 90" and less than 360", appropriate signs for the functions must be supplied in accordance with the quadrant in which the `angle measure belongs.

90

SP: 8 - 1970 0" moo1
I Sin. _ --~ 0

TABLE 7A NATURAL FUNCTIONS (359") 179" 1" (181") Tan. cot.

(358") 178O Tan.

:

.oo(, 58 : :%2"! +OO 87

I

cos.
1*0000 I*0000 1+000 :zE 60 :z :a 55 ::: 52 51

,
0 : : : ;: 9

Sin. *017 45 *017 *OH 74 03 a018 aOl.8 62 32 *018 .019 20 91 so19 .Oi9 49 78 .020 07 -020 .02036 65 a020 .021 94 23 .021 52 *022 -021 81 1: -022 -022 -022 40 69 98 -023 *023 56 27 *023 -024 85 14

cot.
57.290 56.351 55442 54.561 53.709 52.882, 52.081 51.303 50.549 49.816 49.104 48.312 47.740 47.085 46.449 45.829 45.226 44.639 44.066 43.508 42.964 42.433 41.916 41.411 40.917 40436 39.965 39.506 EE 38.188 37.769 37.358 36.956 36563

cos.
.999 85 a999 84 -999 84 a999 83 -999 83 -999 82 -999 82 .999 81 -999 80 -999 80 *999 *999 -999 a999 a993 -999 0999 -999 -999 -999 79 79 78 77 77 76 76 75 74 74 60 :: :;I 55 54 53 52 51

:g; ;:
~018 k .018 33 0018 62 ~018 91 -019 20 -019 49 -019 78 a020 07

.OOl 16

7 FJ 10 :: :: :6"

:

:g; ;:
*002 04 *002 33 -002 62 a002 91 *003 xl03 49 30 *003 *004 78 07 -004 *004 65 36

~00145 *00175 *002 04 *002 33 *002 62 SO02 91

687.55 572.96 491.11 429.72 381.97 343.77 312.52 286.48 26444 245.55 229.18 214.86 202.22 190.98 180.93 171.89 163.70 156.26 149.47 143.24 13751 132.22 127.32 122.77 118.54 114.59 II@89 107.43 104.17 101~11 98.218 95.489 92.908 90.463 88.144

1mO0 1mO0 I*0000 KG 1+000 -999 99 -999 99 a999 99 -999 99 *999 -999 -999 a999 -999 ~999 a999 0999 -999 -999 -999 *999 a999 -999 -999 99 99 99 99 98 98 98 98 98 98 97 97 97 97 96

::
:: 14 :: Ii :: :: 24 35 3": :: 30 29 :; 26 :: :;: 29 if :: 34 35 I; EL 20 19 :; 16 15 14 I; 1: :: I4 E :; I9 50 il i2 i3 54 55 56 57 i8 59 bo -

1 -020 36
:;g 8; -021 24 -021 53 .021 82 so22 11 .022 40 -022 69 *022 98 -023 *023 -023 -024 ~024 28 57 86 15 44

GM 36 :fg;: *00.5 24 *005 53 -005 82 W611 *006 40 -006 69 *006 98 -007 *007 -007 *OOs X)08 27 56 85 15 44

13 20 3: ;: ;6" 4: 29 30 :: 3": 35 3"; z z :: 44 :: z 49 50 :: ::

a0 4 *0 5 *0 5 95 24 53 ZE: :g; ;; +06 98 *007 .007 27 56 -007 .008 85 14 *008 44 a008 73 .009 *009 02 31 .009 +I09 60 89 .OlO 18 .OlO .OlO 47 76 *Oil .Oll 05 34 *Oil -011 64 93 -012 .012 22 51 *012 80 -013 .013 09 38 .013 -013 67 96 ,014 25 :;;t ;j .015 13 *015 *01.5 42 71

. -024 43

.999 73 .999 72 -999 72 *999 71 *999 70 *999 ~999 a999 *999 *999 69 69 68 67 66

.024 .025 72 01 :g: ;; .025 89 *026 .026 47 18 *027 .026 76 05 -027 34 -027 63 :g 4; .028 50 -028 79 .023 .029 0029 ~029 a030 08 38 67 96 25

.024 73 .025 02 -02.5 31 ~025 60 .025 89 -026 19 :;;; ;; a027 06 -027 35 -027 64 *027 93 *028 22 *028 51 *028 81 :g; a029 *029 *030 :; 68 97 26

*008 73 +I09 02 -009 31 0009 60 -009 89

0999 96 a999 96 *999 96 -999 95 *999 95 *999 95 *999 9.5 ,999 94 -999 94 -999 94 *999 93 -999 93 *999 93 -999 92 *999 92 0999 91 -999 91 -999 91 *999 90 a999 90 *999 89 :;;; ;; *999 88 *999 88 -999 87 -999 87 :;;; g a999 85

*999 66 a999 6.5 -999 64 -999 63 *999 63 .999 62 a999 61 .999 60 *999 59 *999 59 :;;; 4999 -999 a999 ;; 56 55 54 20 :; 17 16 15 14 32

%:E 35.431
35.070 34.715 34.368 34.027 :::zt 33.045 32.730 32.421 32.118 31.821 31528 31.242 %:% 30.412 30.145 29.882 29624 29.371 29.122 28.877 28.636 Tan.

~01164 *Oil 93 a012 22 -012 51 -012 80 *013 -013 -013 .013 -014 09 38 67 96 25

8W40 83.844 81.847 79.943 78.126 76.390 74.729 73-139 71.615 70.153 68.750 67.402 66'105 64.858 63.657

-030 54 .030 83 :g ;; -031 70 a031 0032 -032 *032 -033 99 28 57 86 16

-030 55 -030 84 -031 14 *03143 *031 72 -032 01 -032 30 :g; ;; *033 17 g'3 ;; *034 0.5 -034 34 -034 63 *034 92 cot.

-999 53 -999 52 :;;; :; a999 50 *999 *999 *999 *999 ,999 49 48 47 46 45

*014 55 -014 84 .015 13 *OlS 42 *015 71 -016 *016 *016 -016 *017 00 29 58 87 16

10 5 ;
5 4 : 1 0

E a016 ~016 00 29 :: -016 .016 58 87 59 *017 16 60 -017 , 45 cos.

*033 45 :g; ;: -034 32 -034 61 -034 90 cos.

a999 44 -999 43 .999 42 a999 41 -999 40 -999 39 Sin. (268')

*017 46

57.290 Tan.

*999 8.5 Sin.

cot.

,

,

,o (270')

\LOY-J - 89

SP: 8 - 1970
2' (182") Sin. Tan. *034 92 .035 21 .035 50 -035 79 a036 09 .036 35 :g ;; ,037 23 .037 52 *037 81 .038 10 -038 39 -038 68 a038 97 15 16 :; 19 20 :: 23 24 -039 26 -039 55 a039 84 a040 13 WO 42 MO 71 XI41 00 *04129 :g; 2; +I42 ,042 ,042 .043 3043 17 46 75 04 33 -040 7.5 SO41 04 .041 33 *04162 ml 91 ,042 20 a042 50 :g ;; a043 37 *043 66 w3 95 ,044 24 .044 54 a044 83 *045 12 mo4.5 41 fI45 70 GM5 99 .046 28 .046 .046 .047 *047 .047 58 87 16 45 74 *036 38 *036 67 -036 96 a037 2.5 -037 54 .0?7 83 a038 12 :;:8" ;f a039 00 TABLE 7A NATURAL FU'NCTIONS - Cmtd (3579 1770 3" (183") (3.56') 176"

cot.
28.636 28.399 28.166 27.937 27.712

cos.
.999 39 .999 38. .999 37 .999 36 a999 35

I

Sin.

Tan. 1 *05241 .052 70 .052 99 .053 28 so53 57 ,053 .054 .054 .05-f *OS5 87 16 45 $74 03

cot.
19.081 18.976 18.871 18.768 18.666 18,564 18.464 t ::;g 18.171 18,075 17.980 15.886 17.793 17,702 17.611 17.521 17.431 17,343 17.256 17.169 17.084 16.999 16.915 16.832

cos.
.998 63 .998 61 a998 60 0998 58 .998 57 .998 55 -998 54 -998 52 -998 51 *998 49 a998 47 a998 46 0998 44 *998 42 a998 41 a998 39 :;;; :; a998 34 *998 33 a998 31 *998 29 .998 27 *998 26 *998 24 *998 22 a998 21 :;;; :; .998 1.5

-

0 : :

1;:; ;::
*OS3 .054 *OS4 .054 *OS4

.052 92 .053 21 .053 50 79 08 37 66 95

~

3::;:: i 26.845
I
26.432 26.230 26.031 25.835 25.642 25.452

27.490

~ 26.637 a999 29 -999 27 ,999 26 a999 25 -999 24 .999 23 a999 22 -999 21 .999 19 *999 18 a999 ,999 a999 -999 ,999 17 16 15 13 12 :: 12 :: :6" :;: 19 20 ;: ::

so.55 24 .055 53 *OS5 82 a056 11 *OS6 40 ,056 69 -056 98 .057 27 -057 56 ,057 8.5 .058 14 ,058 44 *OS8 73 -059 02 ,059 31 .059 60 -059 89 *060 18 ~060 47 a060 76

1 *OS5 33 *05562 *OS5 91 .056 20 .056 49 .056 ,057 *OS7 es7 *OS7 78 08 37 66 95

%Z;: 24.898 24.719 24.542 24.368 24.196 24.026 23.859 23,695 23.532 23.372 23.214 23.058

*OS8 24 .058 54 .058 83 *OS9 12 ,059 41 .059 70 .059 99 .060 29 .060 58 .060 87 .061 16 .061 45 .061 75 $062 04 ~062 33 *062 62 a062 91 .063 21 ,063 50 *063 79 ,064 08 .064 38 -064 67 .D64 96 -065 25 ,065 54 .065 84 .066 13 .066 42 .066 71 .067 00 .067 30 .067 59 .067 88 .068 17 ,068 47 .068 76 .069 05 .069 34 .069 63 0.69 93

.999 11 .999 10 .999 09 .999 07 ,999 06 *999 05 ,999 04 ,999 02 ,999 01 ,999 00 -998 ,998 ,998 ,998 .998 98 97 96 94 93 30 :: :: 35 36 37 :; 40 t; 43 44 45 :; :: 50 :: ::

:;t; g
.044 20 w4 49 .044 78 35 36 :;: j9 *045 a045 ~045 .045 a046 07 36 65 94 23

22.454 22.308 22.164 22.022 21.881 21.743 21.606 21.470 tz:: 21:075 20.946 20.819 20.693 20.569 20.446 20.325 20.206 :g;; 19.885 19.740 :Ki 19.405 19.296 19.188 19.081 Tan:

.E'E 22.602

*061 05 ,061 34 .061 63 -061 92 ~062 21 3062 .062 .063 ,063 ,063 50 79 08 37 66

16.350 16.272 16.195 16.119 16,043

.998 .998 .998 -998 -998

13 12 10 08 06

E:Z 15.821

a998 04 $88 ;: .997 99 a997 97 .997 95 .997 93 .997 92 -997 90 .997 88 .997 86 .997 84 *997 82 .997 80 -997 78

15.748 15,676 15.605 1.5534 15.464 15.394 15.325 15.257 15.189 15.122 15.056 14.990 14.924 14.860 14.795 14.732 14.669 14.606 14.544 14.482 14. :21 14.361 14.301 Tan.

.046 53 .046 82 SO47 11 .047 40 .047 69 .047 98 .048 27 .048 56 .048 85 ,049 14 50 51 5: 54 +49 43 .049 72 .050 01 .050 30 .0.50 59 .050 88 .OSl 17 .051 46 .051 75 .052 0.5 60

a998 92 *998 90 :;;; ;; a998 86 .998 85 .998 83 .998 82 ,998 81 -998 79 .998 *998 .998 .998 *998 76 76 75 73 72

~063 95 .064 24 ,064 53 .064 82 .065 11 -065 40 .065 69 .065 98 .066 27 .066 56 .066 85 .067 14 .067 43 .067 73 .068 02 .068 31 .068 60 .088 89 .069 18 -069 47

.048 03 .048 33 .048 62 .048 91 -049 20 :E:: .050 .050 .050 :t 07 37 66

.050 95 .051 24 .OSl 53 *OS1 82 .052 12 .052 41 cot.

*998 67 .998 66 -998 64 *998 63 Sin. (267') &47' 60 ,

.997 *997 ,997 *997 0997

66 64 62 60 58

-

.0.52 34

.069 76

.997 56 Sin.

cos.

cot.

YL- (272-1

(Continued)

,
TABLE 7A NATURAL FUNCTIONS - Cc&d (355") 175" Sin. :g; ;; .070 34 -070 63 .070 92 .07121 :o":; ;!j .072 08 -072 37 a072 66 .072 95 :"o:: g .073 82 -074 11 1;;: ;; ~074 98 .a75 27 .075 56 a075 85 a076 14 .076 43 .076 72 .077 01 .077 30 .077 59 .077 88 .07s 17 .078 ,078 so79 .079 .079 35 :; 38 39 46 75 04 33 62 -075 .076 -076 .076 .076 78 07 38 65 95 Tan. *069 93 *070 22 .070 51 $7 y; a071 39 .071 68 .@71 97 -072 27 .072 56 -072 85 .073 14 *073 44 *073 73 so74 02

SP 8 - 1970
(3540) 1740

4O 1184"1

cot. :t:;:;

cos.
.997 56 .997 54 *997 52 -597 SO *997 48 ,997 46 .997 44 -997 42 *997 40 .997 38 .997 36 :;;; ;`: a997 29 -997 27 :;;; ;: .997 21 -997 19 *997 16 .997 14 .997 12 .997 10 .997 08 .997 05 .997 03 .997 01 *996 99 -996 96 .996 94 .996 *996 .996 .996 .996 92 89 87 85 83

,

Sin. .087 16 *087 45 :g; A; *088 3: :"og g a089 18 *OS9 47 .089 76 .090 05 $8 ;; .090 92 so91 21 *091 .091 .092 -092 .092 50 79 08 37 66

Tan. .087 .087 .088 SO88 SO88 49 78 07 37 66

cot.
11.430 11.392 :::::: 11.279 11.242 11.205 :Zf 11.095

-- , cos.
.996 19 .996 17 -996 14 *996 12 *996 09 -996 07 :;z : *995 99 -995 96 .995 94 .995 91 -99.5 88 *995 86 -995 83 50 49 t; 46 z t: 41

14.182 14.124 14.065 14.008 13.951 13.894 13.838 13.782 13.727 :::t:; 13.563 13*510 13.457 13,404 %? 13.248 13.197 13,146 ::::t 12.996 12.947 12.898 12.850 12,801 12.754 12,706 12.659 12,612 12.566 12,520 12.474 12.429 12.384 12,339 12.295 12.251 12,207 12.163 12.120 12.077 12.035 11.992 :::`9;: 11.867 ::% 11.745 11*705 11,664 11,625 11.585 11.546 :::::: 11.430

:g 4: a089 54 ~089 83 mO13 :g ;; 0091 01 so91 30 .091 59 a091 0092 *092 .092 *093 89 18 47 77 06

10.883 10.848 :8:% 10.746 10.712 10.678 10.645 10.612 10.579

:;;; -995 ~995 .995

;; 75 72 70

.092 95 .093 24 .093 53 .093 82 .094 11 .094 40 .094 69 .094 98 .09S 27 .09S 56 ~094 82 .09S 11 .095 41 :g gj :;g .096 so97 .097 :g 88 17 46

~995 67 .99S 64 .995 62 -995 59 .995 56 .995 53 .995 51 *995 48 .995 45 .99S 42 .995 40 .995 37 .995 34 .995 31 .995 28 .995 .995 .995 .995 .995 26 23 20 17 14 30 29 ;s 26 2.5 24 ;; 21 20 :: :6' 15 14 13 12 11 10 I: 2 5 4 ; 1 0

.077 24 .077 53 .077 82 .078 12 -078 41 .078 70 .078 99 :g :; .079 87 .080 17 .080 46 .080 75 .08t 04 .081 34 .081 63 .081 92 .082 21 .082 51 .082 80 .083 09 .083 39 .083 68 .083 97 .084 27 :;g ;g .085 14 a085 44 .085 73 .086 02 :g ;; .086 90 .087 20 -087 49 Cot.

10.546 10.514 10.481 10449 10.417 10.385 :::z 10.291 10.260 10229 10.199 10.168 ::::3: 10.078 10.048 10.019 9.989 3 9.960 1 9.931 0 9.902 1 9.873 4 9.844 8 9.816 4 9.788 2 9.760 1 ;:;g 5 9.676 8 9.694 3 9.622 0 9.594 9 9.567 9 9.541 1

29

28

~095 85 .096 14 .096 42 .096 71 .097 00 .097 29 .097 58 -097 87 .098 16 .098 45

.079 91 .080 20 -080 49 -080 78 .081 07 .081 36 .08165 *081 94 ,082 23 .082 S2

$996 80 .996 78 :;;; :: *996 71 .996 68 -996 66 :g; 2: -996 59 *996 57 ~996 54 .996 52 -996 49 .996 47 .996 44 ~996 42 .996 39 a996 37 *996 3 5 -996 -996 *996 -996 -996 32 30 27 25 22 20 19 !; 16 15

.097 76 ~098 05 .098 34 -098 64 .098 93 -099 23 .09Y 52 .099 81 *loo 11 .10040 .lOO 69 -100 99 .lOl 28 .lOl 58 .lOl 87 -102 16 -102 46 alO2 75 -103 05 -103 34

.098 74 .099 03 .099 32 .099 61 .099 90 .lOO 19 :g; ;; .lOl 06 .lOl 35 ~101 64 :;g 4; alO2 50 -102 79

.995 11 .995 08 .995 06 ,995 03 .995 00 .994 97 .994 94 .994 91 .994 88 ~994 85 .994 82 ,994 79 .994 76 .994 73 *994 70 .994 67 1;;; 2: .$94 58 .994 55 -994 52

45 t; 48 49 50 :: ::

.082 81 -083 10 .083 39

::

~ :0088z 1 .084 55
.084 26 .084 84 -085 13 .085 42 .085 .086 .086 .086 .086 71 00 29 58 87

12 11 10 ; : 5
4

1
60

41
0 .104 53

.087 16 cos.

a996 19

9.514 4

co?.
(265") (J5 I" 95" (275")

cot.

Tan. (264 84

Y*- (274')

(Continued)

SP: 8 - 1970
6" 1186") TABLE 7A NATURAL FUNCTIONS -- cod (353") 173" 7' (187") Sin. .I04 53 *104 *IO5 82 11 .lOS .I05 40 69 .I05 97 -106 26 ~106 55 :;g 7: ~107 42 *I07 71 :::: % .I08 58 *IO8 -109 *IO9 *IO9 *I10 87 16 45 73 02 Tan. .I05 *lo5 *IO5 .I05 .106 10 40 69 99 28 (352") 172"

,
0 :. :

I

cot.
9.514 4 9.487 8 9.461 4 9.435 2 9.409 0

CO% -.994 52 .994 49 .994 46 .994 43 .99440

' 60 59 58 57 56

I

Sin. *I21 .I22 .I22 ,122 3123 87 16 45 74 02

Tan. *I 22 78 .I23 08 .I23 38 -123 67 .123 97 *I24 *I24 .I24 .I25 .?25 26 56 85 15 44

cot
8.144 3 8.124 8 8.105 4 ::::z 70 8.047 6 8.028 5 8.009 5 7.950 6 7.971 8 7.953 7.934 7.915 7.897 7.878 0 4 8 3 9

cos.
.992 55 *992 48 51 .992 44 -992 40 *992 37 .992 30 33 1;;: ;; 1;;; ;; $992 11 .992 08 .992 04 :;;: .991 -991 *991 g 93 89 86

0 : : 5 4 z 10 11 z 14 15 :4 18 19 ;Y 22 ;: 25 ;: :z 30 :: :: 35 :; z: 40 41 :: 44 45 :; 18 19 50 :; 53 54 55 56 $7 58 59 50 ,

' 60 :`8 57 56 S5 :`: :: 49 50 48 47 46 45 4: 42 41 40 39 :: 36

*IO6 57 *I06 87 :;g: :i .I07 75 *IO8 05 ::;; ;; -108 93 *109 22 .109 52 .I09 81 .I10 11 .I1040 *I10 70 *I10 .I11 .I11 .I11 .I12 99 28 58 87 17 9.255 3 9.230 2 9,205 2 9.180 3 9.155 5 9.130 9 9.106 5 9.082 1 9.057 9 9.033 8 9.009 8 8.986 0 8.962 3 ;:;;g ; 8.891 9 8.868 6 8.845 5 8.822 5 8.799 6 8.776 9 8.754 2 8.731 7 8,709 3 8.687 0 ::z:: ; 8.6208 8.598 9 ,8.577 2 8.555 5 8.534 0 8.512 6 8.491 3 8.470 1 8.449 0 8.428 0 8.407 1 8.386 3 8.365 6 8.345 0 8.324 5 8.304 1 8.283 8 8.263 6 8.243 4 8.223 4 8.203 5 8.183 7 8.164 0 8.144 3 Tan.

*994 37 55 .994 34 54 -99431 5 3 .994 28 52 *994 24 51 -994 .994 -994 -994 .994 21 18 15 12 09 50 49 48 47 46 45 44 43 42 41 40 39 38 37 36 35 34 33 32 31 30 29 28 27 26 25 24 23 22 21 20 19 18 17 16 15 :; 12 11

.I23 31 :g ;; *I24 18 .I24 47 .I24 76 .I25 04 .I25 33 *I25 62 *125 91 .I26 .I26 .I26 0127 .127 .127 .127 .128 *I28 .I28 20 49 78 06 35 64 93 22 51 80

*I25 74 .I26 03 *I26 33 *I26 62 *I 26 92 .127 .I27 .I27 *I28 .I28 .I28 .I28 *I29 ,129 -129 22 51 81 10 40 69 99 29 58 88

.994 06 .994 02 *993 99 0993 96 .993 93 -993 .993 .993 -993 *993 .993 .993 .993 .993 .993 -993 ,993 .993 ~493 .993 -993 .993 .993 *993 .993 *993 *993 .993 .993 .993 .993 .993 .993 .992 ,992 90 86 83 80 77 74 70 67 64 60 57 54 51 47 44 41 37 34 31 27 24 20 17 14 10 07 03 00 97 93

7.860 6 77::;: :: 7.806 2 7.788 2 :z : 7.734 8 7.717 1 7.699 6 7.682 1 ;:g': ; 7.630 1 7.612 9 7.595 8 7.578 7 7.561 8 7.544 9 7.528 1 7.511 3 7.494 7 7.478 1 7.461 5 7.445 1 7.428 7 7:412 4 7.396 2 7.380 0 7.353 9 7.347 7.331 7.316 7.300 7.284 9 9 0 2 4

.llO 31 .I1060 :;:y ;; .I11 47 25 ;; 28 29 *I15 *I13 .I13 *I14 *I14 35 36 ;; 39 20 49 78 07 36

.991 82 -991 78 :;;; ;; .991 67 .991 :;;; .991 .991 63 2; 52 48

.11246 *I12 76 .I13 05 *I13 35 ~113 64 *I13 94 -114 23 .I1452 -114 82 ,115 11 *I15 *I15 -116 *I16 *I16 41 70 00 29 59

.I29 08 *I29 37 .I 29 66 .I29 95 .I30 24 .I30 .I30 .I31 .I31 .I31 .I31 .132 al32 .1,"2 .133 53 81 10 39 68 97 26 54 83 12

.130'17 .I 30 47 .I30 76 .131 06 *I31 36 -131 65 .I31 95 .I32 24 .I32 54 .I 32 84 *I33 .I33 .I33 .I34 .134 13 43 72 02 32

:s 33 32 31 30 ;: 27 26 25 24 23 22 21

:;w; 4$ .991 37 .991 33 .991 29 .991 .991 -991 -991 -991 25 22 18 14 10

.I14 6.5 ::f; g:: .I15 52 .I15 80 ~116 .I16 .I16 -116 *I17 09 38 67 96 25

*I16 88 .I17 18 *11747 .117 77 .I18 06 -118 36 .118 65 -118 95 ::;; :; .I19 83 *I20 13 .I20 42 .I20 72 -121 01 *I21 31 .121 60 .I21 90 .I22 19 -122 49

.I33 41 :t;; `9; .I 34 27 .I34 56 .134 .135 .I35 -135 .I36 85 14 43 72 00

:# ;: .I35 21 *I35 50 .I35 80 -136 (`9 .I36 39 .I36 69 .I36 98 .I37 28 .137 58 .I 37 87 .I38 17 ::;; ;; .I39 06 .139 35 .I39 65 .I39 95 .I40 24 *I40 54

.991 06 20 :g:, ;; :;: .990 94 17 ~99091 1 6 -990 87 15 a990 83 :: .990 79 *99075 1 2 .990 71 11 *090 67 10 .99@ 63 9 .990 59 ; .990 55 *99051 6 .990 47 .990 43 .990 39 -990 35 .99031 : ; 1

45 t7" 48 49

*I17 54 -118 -117 83 12 -118 40 .I18 69 .118 98 *I19 27 .119 56 $8 ;:

.992 90 10 .992 86 ~992 83 ; .992 79 .992 76 : .99272 5 .992 69 4 *992 65 .992 62 .: .992 58 1 *992 55 1 0 ISin. '

.I36 29 :;g ;; .I37 16 .I37 44 .I37 73 *I38 02 .138 31 :::; _,;; al39 17 CO%

7.268 7 7.253 1 7.237 5 7.222 0 7.206 6 7.191 2 7.175 9 7.160 7 7.145 5 7.130 4 7.115 4 Tan.

55 56 :; 59 60 , 0121 87 cos.

.I22 78 cot.

.990 27 1 0 Sin.

I

cot.

II '

96" (276")

I'IL.70, 0, ,.uJJ , do

90 ,"""O\, ' (`II

(262") 82

94

(continued)

SP: 8 - 1970
8" (188")
I

TABLE 7A NATURAL FUNCTIONS - Conld (351") 171" 9' (189') Sin. Tan. .140 54 .140 84 .141 13 .14143 a141 73 -142 02 a142 32 -142 62 -142 91 a143 21 ::;: ;: *144 10 -144 40 .144 70 .144 99 .145 29 ::g ;; -146 18 a146 48 *146 78 :;"45 g .147 67 .147 .148 -148 .148 .149 96 26 56 86 15 6.968 6.953 6.939 6.925 6.911 f:E 6.868 6.854 6.840 2 8 5 2 0 t 7 8 8

cot.
7.115 4 ::E! :: 7.070 6 7.055 a

-

0
:

.139 17 :;:; :; a140 04 -140 33 .140 61 0140 90 :;t: ;; .14177

T .-

COS.

, -

Sin. -156 43 .156 72 $157 01 -1.e7 30 *157 58 ,157 87 -158 16 a158 45 *158 73 -159 02

Tan. :;:s" g .158 98 .159 28 -159 58 -159 88 *160 17 *16047 *160 77 -16107 .161 .161 *161 a162 .162 .162 *163 -163 .163 -164 .164 .164 -164 *165 .165 37 67 96 26 56 86 16 46 76 05 35 65 95 25 55 6.313 8 :%I : 6.278 3 6.266 6 6,254 9 t:::: a 6.220 0 6.208 5 6.197 0 f:tE 4 6.162 8 6.151 5 6.140 6.129 6.117 6.106 6.095 2 0 8 6 5 a987 69 *987 64 .987 60 0987 55 a987 51 .987 46 .987 41 :;g ;; .987 28 *987 -987 -987 a987 .987' 23 18 14 09 04

0
: :

:

-990 06 :;g g *989 94 a989 90 :;;; ;; *989 78 a989 73 -989 69 :;g ;: *989 57 -989 53 .989 48 .989 44 .989 40 :;g if a989 27 *989 -989 .989 .989 a989 .989 .988 *9aa .988 .988 23 19 14 10 06 02 97 93 89 84 25 s7" 28 29 30 3:. :: 35 36 % 39 40 41 42 z 45 :; tt 50 :: 53 54 -987 91 :;;: ;: -987 78 *987 73 :: 12 13 14 15 :: 18 19

:: :: 14

ml42 05 ::t: ;: -142 92 *I43 20 ::g *144 a144 *144 ;; 07 36 64

s1.59 31 d59 59 -159 88 -160 17 .160 46 ml60 74 -161 03 -161 32 .16160 .161 89 -162 18 .162 46 a162 75 *163 04 .163 33 *163 61 .163 90 .164 19 .164 47 -164 76 .165 05 .165 33 -165 62 .165 91 .166 20 *166 -166 -167 *167 -167 48 77 06 34 63

-987 00 .986 95 .986 90 -986 86 -986 81 a986 76 *986 71 .986 67 .986 62 .986 57 .986 52 .986 48 $986 43 *986 38 -986 33 .986 29 .986 24 .986 19 -986 14 .986 09 .986 04 .986 00 .985 95 .985 90 .985 85 .985 80 .985 75 .985 70 .985 65 .985 61 .985 56 s98.5 51 .985 46 -98.5 41 .985 36 .985 31 .985 26 .985 21 .985 16 .985 11 .985 06 -985 01 .984 96 *984 91 a984 86 .984 81 Sin. (26C

20 4: ;:

*144 93 :g :; -145 80 -146 08 -146 37 3146 66 .146 95 *147 23 -147 32

6.826 9 6.813 1 6.799 4 6.785 6 6.772 0 6.758 4 6.744 8 6.731 3 6.717 9 6.704 5 6.691 2 6.677 9 6.664 6 6.651 4 6.638 3 6.625 2 6.612 2 6.599 2 6.586 3 6.573 4 6.560 6 6.547 8 6.535 0 6.522 3 6.509 7 6.497 1 6.484 6 6.472 1 6.459 6 6.447 2 6.434 8 Et:; : 6.398 0 6.385 9 6.373 7 6.361 7 6.349 6 6.337 6 6.325 7 6.313 8 Tan.

6.084 4 f:E t 6.051 4 6.040 5 6.029 6 6.018 8 ~:~; : 5.986 5 5.975 a 5.965 1 5.954 5 5.943 9 5.933 3 5.922 8 5.912 4 5.901 9 5.891 5 5.881 1 5.8'10 8 5.860 5 5.850 2 5840 0 5.829 8 5.819 7 5.809 5 5.799 4 5.783 4 5779 4 :::z t 5.749 5 5.739 6 5.729 7 5.719 9 5.710 1 5.700 4 5.690 6 5.680 9 5.671 3 Tan.

a165 85 *166 1.5 ~166 45 .I66 74 .167 04 ~167 34 .167 64 -167 94 .168 24 *168 54 .168 .169 .169 *169 .170 84 14 44 74 04

30 31 :i: 34 35 36 3"; 39 40 41 42 43 44 45 46 a; 49 50 :: ::

.147 81 .148 10 *148 38 .148 67 .148 96 .149 25 -149 54 a149 82 al.50 11 *150 40 ml 50 69 *150 97 -151 26 *lSl 5.5 .151 a4 *152 12 *I52 41 .152 70 :::; 4; ~153 56 *153 85 :;:; :f -154 71

,i49 45 *149 7s -150 05 :::z g *150 94 -151 24 a151 53 *15183 -152 13 .I52 43 .152 72 .153 02 .153 32 .153 62 .153 91 -154 21 *154 51 .154 a1 .155 11 .155 40 .155 70 .156 00 .156 30 .156 60 .156 89 a157 19 a157 49 :;:; ;; .158 3 8

.988 80 -988 76 -988 71 -988 67 -988 63 :;g :; .988 49 .988 45 .9aa 41 .988 .988 .988 *988 *988 36 32 27 23 18

.167 92 .I68 20 .168 49 .168 78 .169 06 .169 35 -169 64 .169 92 .170 21 .170 50 a170 78 .171 07 .171 36 ~171 64 .171 93 *172 22 -172 50 :;;; ;; *173 36

.170 33 .170 63 .170 93 -171 23 .171 53 -171 83 .172 13 -172 43 .172 73 .173 03 .173 33 .173 63 ,173 93 .174 23 :174 53 a174 83 *iis is .175 43 .175 73 .176 03 .176 33

a155 57 .155 86 ~156 15 .156 43

:::: %

-

-987 69 Sin. (261") 81"

60 -

.173 65

cos.
98" (278")

I

cos.

cot.

-

99' (279")

95

(Continued)

SP: 8 - 1970
10" (190")
,

Tan.

TABLE 7.4 NATURAL FUNCTIONS - cod (349") 169" 11" (191�) -

(348") 16s"

cot. / _~
5.671 3 5.661 7 5.652 1 5.642 5 5.632 9 5.623 4 5.614 0 5.604 5 5.595 1 5.585 7 5.576 5.567 5.557 5.548 5.539 4 1 8 5 3

cos.
.984 81 .984 76 .984 71 .984 66 ,984 61 -984 55 .894 50 ~984 45 :;;:: j; .984 *984 .984 .984 ~984 30 25 20 14 09 60 59 58 57 56 55 54 53 52 51 50 49 t; 46 45 44 43 42 41

I -. 0 : :

Sin. .190 81 .I91 09 .I91 38 .191 67 ,191 95 .I92 24 .I92 52 +I92 81 *I93 09 .I93 38

Tan.

cot.
5.144 6 5.136 6 5.128 6 5120 7 5.112 8 5.104 9 5.097 0 5.089 2 5,081 4 5.073 6 5.065 8 5.058 1 5.050 4 5.042 7 5.035 0 5.027 3 5.019 7

CO% .981 63 .981 57 .981 52 .98146 .98140 .981 35 ~981 29 .981 24 a891 18 -981 12 *981 07 *981 01 .9SO 96 +80 90 .980 84 :g ;; -980 67 ~980 61 -980 56 .980 50 :Z8 g .980 33 .980 27 .980 21 .980 16 .980 10 -980 04 ~979 98 .979 92 *979 87 .979 81 .979 75 .979 69 -979 63 :;;; 2; -979 46 .979 40 -979 34 1;;; ;; ~979 16 -979 10 *979 05 .978 99 .978 93 .978 87 .978 81 .978 75 .978 69 .978 63 .978 57 .978 51

, 60 59 58 :: 55 :: 52 51 50 49 48 :: 45 t: 42 41 40 39 3"; 36

.173 65 .173 93 .I74 22 *I74 51 .I74 79 .I75 .I75 .I75 .175 .176 10 11 ;: 14 15 16 17 18 19 20 ;: 23 24 25 26 27, it 30 31 32 33 34 35 36 37 38 39 08 37 65 94 23

.I76 93 .177 23 *I77 53 .177 83 .178 13 *I78 43 -178 73 .179*03 .I79 33 .I79 63 .I79 93

.I94 38 .I94 68 -194 98 *I95 29 .I95 59 .I95 89 .196 19 *I96 49 +I96 80 .I97 10 ::;; 4; .I98 01 *198 31 *I98 61 .I98 91 ,109 21 .:9-5i -199 82 *200 13 .200 42 .200 73 .201 03 .201 33 .201 64 .201 94 .202 24 .202 54 .202 85 .203 15 .203 .203 .204 ~204 .204 .204 .205 .205 .20.5 *206 :;g .207 .207 ~207 45 76 06 36 66 97 27 57 88 18 ;; 09 39 70

.176 51 .176 80 .I77 08 .I77 37 .177 66 .I77 94 .I78 23 .178 52 :;;; ;; .I79 37 .179 66 -179 95 .I 80 23 .180 52 ~180 81 .181 09 .181 38 .181 66 .I81 95 ,182 24 .182 52 .I82 81 .I83 09 .I83 38 .I83 67 .I 83 95 .I84 24 .I84 52 ~184 81 ~185 09 .185 38 .I85 67 .I85 95 .I 86 24

11 12 13 14

10

.I93 66 .193 95 -194 23 *I94 52 *I94 fjl .195 09 .I95 38 .I95 66 .195 95 .196 23 .196 52 .I96 80 .I97 09 .197 37 .I97 66

*I80 83 -181 13 -181 43 ::g ;; ~182 *IS2 .I82 .183 .I83 33 63 93 23 53

5.530 1 ::::: 8 5.502 ;; 5.493 6

~984 04 -983 .983 99 94 .983 89 -983 83

15 16 17 IS 19

/ 5.012 1
4.989 4.981 4.974 4.966 4.959

5.004 5 4.996 9 4 9 4 9 4

5.457 5 5.448 6 5.439 7 5.430 8 5421 9 5.413 1 5.404 3 5.395 5 ::;;g ;

.983 62 -983 57 .983 52 ,983 47 .983 41 .983 36 .983 31 3983 2.5 .983 .983 20 15 .983 10 -983 04 .982 .982 .982 .982 .982 99 94 88 83 77 35 34 :; 31 30 29 28 ;z 25 24 23 22 21 20 19 18 17 16 15 14 25 26 z7 29

.I83 84 .I84 14 .I84 44 .I84 74 .I85 04 .I85 34 .185 64 .I 85 94 *I86 24 a186 54 .I86 84 -187 14 .187 45 -187 75 -188 05 .I88 -188 -188 .I89 .I89 35 65 95 25 55

.I97 94 ,198 23 .I98 51 -198 8C .199 08 .I99 37 .I99 65 .199 94 :;g ;; .200 79 .201 08 .201 36 .201 65 *201 93 .202 22 .202 50 .202 79 .203 07 .203 36 ,203 64 .203 93 .204 21 ,204 50 .204 78

4.952 0 4.944 6 4.937 2 4.929 8 4.922 5 4.915 2 4:::; : 4.893 3 4.886 0 4.878 8 4.871 6 4.864 4 4.857 3 4.850 1 4.843 0 4.835 9 4.828 8 4.821 8 4.814 7 4.807 7 4,800 7 4.793 7 4.786 7 4.779 8 4.772 9 4.765 9 4.759 1 4.752 2 4.745 3 4.738 4.731 4.724 4.718 4.711 5 7 9 1 4

5.352 1 5.343 5 5.334 9 5.326 3 5.317 8

25 ;: 22 21 20 19 18 17 16 15 14 13 12 11 10 : 6' _ : ; 1 0 ,

5.292 4 5.283 9 5.275 5 5.267 5.258 5.250 5.242 5.233 5.225 5.217 5.209 5.201 5.192 5.184 5.176 5.168 5.160 5.152 2 8 5 2 9 7 4 2 1 9 8 7 6 6 6

*982 61 .982 56 .982 50 .982 45 .982 40 .982 34 .982 29 .982 23

45 46 47 4S I?r

.186 52 .I86 81 .187 10 .187 38 .I87 67 ,187 95 .I88 24 .I88 52 .I88 81 .I89 10

.I 89 86 .I90 16 .190 46 .I90 76 .I91 06 ,191 36 .I91 66 .191 97 .I92 27 .I92 57 .I92 87 .I93 17 *193 47 .193 78 .I94 08 .194 38

,

:;z g .208 61 .208 91 .205 21 .209 52 .209 82 :g :; .210 73 .211 04 .211 34 .211 64 a211 95 .212 25 -212 56

:;!a; ;;
.982 07 .982 01 .981 96 .981 *981 .981 .981 *981 90 85 79 74 68

50 51 52 53 54 55 56 57 58 59 i0 ,

.205 07 .205 35 .205 63 .205 92 .206.20 .206 49 .206 77 -207 06 .207 34 .207 63 .207 91

55 56 57 5s 55, 60 -

.I89 3S .189 67 .189 9.5 .I 90 24 *190 52 .190 81

' ,97845
I

-978 39 .978 33 .978 27 .978 21

5.1+4 6 Tan.

-981 63 Sin. (259") 79"

4.704 6 Tan. i

.978 15
Sin.

cot.
100" (280")

cot.

101' (281')

(258") 78'

96

(Continued)

SP: 8 - 1970
12' (192") TABLE ?A NATURAL FUNCTIONS - Conid (347") 167" 13O (193") (346'1 166" cot. 4.331 5 4,325 7 4.320 0 4314 3 4.308 6 4.302 9 4.297 2 4.291 6 4.285 9 4.2803

Sin.
.207 91 .208 20 ::g f; .209 05 .209 33 .209 62 .209 90 $210 19 .210 47 .210 76 :`2:: !z .211 61 .211 89 15 16 i7 :: *212 18 .212 46 .212 75 :;;"3 ;: .213 60 .213 88 .214 17 .214 45 .214 74 .215 -215 .215 .215 *216 02 30 59 87 16

Tan. .212 56 .212 86 .213 16 -213 47 .213 77 -214 08 *214 38 .214 69 .214 99 -215 29 .215 60 :;; 2 4; .216 51 *216 82 a217 12 ,217 43 -217 73 .218 04 -218 34 .218 64 a218 95 .219 25 .219 56 .219 86 .220 17 :;;o" ;; *221 08 *221 39 .221 69 -222 00 -222 31 ~222 61 .222 92 .223 22 .223 53 .223 83 -224 I4 *224 44 *224 7.5 .225 05 -225 36 0225 67 .225 97 -226 28 .226 58 0226 89 -227 19 -227 50 -227 81 .228 11 *228 42 -228 72 ~229 03 :;;; a229 a230 -230 ;; 95 26 56 4.704 6 4.697 9 4.691 2 4.684 5 4.677 9 4.671 4.664 4.658 4.651 4.644 4.638 4.631 4.625 4.618 4.612 2 6 0 4 8 2 7 2 7 2 a978 15 ~978 09 .978 03 .977 97 *977 91 .977 84 .977 78 -977 72 0977 66 .977 60 .977 54 +77 48 a977 42 .977 35 .97i 29 .977 23 .977 17 *977 11 .977 OS .976 98 .976 .976 *976 ~976 *976 92 86 80 73 67 40 :z 37 36 60 .:: :z

Sin. -____ 0 ~224 95
I

Tan. .230 87 .231 17 *231 48 .23I 79 .232 09 .232 40 -232 71 -233 01 *233 32 a233 63 .233 *234 .234 .234 .23S 93 24 55 85 16

cos. ' ___ -.974 37 60 .974 30 59 .974 24 S8 .974 17 $7 a974 1 I 56 .974 -973 .973 04 98 91 55 54 53 :: 50 49 48 47 46 45 z 42 41 40 39 38 37 36 35 34 33 32 31 30 29 28 27 26 25 24 23 22 21

I

: : 2 3 9 10 11 12 13 14 15 16 :s' 19 20 ;: :: 25 26 3; 29

-225 .225 23 52 0225 -226 80 08 .226 37 .226 65 -226 93 .227 22 .227 50 *227 78 -228 07 .228 3S -228 63 .228 92 .229 20 .229 48 .230 .229 05 77 .230 33 .230 62 .230 -231 90 18 :;:`1;; *232 03 .232 31 .232 .232 60 88 -233 16 .233 4S .233 73 .234 01 .234 29 .234 58 .234 86 .235 .235 42 14 .235 .23S 71 99 .236 27 .236 -236 84 56 *237 .237 40 12 .237 69 ~237 97 :;g :: -238 82 :;:; ;; *239 66 .240 .239 23 95 ~240 5 1 -240 ~241 08 79 ~241 36 ~241 64 .241 92
GX.

::
53 5: 50 :: 47 46

1

1;;; ;; a973 .973 -973 a973 71 65 58 51 *9i3 45 9;; :; :g; g -973 11 *973 .972 .972 *972 -972 04 98 91 84 78

c 4.269 1

4.274 7 4.263 5

i::g 9 4.246 8 _; ts:; 41530 3 4.224 8 4.219 3 4.213 9 4.208 4 4.203 0 4.197 6 4.192 2 t% s .

4.605 7 4.599 3 4.592 8 4.586 4 4.580 0 4.573 4.567 4560 4.554 4.548 6 3 9 6 3

.235 47 .236 .235 08 78

.236 39 ~236 70 -237 00 .237 31 ~237 62 -237 93 .238 23 -238 54 -238 85 :;;m;

t: ::

4.542 0 453.5 7 4.529 4 4.523 2 4.516 9 4.510 7 4.504 5 4.498 3 4.492 2 4.486 0 4.479 9 4.473 7 4.467 6 4.461 5 4.455 5 4449 4 4,443 4 4.437 3 4.431 3 4.425 3 4.419 4 4.413 4 4407 5 44015 4.395 6 4.389 7 4.383 8 4.377 9 4.372 1 4.366 2 4.360 4 t:::; : 4,343 0 4.337 2

-976 61 .976 55 -976 48 ,976 42 a976 36 .976 30 -976 23 .976 17 -976 1 I -976 04 .97S 98 .975 92 *97S 85 *97S 79 -975 73 *975 66 -975 60 -975 97 *97S 47 a97.5 41 975 34 a975 28 -97.5 21 .975 1.5 -975 08 .975 02 -974 96 .974 89 -974 83 ,974 76 .974 70 -974 63 *974 57 -974 50 *974 44 30 29 is :i

.239

77

x . 1:
4.165 3 4.160 0 4.154 7 4.149 3 4.144 1 4.138 8 4.133 5 4.128 2 4.123 0 4.117 8 4.112 4.107 4.102 4.097 4.091 6 4 2 0 8

.972 71 *972 64 .972 57 *972 51 *972 44 .972 .972 .872 *972 ~972 37 30 23 17 10

.216 44 .216 72 -217 01 .217 29 .217 58 `217 86 .218 14 :;;; ;; a218 99 .219 28 *219 56 -219 85 $8 :; 45 46 4: 18 49 .220 70 .220 98 :;;: :; ~221 83 .222 12 ,222 40 .222 68 53 54 :;;:: ;: .223 53 *223 82 :;;i :; .224 67 60 .224 95

30 53 34 35 :: :; 40 :: ; 45 46

.240 08 .240 39 .240 69 ~241 00 .241 31 -241 62 .241 93 .242 23 .242 54 .242 85 .243 16 -243 47 .243 77 -224 08 .244 39 -244 70 -245 01 :g: ;; .245 93 *246 24 .246 55 :;;f ;; a247 47 .247 78 -248 09 -248 40 .248 71 -249 02 .249 33

.972 03 -971 96 .971 89 1;;; f;

-971 69 20 -971 62 19 *971 55 18 0971 48 17 *97141 1 6 15 14 -97120 1 3 a971 I3 12 .97106 1 1 .97100 .970 93 :;;"o ;; -970 72 .970 65 .970 58 .970 51 a970 44 *970 37 .97030 Sin. 1 0 i i s ; 1 0 ' 9;; ;;

4.086 7 4.081 5 4.076 4.071 4 3 4.066 2 4.061 1 4.056 0 4.050 4.045 9 9 4.040 8 4.035 8 4.030 8 4.025 7 4.020 7 4.015 8 4.010 8 Tan

i2 11 10 i

:: 19 50 :: :: 55 :; S8 59 bo -

2 f3
i?
1

-230 87 Sin.

,

cot.

1w- (283')

(2.56') 76'

SP:8-1970
14O (1940) Tan. .249 33 *249 64 -249 95 -250 26 .2SO 56 6" 7 9" 1: 1: 14 :: 1;: 19 :: :: 24 -243 *243 62 33 .243 90 -244 3244 46 18 -245 *244 03 74 -245 *24S 31 59 -245 87 -246 -246 44 15 *246 72 :Z 2 *247 -247 56 84 -248 ,248 41 13 .248 69 -253 97 .254 28 -254 59 *254 90 -255 21 -255 .2SS -256 *256 .256 52 83 14 45 76 TABLE 7A NATURAL FUNGI ` I O N S (345") 165'

coird
Tan. -267 95 .268 26 -268 57 *268 88 *269 20 *269 51 .269 82 0270 13 *270 44 a270 76 0271 07 .271 38 .271 69 *272 01 a272 32 -272 63 -272 94 *273 26 0273 57 .273 88 -274 19 -274 51 -274 82 ~275 13 *27S 45 .23S 76 .276 07 a276 38 *276 70 -277 01 -277 32 -277 64 a277 95 :"z;; :z 3.647 0 o-642 9 3.638 7 ::66:: f 3.626 4 3.622 2 3,618 1 :::t: 8 3605 9 3.601 8 :`:z ! 3:589 7 3.585 6 3.581 6 3.577 6 3.573 6 3.569 6 *280 46 -280 77 *281 09 -281 40 *281 72 a282 03 -282 34 *282 66 :g: 4; ~283 60 *283 91 ,284 23 :;;t ;z a285 17 .28S 49 ::;"6 ;; *286 43 *286 75 Cot. 3.565 6 3.561 6 3.557 6 ::::zJ 5 3.545 7 3.541 8 ;:::: 8 3.530 0 3.526 1 3.522 2 3.518 3 3.514 4 3.510 s 3.506 7 :::8; r: 3.495 1 3.491 2 3.487 4 Tall. Sin. *962 85 *962 77 *962 69 -962 61 -962 53 -962 46 *962 38 a962 30 *962 22 -962 14 3.732 3.727 3.723 3.719 3.734 1 7 4 1 8 *96S 93 -965 85 ~965 78 .96S 70 -965 62 *96S 55 -965 47 :;;: $j a965 24 -965 -965 -965 *964 *964 17 09 02 94 86 45 44 t: 41

_

cot.
4.010 8 4.005 8 4.000 9 3.995 9 3.991 0 3.986 3.981 3.976 3.971 3.966 1 2 3 4 S

cos.
a970 30 *970 23 .970 15 .97008 *970 01

I

' 60 59 58 57 56

I-

, 0 :
3 4

Sin. .2S8 82 ~259 10 *259 38 *259 66 *259 94 -260 22 .260 SO .260 79 .261 07 .26l 35

, -

!!i :; 56
:: :: 51

$7 ;;
-25149 *2Sl 80 -252 11

:`9g ;; if
*969 80 ~969 73 *969 66 *969 59 .969 52 *969 45 ,969 37 a969 30 *969 23 *969 16 -969 09 ~969 02 .968 94 .968 87 -968 80 *968 73 a968 66 ~968 58 53 52 51 50 49 48 47 46 45 44 43 42 41 40 39 38 37 36 10 :: 13 14 15 16 :; 19

3.710 5 3.706 2 3.701 9 3.697 6 3.693 3 3.689 1 :t:: 3.676 4 3.672 2

3.961 7 3.956 8 ::;z Y 3.942 3

-261 63 .261 91 -262 19 .262 47 -262 75 .263 03 .263 3X *263 59 -263 87 .264 15 :Z :: -265 00 .26S 28 -26s 56 .26S 84 .266 12 .266 40 -266 68 .266 96

;3:; : 3.927 9
3.923 2 3.918 4 3.913 6 3.908 9 3.904 2 3.899 5 3.894 7 3.890 0 33:888850 `; 3.876 0 3-871 4 3.866 7 3.862 1 3.857 5 3.852 8 3.848 2 3.843 6 3.839 1 3.834 S 3.829 9 3.825 4 3.820 8 3.816 3 ;::G ; 3.802 8 3.798 3 :::t; ! 3.784 8 3.780 4 3.776 0 :::;I: : 3.762 7 3.758 3 3.753 9 3.749 5 3.745 1 3.740 8 3.736 4 3.732 1 Tan, *

-964 79 0964 7 1 a964 63 :;g g :;g g .964 25 0964 17 .964 10 *964 02 -963 94 -963 86 -963 79 *963 71 -963 63 -963 55 *963 47 -963 40 -963 32

:gt
z 29 30 31 :: 34 35 :7" 38 39 ; 42 43 44 45 z tt 50 :: :: 55 S"f :t 60 ,

4:

*249 .249 82 54 -250 10 a250 38 .2so 66 0251 .2so 94 22 .251 51 .25179 0752 .2s2 07 3s :;:; ;; .253 20 -253 48 .253 76 .254 04 .254 32 .254 60 -254 88 0255 16 *2ss 4s *2ss 73 -256 01 :;:t ;; 1::; ;: a257 41 *2S7 69 -257 98 *2S8 26 -258 54 .258 82 cos. -

-257 07 .257 38 .257 69 :22:: : .258 62 -258 93 :;:; :: -259 86 .260 17 .260 48 .26079 -261 10 -26141 .261 72 .262 03 .262 35 :g; !g -263 28 -263 59 *263 90 -264 21 *264 52

*968 51 35 -96844 3 4 .968 37 33 *968 29 32 -968 22 31 *968 1.5 .968 07 -968 00 .967 93 *967 86 a967 78 .967 71 64 .867 56 -967 49 -967 -967 -967 a967 *967 42 34 27 19 12 30 29 28 27 26 25 I: 22 21 20 19 18 17 16 45 46 ; 50 :: :: 30 31 :: 34 35 :; 38 39

-267 24 -267 52 *267 80 .268 08 .268 36 ~268 64 .268 92 .269 20 .269 48 .269 76 a270 04 .270 32 ~270 60 *270 88 -271 16 :"2:: ;; *272 00 -272 28 *272 56 -272 84 .273 12 -273 40 .273 68 .273 96 :g ;; *274 80 ,627s 08 -275 36

30 `22 27 26 25 ; 21 20 1; 16 15 14 :; 11

-967 OS 15 -966 97 14 0966 90 13 -966 82 12 *96675 1 1 *966 67 96660 :;g i; *966 38 *966 30 :z:: *966 08 a96600 *96S 93

:`2;: f;
a265 46 *26S 77 -266 08

10
9 ; 6 s ; 1

10 z Ti f 3 1 0 ,

:;g :;
-267 01 -267 33 *267 64 ~267 95

cot.

I

-

0

60 -

.27S 64

,
285')

:i.

sir%;

98

(CONfiUld)

SP: 8 - 1970
16" (196') TABLE 7A NATURAL FUNCTIONS - Cm&Z 17" (197") (343') 163" Tan. (342' 1 1162" ::;; *306 -306 .307 ;: 37 69 00 3.270 9 3.267 5 3.264 1 3.260 7 3.257 3 -956 30 .956 22 .956'13 -956 05 ~955 96 *955 *955 *955 *955 .95.5 3.237 1 3.233 8 3.230 5 "3::;: t 3.220 5 3.217 2 "3::;: z 3.207 3 3.204 1 3.200 8 3.197 5 3.194 3 3.191 0 3.187 a 3.184 5 3.181 3 Xt :::;: S 3.165 2 3.162 0 3.158 8 -316 90 0317 22 .317 54 .317 86 -318 18 $318 50 *318 82 *319 14 .319 46 a319 78 a320 IO ::;o" ;; ~321 06 *321 39 *321 71 ::;; ;; .322 67 . .322 99 .323 31 -323 63 :;g 4; .324 60 .324 92 3.155 6 ::::; t 3.146 0 3.142 9 3.139 7 3.136 6 :::33; `: 3.127 I 3.124 0 3.120 9 3.117 8 ::::: f 3.108 4 3*IOS 3 il:;;;: 3.096 I .955 .95.5 -955 .955 *955 88 79 71 62 54 45 36 28 19 I1

, Sin. -___
0 : : 5 ; a 9 10 :: 13 14 15 !F :"9 20 ;: :: 25 f5 .275 64 .275 .276 92 20 .276 .276 48 76 .277 04 *277 .277 31 59 .277 87 .278 15 :;g ;; :% g .279 55 .279 83 .280 .280 39 11 .280 .280 67 95 .281 23 *281 .281 78 50 ~282 .282 06 34 .282 62 -283 *282 90 18 .283 46 .283 74 .284 02 .284 .284 29 57 :g; ;: .285 41 .285 .285 69 97 -286 .286 25 52 .286 80 .287 .287 08 36 .287 .287 64 92 .288 20 :g ;; :;g ;;

I

cot.
3.487 4 3.483 6 3.479 8 33::;62 s

cos.
.961 26 *961 18 .961 10 $961 02 .960 94 .960 86 $960 78 -960 70 -960 62 -960 54 3960 46 *960 37 a960 29 a960 21 -960 I3 -960 05 .959 97 -959 89 .959 81 -959 72 a959 64 *959 56 .9.59 48 -959 40 .959 31 -959 23 ..959 15 :;g 9"; .958 90 .958 82 .958 74 .958 65 .958 57 -9.58 49

, 60 :: 57 56 55 :: 52 51

Sill.
-

Tan. -

0
:.

:

.292 .292 .292 ~293 .293

37 6.5 93 21 48

0288 32 *288 64 .288 9.5 -289 27 .289 58

3.468 3.464 3.460 3.457 3.453

4 6 8 0 3

.293 76 .294 04 -294 32 .294 60 -294 87 10 :: 13 14 .295 -295 .295 *295 *296 15 43 71 99 26

a307 32 :;g 8; .308 28 a308 60 -308 91 -309 23 *309 55 -309 87 -310 19

*28990
a290 *290 -290 -291

21 53 84 16

3.449 5 3445 a 3442 0 3.438 3 3.434 6 ::t:; F 3.423 4 3.419 7 3.416 0 3.412 3.408 3.405 3.401 3.397 4 7 0 4 7

t! 48

47 46

.29147 ~291 79 0292 10 -292 42 .292 74 .293 -293 a293 *294 -294 05 37 68 00 32

.296 54 .296 82 .297 IO .297 37 .297 65 20 I: 23 24 -297 .298 .298 *298 .299 93 21 49 76 04

-

,310 51 0310 83 -311 15 -311 47 -311 78 -312 10 .312 42 :;;;; *313 38 .313 70 :;;z f; -314 66 .314 98

-955 02 0954 93 -954 a5 :;:t ;; -954 59 :;:t ;y -954 33 -954 24 .954 I5 .954 07 -953 98 :;g f; :;:: ;; .953 54 *953 45 .953 37 .953 28 *953 19 .9.53 10 .953 01 .9.52 93 .952 84 .952 7.5 .952 66 .9.52 57 -952 48 .952 40 .9.52 31 .952 22 -952 13 -952 04 a951 95 a951 86 .951 77 :;:; ;t a951 50 :;:; ;; .951 24 -951 15 -951 06

:;;; 8: 0295 26 .295 58 *295 90 .296 21 .296 53 -296 85 :;;; g :;;; ;; a298 43 -298 75 .299 06 *299 3% *299 70 -300 01 :;g ;;

3.394 1 3.390 4 3.386 8 38::;; f 3.375 9 3.372 3 3.368 7 ::;t: 3 3.358 0 3.354 4 ::::; z 3.343 a 3.340 2 z:: ; x:

.299 32 -299 60 .299 87 ::z :3" 30 :: :: 35 :; :t .300 71 .300 98 .301 26 -301 54 .301 82 .302 *302 *302 *302 .303 -303 ~303 *304 *304 *304 :% *305 *305 a305 09 37 65 92 20 48 76 03 31 59 E 42 70 97

30 ;: :a 3s :: :: 40 a: :: 45 :; 48 49 50 :: ::
5.5

*957 99 -957 91 .957 82 *957 74 -957 66 *957 57 e9.57 49 -957 40 .957 32 -957 24 .957 15 *957 07 .956 98 :;g ;y -956 73 .956 64 :;;; g *956 39 .956 30 Sin.

20 19 :; 16

40 41 t: 44 45 ;; 49 50 :: :: 55 :: it 60 -

E : 3.315 6
3.312 2 3.308 7 0302 -302 *303 .303 .303 55 87 19 51 82 3.305 2 3.301 7 3.298 3 3.294 a 3.291 4 3.287 9 3.284 5 3.281 I 3.277 7 3.274 3 -305 73 3.270 9 Tan.

::g :: :% :: *307 36 ,307 63 *307 91 .308 I9 .308 46 .308 74 -309 02

,290 15

.290 98 .291 .291 26 54 .291 82 *292 09

:!: 58 59

60 .292 37 - - ___
I

I

cos.

cot.

1 0 7 " (287')

, -

cos.

cot.

Tan.

Sin. (252") 72".

SP: 8 - 1970
18" 1198'=? TABLE 7A NATU'BAL FUNCTIONS - Contd (341") 161" 19" (199? Tan. -324 92 -325 24 ::;: ;; -326 21 0326 53 -326 85 0327 17 -327 49 a327 82 (340") 160'

, 0 : 3 4 8 z 9 10 11

I

Sin. *309 02 *309 29 :;g ;: 0310 12 *310 40 ::;"o 8; .311 23 -311 51

cot.
3.077 7 3.074 6 ::zi : 3.065 5 3.062 5 3.059 5 3.056 5 3.053 5 3.050 5 ::g: : 3.0413 3.038 5 3.035 6 3.032 3.029 3.026 3.023 3.020 6 6 7 7 8

cos.
*951 *9so *950 *950 a950 06 97 88 79 70

, .-

, 0 : :

Sin. .325 57 -325 84 -326 12 *326 39 .326 67 -326 94 -327 22 0327 49 *327 77 ,328 04

Tan. -344 0344 *344 -345 -345 33 65 98 30 63

cot.
2.904 2 2.901 5 2.898 7 2.896 0 2.893 3 2.890 5 2.887 8 2.885 1 2.882 4 2.879 7 2.877 0 2.874 3 2.871 6 2.868 9 2.866 2 2.863 2.860 2.858 2.855 2.852 2.850 2.847 2.844 2.842 2.839 6 9 2 6 9 2 6 9 3 7 -945 52 :;i: :; .945 23 .945 14 *945 04 .944 95 -944 85 -944 76 .944 66 .944 57 a944 47 .944 38 .944 28 -944 18 *944 09 -943 99 9%; ;g .943 70 -943 61 -943 51 .943 42 .943 32 a943 22 .943 13 .943 03 -942 93 .942 84 .942 74 .942 6-$ .942 54 .942 45 .942 35 .942 25 ~942 15 .942 06 a941 96 -941 86 .941 76 20 ii 17 16 *941 18 a941 08 *940 98 .940 88 .940 78 *940 68 :;i; :; .940 39 -940 29 *940 19 -940 09 :;;9" ;; a939 79 -939 69 Sin. (250') 15 ::: 12 -11 60 59 58 57 56 55 :: 52 51 59 4: 47 46 45 44 43 42 41 40 39 i: 36 35 3-i -33 32 31 33

2 :;

56

-950 61 `*950 52 .950 43 -950 33 *950 24 *950 15 ~950 06 -949 97 *949 88 *949 79 -949 70 -949 61 *949 52 a949 43 a949 33

55 54 :: 51 10 :: 13 14 45 44 t: 41 40 iii 37 36 15 16 17 18 19 20 2: 23 24

.345 96 *346 28 0346 61 -346 93 -347 26 .347 58 a347 91 -348 24 0348 56 a348 89 .349 22 .349 54 *349 a7 :;g ;g 0350 a351 0351 0351 -352 85 18 50 83 16

t:

14 15 :; :: :: ;3" 24 ii ;i 29 f? ii 34 35 :; 38 39 40 ii 43 44 45 :; 48 49 :: 52 :: 55 56 :P 59 60 -

I

.31178 *312 06 -312 -312 33 61 *312 89 ~313 16 :::: ;; a313 99 ,314 27 -314 54 .314 82 -31.5 10 -31.5 37 -315 63 *315 93 *316 20 a316 48 .316 7.5 -317 03 .317 30 a317 58 *317 86 .318 13 *318 41 .318 68 .318 96 .313 23 *319 51 -319 79 .320 06 ::;; ;: -320 89 *321 16 *321 44 .321 71 ::;; ;; -322 54 *322 -323 -323 -323 a323 82 09 37 64 92

:g :;
-328 78 -329 11 a329 43 0329 0330 *330 *330 a331 75 07 40 72 04

-328 32 .328 59 :gj 7; .329 42 .329 69 .329 97 .330 24 -330 51 .330 79 *331 06 .331 34 .331 61 ~331 89 .332 16 0332 44 -332 71 .332 98 .333 26 *333 53 .333 81 *334 08 $4 ;; .334 90

a331 36 -331 69 *332 01 -332 33 -332 66 *332 98 *333 30 -333 63 *333 95 .334 27 .334 60 ,334 92 *335 24 *335 57 -335 89 .336 21 ::g ;t a337 18 *337 51 *337 83 :::; ;; -338 81 -339 13 -339 4.5 ,339 78 a340 10 ::t; :: -341 08 .34140 *341 73 *342 0.5 *342 38 -342 70 -343 03 -343 35 *343 68 .344 00 *344 33 cot.

3.017 8 3.014 9 3.012 0 ::z: Y ::%i t:;;: : 2.991 6 2.985 7 2.985 8 Z% t 2.977 2 .948 78 0948 69 :;g $ -948 42 :;;i ;: .948 14 .948 05 0947 95 .947 86 .947 77 ~947 68 ~947 58 .947 49 2.960 0 2.957 2 2.954 4 2.951 5 2.948 7 2.945 9 2.943 1 2.940 3 2.937 5 2.934 7 2.931 2.929 2.926 2.923 2.920 9 1 3 5 8 *947 40 :;g ;y a947 12 .947 02 .946 93 *946 84 .946 74 .946 65 .946 56 :;:z :4 a946 27 .946 18 .946 09 *945 99 .945 90 :gg ;y a945 61 a945 52 Tan. Sin. -

35 ;i 32 31 30 29 :; 26 25 24 23 %:: 20 ii 17 16 15 :`: 12 11 10 ; i 5 : 2 1 II 35 :; 38 39 40 t:. t: 45 46 i's 49 50 ::. :: 55 58 59

-3.52 48 *352 81 .3.53 14 .353 46 *353 79 *354 e3.54 *354 0355 .35.5 12 45 77 10 43

2.837 0 2.834 4 2.831 8 2.829 1 2.826 5 2.823 9 2.821 3 2.818 7 2.816 1 2.813 5 2.810 2.808 2.805 2.803 2.800 9 3 7 2 6

:$ :g .335 73 .336 00 .336 27 -336 a336 a337 -337 -337 55 82 10 37. 64

.355 76 -356 08 .356 41 -356 74 .357 07 :;g ;; -358 05 -358 38 .35831 e3.59 04 .359 37 :g 84 .360 35 ~360 68 .361 01 -361 34 *361 67 *361 99 a362 32 -362 65 *362 98 *363 31 *363 64 -363 97 cot.

2.798 0 2.795 5 2% Z 2.787 8 2.785 2 2.782 7 2.780 1 2.777 6 2.775 1 2.772 5 2.770 0 2.767 5 t:::: : ;::zi ; 2.755 0 2.752 5 2.750 0 2.747 5 Tan.

~

*337 92 .338 19 *338 46 *338 74 .33901 0339 29 -339 56 -33983 .340 11 -340 3s

10 ; ii %
5 4 i 1 0 .-

~

:$ ;; -324 74 -325 02 -325 29 *325 57

~ a34065 :; 1 ::z;;
60 -

-34147 -341 75

~ a342 02 I
cos.

,

I

cos.

,
(251')
71'

I
70'

108" (288')

1OY' (ZBY')

(Coatinzced)

100

SP: 8 - 1970
zoo

(3 IO")
Sin. .342 02 .342 29 .342 57 .342 84 .343 11 ,343.39 .343 66 .343 93 -344 21 -344 48 Tan. .363 97 .364 30 .364 63 ~364 96 -36.5 29 .36.5 62 .36.5 95 .366 28 .366 61 .366 94 -367 27 .367 60 .367 93 -368 26 :368 59 .368 92 .369 25 -369 58 -369 91 .370 24 .370 57 .370 90 -371 23 .371 57 ,371 90 -372 23 .372 56 .372 89 .373 22 .373 55 *373 88 *374 22 *374 55 .374 88 .375 21 .375 54 -375 88 .376 21 .376 54 .376 87 .377 20 .377 54 .377 87 -378 20 ~378 53 .378 87 .3i9 20 .379 53 .379 86 .3so 20 .380 53 .380 86 -381 20 -381 53 .381 86 -382 20 .382 53 .382 86 -383 20 ~383 53 -383 86

TABLE PA N. (339

YURAL FUNCTIONS - Con!d 21" (201")
I

(338'1 15P

, 0 : 3 4

cot.
2,747 5 2.745 0 2.742 5 2.740 0 2.737 6 2-735 2.732 2.730 2.727 2.725 1 6 2 7 3 3938 69 .938 59 :;:; ;; .938 29 .939 69 .939 59 .939 49 *939 39 *939 29

, 0 : 3 4 .358 37 .3.58 64 .358 91 .359 18 .359 45 .359 73 .360 00 .360 27 .360 54 .360 81 10 :: f: .361 08 .361 3.5 .361 62 .361 90 .362 17 .362 44 .362 71 .362 98 .363 25 .363 52 ,363 79 .364 06 .364 34 .364 61 ,364 S8 ,365 15 .365 42 .365 69 .365 96 .366 23 30 31 32 3: .266 50 .366 77 .367 04 .367 31 .367 58 .367 85 .368 12 .368 39 .368 67 .368 94 .369 21 .369 48 .369 7.5 .370 02 .370 29 .370 56 .370 83 .371 10 .371 37 *371 64 .371 91 .372 18 *372 4.5 ,372 72 *372 99 .373 .373 .373 *374 -374 26 53 80 07 34

Tan. .383 86 .384 20 -3s4 53 .384 87 .385 20 -385 53 .385 87 .386 20 .386 54 .386 87 .387 21 .387 54 .387 87 .388 21 .388 54 .388 88 0389 21 .389 55 ~389 88 .390 22 .390 55 ,390 89 .391 22 .391 56 .391 90 *392 23 .392 57 ,392 90 .393 24 *393 57 .393 91 *394 25 *394 58 .394 92 ,395 26 .395 59 a395 93 .396 26 *396 60 *396 94 -397 27 .397 61 .397 95 .398 29 ,398 62 .398 96 .399 30 .399 63 .399 97 .400 31

cot. __2.605 1 2.602 8 2.600 6 2.598 3 2.596 1 2.593 8 2.591 6 2.589 3 2.587 1 2.584 8 2.582 6 2.580 4 2.578 2 2.575 9 2.573 7 2.571 5 2.569 j 2.567 1 2.564 9 2.562 7 2.560 5 2.558 3 2.556 1 2.553 9 2.551 7 2.549 5 2.547 3 2.545 2 2.543 0 2.540 8 2.538 6 2.536 5 2.534 3 2.532 2 2.530 0 2.527 9 2.525 7 2.523 6 2.521 4 2.519 3 2.517 2 2-515 0 2.512 9 2.510 8 2.508 6 2.506 5 2.504 4 2502 3 2.500 2 2.498 1 2.496 0 2.493 9 2.491 8 2.489 7 2.487 6 2.485 5 2.483 4 2.481 3 2.479 2 2.477 2 2.475 1 Tan.

COS.

I

-

.933 .933 .933 .933 .933

58 48 37 27 16 55 34 53 :: 50 t; 47 46 45 44 43 42 41 40 39

;: 53 ::

-933 06 .932 95 .932 85 .932 74 .932 64

:: 12 13 14 15 :"7 :"9

-344 7.5 .345 03 -345 30 .245 57 .345 84 .346 12 -346 39 .346 66 -346 94 -347 21 *347 48 .347 75 .348 03 .348 30 .348 57 .348 84 .349 12 .349 39 .349 66 .349 93

2.722 8 2.720 4 2.717 9 2.715 5 2.713 0 t::;: 2.705 2.703 2.700 4 8 4 9

:;:; :;
.932 32 .932 22 .932 11 ,932 01 ,931 90 .931 SO ,931 69 .931 59 .931 ,931 .931 -931 .931 48 37 27 16 06

45 z 42 41 c :;g 4; .937 48 .937 38 ~937 28 ~937 18 *937 08 ~936 98 :;g ;; ~936 *936 *936 ~936 a936 67 57 47 37 26 25 2': 22 21 .935 65 *935 5.5 .93.5 44 :;:: ;; 20 19 :; 16 15 :: :: *934 62 *934 52 *934 41 .934 31 -934 20 .934 10 -934 00 :;;; ;; *933 68 .933 58 Sin. 10 f ;: 35 3": 3":

15 :; 18 19 20 :: ::

2.698 5 2.696 1 2.693 7 2.691 3 2.688 9 2.686 5 2.684 1 2.681 8 2.679 4 2.677 0 2.674 6 2.672 3 2.669 9 2.667 5 2.665 2 2.662 8 2.660 5 2.658 1 2.655 8 2.653 4 2.651 1 2.648 8 2.646 4 2.644 1 2.641 8 2639 5 2.637 1 2.634 8 2.632 5 2.630 2 2.627 9 2.625 6 2.623 3 2.621 0 2.618 7 2.616 2.614 2.611 2.609 2.607 5 2 9 6 4

:;
36 35 34 33 33; 30 29 28

.930 95 .930 84 ,930 i-c .930 63 .93O 52 930 42 .930 31 .930 20 .930 10 ,929 99 .929 ,029 .929 .929 .929 88 78 67 56 45

30 31 :: 34 35 3; 38 39

.3.50 21 .350 48 e3.50 75 .351 02 .351 30 .351 57 .351 84 .352 11 ,352 39 .352 66 .352 93 .353 20 .3.53 47 *353 75 .354 02 .354 29 .3.54 56 .354 84 .35.5 11 .355 38

;FJ
25 24 I; 20 fs9 i7 16 15 :`: :: 10 8" z 5 4 ; 1 0

3' 3 :; 38 39 10 :: :: L5 f6 :r? c9 50 51 52 i3 54 5S 56 57 58 i9

.929 35 .929 24 .929 13 .929 02 .928 92 .928 81 .928 70 .928 59 .928 49 .928 38 .928 27 .928 16 .928 05 .927 94 .927 84 ,927 73 .927 62 .927 51 .927 40 .927 29 a927 18 Sin.

50 $1 52 53 54 55 56 j7 58 59

.355 65 133:; ;; ~356 47 a3.56 74 -357 01 .357 28 .357 55 *357 82 .358 10 .3.58 37

.401 32 *401 66 .402 00 .402 34 -402 67 .403 01 .403 35 ~403 69 .404 03 Cot.

__ _.

2.605 1

*374 61

110' (290")

(249") 9'

111`

(zr1y

(248') 68"

SP : 8 - 1970
22O (202") Tan. Sin. ___- .404 03 .374 61 .404 36 ,374 88 .375 15 .404 70 .375 42 .405 04 .405 38 ,375 69 .405 72 .406 06 .406 40 .406 74 -407 07 .377 30 TABLE 7A NATURAL FUNCTIONS - Con/d (337") 157" 23" (203") (326"~ 156"

cot.
2.475 1 2.473 0 2.470 9 2.468 9 2.466 8 2.464 8 2.462 7 2.460 6 2.458 6 2-456 6

cos.

-I.927 18 60 .927 07 59 .926 97 58 .926 86 57 .926 75 56 *926 64 :;;z :; -926 3; .926 20 .926 09 55 "5:: 52 51 50 t; 47 46 45 44 43 42 41

I

'

Sin Tan. _-___ .39@73 .424 47 .39100 .424 82 .391 27 .425 16 : 3 .391 53 .425 51 4 .391 80 .42.5 85 : 7 : 10 11 :: 14 `i5 16 ;; 19 20 21 22 23 24 25 ;; .392 ,392 07 34 .392 60 .392 .393 87 14 ,393 41 .393 67 .393 94 ,394 21 .394 48 .394 74 .395 01 :g: ;; .395 81 .396 08 .396 35 .396 61 .396 88 .397 5 .397 41 .397 .397 68 95 .398 22 .398 48 30 31 32 33 34 35 36 :; 39 .398 75 ,399 02 .399 28 *399 5.5 .399 82 ::g ;g .400 62 .400 88 .401 15 .40141 :;g: 8; .402 21 .402 48 45 46 :;I 49 50 51 23' 54 .402 75 .403 01 .403 28 :f$ `s; .404 08 .404 34 .4b4 61 .404 88 ,405 r4 .405 41 .405 67 .405 94 ~406 21 .406 47 60 .406 74 CO% 113' (293") .434 81 .435 16 .435 50 .435 85 .436 20 .436 54 .436 89 .437 24 .437 58 .437 93 -438 28 .438 62 *438 97 *439 32 .439 66 440 01 .440 36 440 71 44105 44140 -441 75 :z; g 442 79 443 14 443 49 ~443 84 .444 18 .444 53 444 88 *445 23 cot. .431 36 .431 70 .432 05 .432 39 .432 74 .426 .426 54 19 .426 88 ,427 .427 22 57 .427 91 .428 26 .428 60 .428 94 .429 29 .429 63

----- i___~ 2.355 9 / .920 50 2.353 9 : ,920 39
2.352 0 2.350 1 2.348 3 .920 25 .920 16 .920 05

60 59 58 57 56

2.344 2.3464 5 2.342 6 2.340 2.338 7 8 2.336 9 2.335 1 2.333 2 2.331 3 2.329 4 2.327 6 2.325 7 2.323 8 2.322 0 2.320 1 2.315 3 2.316 4 2.314 6 2.312 7 2.310 9 2.309 0

!

.91994 .919 82 .91971 $9" :; .919 36 .919 25 .919 14 ,419 02 .918 91 .918 79 .918 68 -918 56 .918 45 ,918 33 .918 .918 .917 .917 .917 22 IO 99 87 75

j5 54 53

.I
,378 38 15 I! IS 19 .178 65 .jis 92 :;;; :; .379 73 .379 99 :;"s"o :; .380 80 .381 07 ,381 34 .381 61 .3Sh 88 .408 77 2.446 4 2,444 3 2.442 3 2440 3 2.438 3 2.436 2 2.434 2,432 2.430 2.425 2.426 2 2 2 2 2

.925 98 87 :;g: ;; .925 54 ,925 43 -925 32 .925 21 .925 IO

1 .409 11

,409 45 .409 79 .410 13 .410 47 .410 81 .411 15

(

:I$ ;; .412 17 .412 51 ,412 85 .413 19 .413 53 .41387 .414 ,414 .414 .415 .415 21 5.5 90 24 58

:g';; ;; 40 :: -924 77 .924 66 37 .92455 3 6

Iz
I
31

38 37 36

'

2.424 2 2.422 2 2.420 2 2.418 2 2.4162 2.414 2.412 2.410 2.408 2.406 2 2 2 3 3

.I

.433 08

1

.917 64 ,917 .917 41 52 .917 29 .917 18

35 34

.924 IO 32 .923 99 31 ,923 .923 ,923 :X; 88 77 66 5$ 30 29 28 27 26 25 :: 22 21 20 19 18 :z

;: 32 33 34 35 36 37 38 39 40 4': t: 45 t; 48 49 50 51 52 53 54 55 56 57 58 59

.383 22 .383 49 .383 76 ,384 03 .384 30 :g g .385 IO .385 37 .385 64 .385 91 .386 17 .386 44 .386 71 :g; `2; .387 52 .387 78 ,388 .388 ,388 ,388 .389 05 32 59 86 12

2.299 8 2.298 0 2.296 2 2.294 4 2.292 5 2.290 7 2.288 9 2.287 1 2.285 3 2.283 5 2.281 7 2.279 9 2,278 1 2.276 3 2.274 5 2.272 7 2.270 9 2.269 1 2.267 3 2.265 5 2.263 2.262 2.26Ci 2.258 2.256 7 0 2 4 6

30 .916 83 .916 71 .916 60 :8" 27 26 25 5; 21

.415 92 ,416 26 .416 60 .416 94 .417 28 .417 63 .417 47 .418 31 .418 65 .418 99 .41933 .419 68 .42002 .42036 .420 70 .421 0.5 .421 39 .421 73 :;;g g .422 76 .423 IO -423 45 .423 79 .424 13 .42i 47 Cot.

2.404 3 2.402 3 2.400 4 2.398 4 2.396 4 2.394 5 2.392 5 2.390 6 2.388 6 2.386 7

~923 32 -923 .923 21 10 .922 99 .922 87 .922 76 .922 65 .922 54 .922 43 31

I . 916 4F
:;tz ;z .916 13 .916 01 .915 90 .915 78 .915 66

i

( 2.378 9
2.373 1 2.371 2 f% : 2.365 4 2.363 5 2.361 6 2.359 7 2.357 8 2.355 9 Tall.

j 2.382 8 I 2.380 8
2.377 0
2.375 0

2.3847

-922 20 15 .922 09 14 .921 98 13

.915 31 .915 19 .915 08 :;ft ;9 .914 72 .914 61 *91+ 49 .914 37 -914 25 .914 14 -914 02 :;;; ;g *913 66 .913 55
1

15 :: 12 11 10 : 7 6 5 4 ; 1 0 -

.921 64 .921 52 .921 41 :;;; ;; .921 07 :g; ;g .920 73 .92062 *920 Sin. 50

10 : 2 5 4 ; 1 0 '

.389 39 .389 66 .389 93 .390 20 .340 46

2.254 9 2.253 1 2.251 3 2.249 6 2.247 8 2.246 0 Tan.

.390 73 60 -_

cos.
112" (292')

Sin.

I

(LL47") 01-

(246") 66" (Continued)

102

SP : 8 - 1970
24' 1204'1 Sin. a406 74 *407 OQ :g: :: 407 80 Tan. 445 a445 a445 446 446 *446 447 -447 448 448 409 39 409 66 409 92 :t:i :; :g ;; *411 25 -411 51 -411 78 *412 a412 -412 -412 -413 04 31 57 84 10 448 449 -449 449 -450 23 58 93 27 62 97 32 67 02 37 72 07 42 77 12 TABLE 7A NATURAL FUNCTIONS - Contd 25" (205O) (335") 1550 (3340) 1540

cot.

cos.

I

. %`E

2.242 5 20240.8 2.239 0 2.237 3 2.235 5 2233 8 %:% :: 2.228 6 2.226 8 2.225 1 2.223 4 22216 2.219 9 2218 2 2216 5 2.214 8 2213 0 2211 2209 2.207 2-206 2.204 2.202 2.201 2.199 2.197 2.196 3 6 9 2 5 8 1 4 7 0

x
St 56
-912 72 *91260 -912 48 *912 36 :: 55 54 53

0

Sin. *422 62 :g ff -423 41 *423 67

Tan. -466 a466 *467 *467 -467 a468 -468 .468 a469 -469 31 66 02 37 72 08 43 79 34 50 85 21 56 92 28 63 99 34 70 05 41 77 12 48 83 19 55 90 26 62 98 33 69 05 40 2.144 5 ;::t: 3 2.139 6 2.138 0 2.136 2.134 2.133 2.131 2.129 4 8 2 5 9

cos.
.906 .906 .906 -905 *905 -905 .905 a905 .905 *905 31 18 06 94 82 69 57 45 32 20

I

: :

60 59 :; 56

6"
7 -425 25 *425 52 *425 78 *426 04 ,426 31 a426 *426 -427 -427 a427 57 83 09 36 62

so :i
47 46

*469 *470 .470 -470 -471 *471 .471 *472 *472 -473 -473 .473 -474 .474 .474 *475 -475 .475 *476 -476 a476 .477 *477 .478 *478

2.128 3 2.126 7 2.125 1 2.123 5 2.121 9 2.120 3 2.118 7 2.117 1 2.115 5 2.113 9 2.112 2.110 2.109 2.107 2.106 3 7 2 6 0

*905 07 *904 95 -904 83 *904 70 a904 58 .904 .904 .904 -904 .903 -903 *903 .903 -903 .903 46 33 21 08 96 83 71 58 46 34

50 tz 47 46

*450 47 ,450 82 :j:: :; 0451 87 *452 ~452 -452 *453 *453 22 57 92 27 62

.911 j6 *911 64 *911 52 -91140 -911 28 -911 16 *91104 -910 92 -910 80 *910 68 .PlO 56 *910 44 $8 ;; *910 08 .909 -909 -909 *909 -909 96 84 72 60 48 35 :: :: 30 29 z 26 25 z 22 21 20 19 :; 16 :: 13 :: 10 : 7 6 50 il i2 53 54 i5 i6 i7 10 11

:t:;: ;; -428 41 .428 67 .428 94 *429 20 .429 46 -429 72 .429 99 .430 2s .430 51 -430 77 a431 04 *431 30 .431 56 .431 .432 ,*432 .432 *432 *433 ,433 -433 .433 0434 *434 -434 *434 a435 -435 -435 -436 *436 :436 -436 82 09 35 61 87 13 40 66 92 18 45 71 97 23 49 75 02 28 54 80

a413 37 -413 63, -413 90 -414 16 -414 43 -414 69 *414 96 -415 22 :t;: ;; -416 *416 *416 -416 -417 02 28 55 81 07 *455 -456 -456 0456 a457 -457 -457 -458 *458 -458 *459 -459 0459 a460 0460 73 08 43 78 13 48 84 19 54 89 24 60 95 30 65

2.104 4 2.102 8 2.101 3 2.099 7 2.098 1 2.096 2.095 2.093 2.091 2.090 2.088 2.087 2.085 2.084 2.082 5 0 4 8 3 7 2 6 0 5

,903 21 .903 09 ,.902 96 *902 84 ,902 71 .902 -902 .902 .902 .902 .901 .901 .901 -901 .901 .901 a901 .901 *900 *900 a900 .900 .900 .900 .900 -900 -899 .899 *899 *899 .899 -899 -899 *899 -898 59 46 33 21 08 96 83 71 58 46 33 20 08 95 82 70 57 45 32 19 07 94 81 68 56 43 30 18 05 92 30 29

2.194 3 2.192 6 2.190 9 I::::: % 2.185 2.184 2.182 2.180 2.179 9 2 5 8 2

a909 36 a909 24 *909 11 :;g `s': :;;i ;: a908 51 -908 39 -908 26 :;g 2 -907 90 -907 78 *907 66 -907 *907 a907 a907 -907 53 41 29 17 04

.478 76 0479 12 *479 48 ,479 84 .480 19

25 2':

I:
20 19 16 15 14 :; 11 10 t 7 6

-417 34 a417 60 :g ;: -418 40 :tg ;; -419 19 a419.45 ~419 72 a419 98 :i;; $; *420 77 -421 04 -421 -421 .4X *422 *422 30 56 83 09 35

2.177 5 2,175 8 2.174 2 2.172 5 2.170 8 2.169 2 2.167 5 216.5 9 2.164 2 2.162 5 2.160 9 2,159 2 2.157 6 2.156 0 2.154 3 2.152 7 2.151 0 2.149 4 2.147 8 2.146 1 2.144 5 Tan..

2.080 9 2.079 4 2.077 8 2.076 3 2.074 8 0482 34 *482 70 a483 06 :g: :f *484 14 .484 50 .484 86 *485 21 ~485 57 a485 -486 a486 *487 -487 93 29 65 01 37 2.073 2 2.071 7 2.070 1 2.068 6 2.067 1 2.065 5 2.064 0 2.062 5 2.060 9 2.059 4 2.057 9 2.056 4 2.054 9 2.053 3 2.051 8 2.050 3 Tan.

a461 01 *461 36 *461 71 .462 06 ~462 42 *462 -463 -463 -463 -464 *464 *464 -465 *465 -465 77 12 48 83 18 54 89 25 60 95

*906 92 -906 80 :;gj g -906 43 e906.31 Sin.

$8
i9 i0 -

*437 06 *437 33 a437 59 a437 85 *438 11 .438 37 CO%

*422 62

a466 31

.487 73 cot.

.898 79 Sin. (244") 64"

cos.

cot.

3"

(LY3-)

SP:8-1970
26" (206")
I

TABLE 7A NATURAL FUNCTIONS - Contd (333") 153" 27" (207") Tan. .487 73 .488 09 ~488 45 -488 81 -489 17 *489 53 -489 89 ~490 26 .490 62 .490 98 .491 *491 ~492 *492 -492 34 70 06 42 78

(332") 152'

0 :. : 2 7 ; :: 12 :: ;: :; I? :: 22 23 24 25 `)6 :: 29 30 31 :3 34 35 ;: 38 39 40 41 t: 44 :z 47 48 49 50 :: :: 55 :I: 58 59

I

Sin. .438 37 .438 .438 63 89 .439 .439 42 16 .439 .439 94 68 .440 20 440 .440 46 72 44124 440 98 44151 44177 .442 03 .442 .442 29 55 442 .443 81 07 .443 33 .443 443 85 59 .444 11 *444 37 $444 64 .444 90 445 16 .445 445 42 68 .4+5 94 .446 20 .446 46 446 446 72 98 447 24 447 50 .447 448 02 76 448 28 .448 54 .448 80 449 05 449 .449 58 32 449 84 .450 .450 .450 .4SO -451 10 36 62 88 14

cot.
2.050 3 2.048 8 2.047 3 2.045 8 2.044 3 2.042 8 2.041 3 2.039 8 2.038 3 2.036 8 2.035 2.033 2.032 2.030 2.029 3 8 3 8 3

cm.
.898 79 .898 67 :g; i; .898 28 .898 .a97 .897 -897 I6 03 90 77 64

I

' 60 59 :; 56 Zf 53 52 51 50 t; 47 46 45 44 43 42 41 40 39 38 37 36 35 ::: 32 31

I

0 :. : 2 3 9 :! t: 14 15 :; :: :: ;3 24 :6" ;;: 29 30 :: ;: 35 ;; 3': 40 :3 43 44 45 46 :; 49 :: :: 54 :: :: 59

I

Sin.
.453 99 .454 .454 25 51 .454 .455 77 03 .45.5 .455 29 54 .455 .456 80 06 .456 32 -456 .4S6 58 84 .457 ~457 36 10 ~457 62 .457 87 .458 .458 13 39 .458 .458 65 91 .459 .459 42 17 .459 .459 68 94 .460 20 .460 .460 46 72 -460 *461 97 23 .461 49 .461 75 .462 01 :g :; .462 78 .463 04 .463 *463 30 55 *463 .464 07 81 *464 33 .464 ~464 58 84 .465 10 .465 36 -465 61 -465 87 *466 .466 39 13 .466 64 *466 .467 90 16 .467 .467 42 67 -467 93 .468 .468 44 19 .468 ~468 96 70 469 21 .469 47 I cm.
,,.,._A\

Tan. *so9 53 *SO9 89 aSI0 26 0510 63 -510 99 .Sll 36 -511 73 -512 09 a.51246 .512 83 *513 19 *513 56 -513 93 .514 30 .Sl4 67 .515 03 .s15 40 *SlS 77 -516 14 .S16 51 .516 88 *517 24 .517 61 -517 98 .518 35 -518 72 ..519 09 .519 46 .519 83 .520 20 .520 57 .520 94 .521 31 521 68 ~522 05 .522 42 -522 79 -523 16 a523 53 .S23 90 -524 27 a524 64 *S25 01 *525 38 -525 7s .S26 13 .526 SO .526 87 -527 24 .527 61 e.527 98 -528 36 e.528 73 ..529 10 eS.29 47 *529 85 .530 22 -530 59 .530 96 .s31 34 .531 71

cot.
I.962 6 I.961 2 I.959 8 ::z:;: I.955 6 1.954 2 I.952 8 1.951 4 1.950 0 I.948 6 1,947 2 1.945 8 I.944 4 I.943 0 I.941 6 I.940 2 I.938 8 I.937 5 I.936 1 I.934 7 1.933 3 I.931 9 I.930 6 I.929 2 I.927 8 I.926 5 I.925 1 1.923 7 I.922 3 1.921 l-919 1.918 I.916 I.915 0 6 3 9 5

' ..891 01 60 .890 87 59 .890 74 .890 61 :; -890 48 56' a890 3s 55 *890 21 54 .890 08 .889 9s :z .889 81 Sl *889 68 .889 55 : -889 42 48 -889 28 47 *889 15 46 .889 02 a888 88 -888 75 .888 62 a888 48 45 :: tT

cos.

,897 52 1;;: :; -897 13 .897 00 .896 -896 -896 .896 .896 ~896 .896 .895 .895 .895 87 74 62 49 36 23 10 97 84 71

.493 15 .493 51 .493 87 a494 23 .494 59 .494 9s .495 32 -495 68 *496 04 .496 40 .496 77 -497 13 *497 49 .497 86 -498 22 .498 58 .498 94 -499 31 .499 67 *so0 04 *so0 40 ~500 76 .501 13 *SOI 49 501 85 -502 22 -502 58 *SO2 95 *so3 31 -503 68 *so4 04 .504 41 .504 77 -505 14 *SOS so -505 *SO6 -506 .SO6 *so7 87 23 60 96 33

2.027 8 2.026 3 2.024 8 2.023 3 2.021 9 2.020 4 2.018 9 2.017 4 2,016 0 2.014 5 2.013 0 2.011 5 2.010 1 2.008 6 2.007 2 2.005 7 2.004 2 2.002 8 2.001 3 I.999 9 I.998 4 I.997 0 1.995 5 1.994 1 I.992 6 I.991 2 I.989 7 I.988 3 1.986 8 I.985 4 I.984 0 I.982 5 I.981 1 I.979 7 I.978 2 1.9i6 8 I.975 4 1.974 0 1.972 5 1.971 1 I.969 7 I.968 3 1.966 9 1.965 4 1.964 0 I.962 6 T&ll.

-888 35 40 .888 22 .888 08 :z .887 95 37 .887 82 36 .887 .887 .887 -887 *887 68 5s 41 28 15 35 :: 32 31 30 ;: t: 25 :: 41 20 :; :: 15 :t: :T

.895 58 .89S 45 .895 32 .895 19 .895 06 .894

93 30

.887 01 .886 74 ~886 88 .886 47 61 .886 34 .886 07 20 -885 80 93 *88S 66 .88S 53 39 .88S 12 .885 26 .884 99 -884 72 85 -884 0884 45 58 -884 31 .884 04 a884 17 -883 a883 77 90 -883 49 63 *883 36 :g: ;; .882 9S Sin.

8o ;: .894 67 *894 54 27 .894 41 26 $894 .894 -894 .893 .893 .893 *893 .893 -893 -893 28 15 02 89 76 63 so 37 24 11 25 24 23 22 21 20 19 18 17 16

I.914 2 1.912 8 I.911 5 I.910 1 1.908 8 I.907 4 1.906 1 I.904 7 1.903 4 1,902 0 1.900 7 I.899 3 I.898 0 I.896 7 I.895 3 I.894 0 I.892 7 I.891 3 1.890 0 I.888 7 I.887 3 I.886 0 I.884 7 I.883 4 I.882 0 I.880 7 Tan.

-892 98 I5 -892 85 14 .892 72 13 -892 59 12 .8924S 1 1 .892 32 10 -892 19 9 .892 06 8 .891 93 ;I .891 80 *891 .891 a891 .891 .891 67 53 40 27 14 : ; 1

.451 40 .451 ~451 66 92 .452 .452 43 18 .452 69 .4S2 .453 95 21 .453 47 .453 73

10
t a : ; 1 0 `

*SO7 69 .508 06 -508 43 .508 79 *SO9 16 *so9 53

60 .453 99 - - ~
I COS.

-891 01 0 _ _ _ _ Sin. '

cot.

60 ,
.""

cot.

104

(ContinuPd)

SP : 8 - 1970
28" (208") TABLE 7A NATURAL FUNCTIONS - Cofild (331") 15P 29" (209") (330") 150�

-- 0

Sin. .469 47 .469 73 469 99 .470 24 .470 50 .470 76 .471 01 .471 27 .471 53 .471 78 .472 04 a472 29 -472 55 .472 81 *473 06

cot. Tan. --- -.531 71 .532 08

cos.
.882 95 .882 81 .882 67 .882 54 .882 40 :g ;g -881 99 ,881 85 .881 72 .881 .881 .881 .881 .881 58 44 30 17 03

, 60 59 58 57 56 55 54 :; 51

I

3 i

:_::; ;;
.533 20 $533 58 .533 95 .534 32 -534 70 ,535 07 .53.5 45 .535 82 .536 20 .536 57 -536 94 3537 32 .537 69 .538 07 ..538 44 .538 82 .539 20 .539 57 -539 9.5 .540 32 .540 70 .541 07 *541 45 -541 83 *542 20 ,542 58 .542 96 *543 33 -543 71 .544 09 .S44 46 -544 84 .545 22 -545 60 .545 97 546 35 ..546 73 547 11 .547 48 *547 86 .548 24 .548 62 .549 00 .549 38 .549 75 550 13 *550 51 *550 89 $551 27 ..551 65 .552 03 .552 41 :::; :; .553 55 -593 93 .554 31

1.880 7 1.879 4 1.878 1 1.876 8 1.875 5 1.874 1 1.872 8 1.871 5 1.870 2 1.868 9 1.867 6 1.866 3 1.865 0 1.863 7 1.862 4 1.861 1 1.859 8 1.858 5 l-857 2 1.855 9 1.854 6 1.853 3 1.852 0 1.850 7 1.849 5 1.848 2 1.846 9 1.845 6 1.844 3 1.843 0 1.841 8 1.840 5 1.839 2 1.837 9 1.836 7 1.835 4 1.834 1 1.832 9 1.831 6 1,830 3 1.829 1 1.827 8 1.826 r+ 1.825 3 1.824 0 1.822 8 1,821 5 1.820 2 1.819 0 1,817 7 1.816 5 1.815 2 1.814 0 1.812 7 1.811 5 1,810 3 1.809 0 1.807 8 1.806 5 1.805 3 1.804 0 Tan.

Sin. ___.484 81 .485 06 .485 32 .485 57 .485 83 .486 08 .486 34 .486 59 .486 84 .487 10

Tan. .554 31 .554 69. .555 07 .555 45 .55583

cot.
1.804 0 1.802 8 1.801 6 1.800 3 1.799 1 1.797 9 1.796 6 1,795 4 1.7942 1.793 0 1,791 7 1.790 5 1.789 3 1.788 1 1.786 8 1.785 6 1,784 4 1.783 2 1.782 0 1.780 8 1.779 6 1.778 3 1.777 1 1.775 9 1.774 7 1,773 5 1.772 3 1.771 1 1.769 9 1.768 7

i

CO% -~ .874 62 .87448 .874 34 .874 20 .874 06

' 60 5 9 58 57 56

.556 21 .556 59 .556 97 I -5.57 36 1 ..55774 / .558 12 ~55850 .55888 :::;:4 .560 03 .560 41 .56079 .561 17 ..561 56 .561 94 .562 32 .562 70 .563 09 .56347 .563 85 ::g;; .565 01 .565 39 ..565 77 .56616 .566 54 -566 93 ..567 31 .567 69 1 / /

.873 91 55 .873 77 54 .873 63 53 .873 49 52 .873 35 51 .873 21 .853 06 .872 92 .872 78 .87264 50 49 48 47 4 6

f;

10 11 E 14 15 16 :: 19 20 21 ;: 24

46

.487 35 .487 61 .487 86 .488 11 .488 37 .488 62 ,488 88 .489 13 489 38 .489 64 .489 89 ,490 14 .490 40 .490 65 .490 90 .491 16 .491 41 .491 66 .491 92 .492 17

15 :; 18 19 20 $3 23 24

-473 32 .473 58 ,473 83 .474 09 .474 34 .474 60 .474 86 .475 11 -475 37 .475 62 ~475 88 -476 14 .476 39 -476 65 .476 90 ~477 16 .477 41 -477 67 -477 93 .478 18 .478 44 *478 69 .478 95 .479 20 .479 46 .479 71 .479 97 ,480 22 .480 48 .480 73 .480 99 ,481 24 .481 50 .481 75 .482 01 .482 26 .482 52 *482 77 .483 03 .483 28 .483 54 .483 79 *484 05 .484 30 .484 56

.880 89 .880 75 .880 62 -880 48 .880 34 .680 20 :g; fj; .879 79 .879 65 .879 51 .879 37 -879 23 .879 09 ,878 96 .878 82 *878 68 .878 54 .878 40 .878 26 a878 12 .877 98 *877 84 :g: ;; *877 43 .877 29 *877 15 .877 01 .876 87 .876 73 .876 59 .876 45 .876 31 .876 17 .876 03 .875 89 .a75 75 .875 61 .875 46 .875 32 .875 18 .875 04 .874 90 .874 76 .874 62 Sin.
(L+l-J Vl-

1

.872 50 45 .872 35 44 .872 21 43 ,872 07 42 .871 93 41 .871 78 .871 64 w; ;z .871 21 40 39 38 37 36

j,

37 36 35 34 33 :s 30

, (

.871 07 35 .870 93 34 .870 79 33 ,870 64 32 .87050 3 1 .87036 3 0 .870 21 29 .87047 2 8 .869 93 ,869 78 z .86949 2 4 .869 35 23 .869 21 22 .869 06 21

2'27 8"
aa 21

30 31 :: 34 35 z: 38 39 40 41 42 43 44

26

.492 42 ,492 68 .492 93 .493 18 .493 44 .493 69 .493 94 .494 19 .494 45 .494 70 494 95 .49S 21

' 1.767 j ; 1.7663 /

25 24

1 I I 1.761 5 ! .869 6 4 2 5

1.765 1 1.7639 1.762 7

1 ,569 62 / 1.7556 I .868 92 20 ' .570 00 i 1.7544 .868 78 19
.868 63 18 ,868 49 17 .868 34 16

a496 97 .497 23 50 :1 :: .49748 .497 73 -497 98 -498 24 -498 49 .498 74 .498 99 .499 24 .499 50 $499 75 60 , 1

.572 71 573 09

j !

1.746 1 1.744 9 1.743 7 1.742 6 1.741 4 1.740 2 1.739 1 /

.868 20 15 ,868 05 14 .867 91 .867 77 ;; .867 62 11 .867 48 10 .867 33 9 .867 19 P .867 04 .86690 6 .866 75 .86661 ,866 46 .866 32 .86617 .86603 45 i: 1 0

.575 .575 .576 -576 .576

41 80 19 57 96

1.737 9 1.736 7 1,735 5 1.734 4 1.733 2 ~-

60 , IS' (2YS') .

cot.

-500 00 i .577 35 I,.,.^,.\

cos.

cot.

Tan. 1.732 1

1

Sin. (240�) 60� (Cmfintred)

SP:8-1970
TABLE 7A NATURAL FUNCTIONS - Contd (329") 149" 31" (211')

CW')
Tan. .600 .601 .601 -602 -602 -602 .603 ~603 -604 *604 *604 .605 -605 *606 -606 86 26 65 05 45 84 24 64 03 43 83 22 62 02 42

, 0 :. : : ii 9 10 :1 :: :t 17 :"9 20

Sin. *so0 00 .500 25 *so0 50 *SO0 76 .SOl 01 *SO1 26 .SOl 51 .501 76 .502 01 .502 27 *SO2 52 *so2 77 .so3 02 -503 27 *SO3 52 .503 -504 *SO4 :504 -504 77 03 28 53 78

Tan. *57i 35 .s77 74 1;;; :: -578 90 -579 29 -579 68 -580 07 .S80 46 .580 85 -581 24 .581 62 .S82 01 a582 40 a582 79 *583 18 1:;: ;; -584 35 ~584 74 *585 -585 -585 a586 -586 13 52 91 31 70

cot.
1.732 1 1.730 9 1 a729 7 1.728 6 1,727 4 1.726 2 1.725 1 1.723 9 1.722 8 1.721 6 1.720 5 1.719 3 1.718 2 1.717 0 1.715 9 1.714 7 1.713 6 z::: 1:710 2 1.709 0 1.707 9 1.706 7 1.705 6 1.704 5 1.703 3 1.702 2 1.701 1 1.699 9 1.698 8 l-697 7 1.696 S 1.695 4 1.694 3 1.693 2 1.692 0 1.690 9 1.689 8 1.688 7 1.687 5 1.686 4 1.685 3 1.684 2 1 a683 1 1.682 0 1.680 8 :::;;: : 1.677 S l-676 4 1.675 3 1.674 2 1.673 1 1.672 0 1.670 9 1.669 8 1,668 7 :`:f: : 1166s 4 1.664 3 Tan.

cos.
.866 a865 ,865 *865 -865 03 88 73 59 44

' 60 59 58 57 56

I

Sin. .515 .SlS .SlS .515 *616 ~516 ,516 a516 *517 *517 -517 *517 *518 .518 .518 04 29 54 79 04 28 53 78 03 28 53 78 03 28 52 77 02 27 52 77

cot.
1.664 3 1.663 2 1.662 1 1.661 0 1.659 9 1.658 8 ::z zo 1.655 5 1.654 5 1.653 4 1.652 3 l-653 2 1.656 1 1.649 0 1.647 9 1.646 9 1645 8 ::66: Z

cos.
.857 -857 *856 a856 -856 -856 *856 -856 *855 -855 17 02 87 72 57 42 27 12 97 82

-

0 : :

0
S7 56

:x
!50

*865 30 55 :g: ;: e86486 -864 71 .86457 *86442 .864 27 *864 13 *863 98 :: :f 5 0 4 9 48 47 46 :6" 17 :"9 20 -862 81 $3 ;f z 36 f :. 23 24 25 f

55 54 :; 51

1::: 2:
*854 -854 .854 -854 0854

*8SS 36 -855 21 -855 06 91 76 61 46 31

:: 47 46

*863 84 45 -863 69 44 0863 54 43 .863 25 4o -863 t:

.518 .519 -519 ~519 *519

~606 81 a607 21 a607 61 :g 9: .608 81 *609 21 .609 60 -610 00 -610 40 *610 -611 -611 a612 .612 a612 -613 -613 *614 0614 80 20 60 00 40 80 20 60 00 40

ii

*5n5 03

13

24 25 26 ;; 29 31 :: 34 .506 28 *SO6 54 *SO6 79 -507 04 -507 29 -507 *so7 *SO8 -508 -508 .508 -509 *SO9 -509 *so9 40 41 54 79 04 29 54 79 04 29 54 79

.s20 02 -520 26 *520 51 .520 76 -521 01 *521 -521 .521 -522 a522 26 51 75 00 25

.854 16 -854 01 .853 85 1;:: :; 1.637 2 1.636 1 1.635 1 1.634 0 1.632 9 1.631 9 1.630 8 1.629 7 1.628 7 1.627 6 1.626 1.625 1.624 1.623 1.622 5 5 4 4 3 -853 ~853 *853 -852 .852 40 25 10 94 79

40 39 :; 36

-587 09 -587 48 -587 87 .588 26 *S88 65 *589 OS -589 44 a589 83 -590 22 *590 61 as91 .591 es91 0592 *592 -592 0593 *593 *594 -594 01 40 79 18 58 97 36 76 15 54

-862 37 35 :g; ;; *861 92 -861 78 :: ::

!

z
32 31 29 ;i

4: 30 31 :: 34 35 36 :; 39

*861 33 28 0861 19 27 a861 04 26 *86o 89 ;: :g `;: z; -860 4s a860 30 21

-522 SO a522 75 a522 99 .523 24 .523 49 -523 74 1:;: ;; *524 48 *524 73 *524 98 .S25 22

.852 64 *852 49 .852 34 :;:: g .851 es51 *851 *851 -851 88 73 57 42 27

a614 80 -615 20 ~615 61 :;:; 9; *616 81 1;;; ;: *618 01 a618 42 -618 82 :;:"9 ;; ~620 03 -620 43 a620 83 -621 24 -621 64 :% 4"; :g: ;: a623 66 *624 06 -624 46

.SlO 04 .510 29 .510 54 -510 79 es1104 -511 29 -511 54 ::;; 2 -512 29 ::;; ;$ -513 04 a513 29 es13 54 513 79 -514 04 -514 29 *514 54 *s14 79

-85956 16 -85941 1 5

::;: ;; -52s 97 0526 21 *526 46 *S26 71 -526 96 -527 20 50 :: :: 55 :f 58 59 60 , ~529 92 *527 45 ::;: z a.528 19 .S28 44

1.621 2 1.620 2 1.619 1 1.618 1 1.617 0 1.616 0 ::::: 8 1.612 8 1.611 8 1.610 1.609 1.608 1.607 1.606 7 7 7 6 6

2019 .850 66 a850 51 -850 .850 -850 0849 -849 35 20 05 89 74 :: 16 :5 13 :f 10 9 8 z s 3 : 0

45 46 :; 49 :: :; 54

-594 94 1:;: :: *596 12 -596 51 -596 91 1:;: 3; -598 09 -598 49 a598 88 -599 28 *S99 67 -600 07 a600 46 0600 86

a858 66 -858 51 1;:; ;; .858 06

10
t ;:

-849 59 *849 43 1;:; :f -848 97 *848 82 ~848 66 .848 51 -848 36 .848 20 -848 05 Sin. (238

1,605 5 1.604 5 1.603 4 1.602 4 1.601 4 1.600 3 Tan.

bo ,

-515 04

-624 87

cot.

cos.
1010)

cot.

,

58

106

(Continud)

SP:S-1970
32" (212")
I

TABLE 7A NATURAL FUNCTIONS - Colrtd (327") 147' 33" (213") Tan. -624 87 -625 27 .625 68 .626 08 .626 49 .626 89 .627 30 .627 70 .628 11 .628 52 :g; ;; .629 73 ,630 14 .630 55 .630 95 .631 36 .631 77 .632 17 -632 58 .632 99 .633 40 .633 80 .634 21 .634 62 .635 03 .635 44 .635 84 .636 25 .636 66 *637 07 .637 48 .637 89 ,638 30 .638 71 ~639 12 .635 53 .639 94 .640 35 .6-M 76 .641 17 .641 58 .641 99 :z;; ;y .643 22 .643 63 :ZZ .644 87 .645 28 .645 69 .646 10 .646 52 .646 93 .647 .647 .648 .648 ,648 34 75 17 58 99

(3269 146"

S i n .
-

cot. ::% i

CO%

Sin.

Tan. .649 41 .649 82 .650 24 .65065 .651 06 .651 48 .651 89 .652 31

cot.

*529 92 .530 17 .530 41 :::"o "9; .531 es31 .531 .531 *532 15 40 64 89 14 1.598 3 1.597 2 1.596 2 .848 05 ~847 89 .847 74 .847 59 .847 43 .847 28 ~847 12 *846 97 .846 81 .846 66 .846 50 .846 35 .846 19 ,846 04 .845 88 .845 73 .845 57 .845 42 .845 26 .845 11 ,844 95 .844 80 .844 64 .844 48 .844 33 *844 17 .844 02 -843 86 .843 70 .843 55 ~843 ,843 .843 ,842 .842 39 24 08 92 77 25 z: 22 21 20 19 35 :; 38 39 45 44 43 42 41 40 39 :; 36 35 25 15 16 17 :f: 55 :: 52 51
0 1

cos. ' ---

I

0
3 4
:

*544 64 ::t: f! .545 37 *545 61 .545 86 .546 10 .546 3.5 a.546 59 ~546 83 .547 08
347 32

1.537 9 1.536 9 1.535 9 1.535 0 1.534 0 1.532 0 1.531 1 1.530 1 1.529 1 :::4;; 1.526 2 1.525 3 I.524 3 1.523 3 1.522 4 1.521 4 1.526 4 1.519 5 1.518 5 1.517 5 1.516 6 1.515 6 1.514 7 1.513 7 1.512 7 1.511 8 1.516 8 1.509 9 1.508 9 1.508 0 1.507 0 1.506 1 1.505 1 1.504 2 1.503 2 1,502 3 1.501 3 1.500 4 1.499 4 1.498 5 1.497 5 1.496 6 1.495 7 1.494 7 1.493 8 1.492 8 1.491 9 ::a;:,: 1.489 1 1.488 2 1.487 2 1.486 3 :::Ff: 4 1.483 5 1.482 6 Tan.

.838 67
.837 .837 .837 .837 .837

.838 51 *838 35 .838 19 .838 04 88 72 56 40 24

58 zz 55 54 53 52 51 50 49 4 8 47 46

z

1.595 2 1.594 1 1.593 1 1.592 1 1.591 1 1.590 0 1.589 0 1.588 0 1.586 9 1.585 9 1.584 9 1.583 9 1.582 9 1.581 8 1.580 8 1.579 8 1.578 8 1.577 8 1.576 8 1.575 7 1.574 7 1.573 7 1.572 7 1.571 7 1.570 7 1.569 7 1.568 7 1.567 7 ::;6"; ; 1.564 7 1.563 7 1.562 7 1.561 7 1.560 7 1.559 7 1.558 7 1.5.57 7 1.556 7 1.555 7 1.554 7 1.553 ; 1.552 7 1.551 7 1.550 7 1.549 7 1.548 7 1.547 7 1.546 8 1.545 8 1.544 8 1.543 8 1.542 8 z:, 1: .. 1,539 9 Tan.

~ 15330

:: :; 14

-532 38 .532 63 .532 88 .533 12 -533 37 -533 61 .533 86 .534 11 .534 35 ~534 60 .534 84 .535 09 .535 34 .535 58 $535 83 *536 07 :$`;; .536 81 .537 05

I ~ .653 55

:;:; ;;

.547 56 .547 81 .548 05 ~548 29 .548 54 .548 78 ,549 02 .549 27 .549 51 ,549 7s .549 99 .550 24 .550 48 .550 72 .550 97 5si 2i .55145 .551 69 .551 94 .552 18 .552 42 .552 66 .5.52 91 .553 15 .553 39 .553 63 .553 88 .554 12 .554 36 .554 60 .554 84 ..555 09 .555 33 .555 57 .555 81 .556 05 .556 30 .556 54 50 :: :: :g; ;; ,557 26 ,557 50 .557 75

.653 97 .65438 .65480 -655 21 .655 63 a656 04 .656 46 .656 88 .657 29 .657 71 .658 13 .658 54 ,658 96 .659 38 .659 80 .660 21 .660 63 .661 05 *661 47 *661 89 .662 30 662 72 .663 14 .663 56 .663 98 .664 40 .664 82 .66S 24 `665 66 .666 08 .666 50 .666 92 .667 34 $667 76 .668 .668 -669 .669 ,669 18 60 02 44 86

.837 08 .836 92 -83676 .836 60 -836 45

*835 .835 .835

97 43 81 42 65 41

.83549 40 .83.5 33 39 .835 17 38 .835 01 37 .834 85 36 .834 69 35 .834 53 34 .834 37 33 .834 21 32 .83405 3 1 .833 ,833 .833 .833 .833 89 30 73 29 56 28 40 27 24 26 25 24 23 22 2 1

30 31 :: 34

.537 30 537 54 -537 79 .538 04 .538 28 .538 53 .538 77 .539 02 .539 26 .539 51

.842 61 .842 45 .842 30 .842 14 .841 98 .841 82 .841 67 .841 51 .841 35 .841 20 .841 04 *840 88 .840 72 .840 57 .840 41 .840 25 ,840 09 .839 94 .839 78 .839 62 ,839 46 .839 30 .839 15 :g "s; .838 67 Sin.

.833 08 ,832 92 .832 76 .832 60 .83244 :g: ;; .831 79 .831 63

40 ii 44 t: 4';: 49

,539 75 .540 00 ::;g $j $540 73 a540 97 .541 22 .541 46 *541 71 .541 95

.832 28 20 :It 17 16

:16 7"
:: :;
11 10 8' 6' 5 4 ; 1 0 60 -

~831 47 15 -831 31 14 .831 15 13 .830 98 12 .83082 1 1 .830 66 10 .83050 .830 34. t ,830 17 .830 01 z .829 85 .82969 .829 53 .829 36 .829 20 .829 Sin. 04 5 4 ; 1 0

.542 69 .542 93 .543 17 55 5: :: 60 ,

:g "7; :671 13 .671 55 .671 97 .672 39 .672 82 :g g .674 09 -674 51

b: -543 91
:::::

1::;: 2';

.544 15 .544 40 .544 64

.558 47 .558 71 .558 95 .559 19

.649 41

cos. 122" (302')

cot.

cos.
57" 123 `;;
(5u5-j

cot.

(237")

I

'

107

(Co-dinucd)

SP:8-1970
TABLE 7A NATURAL FUNCTIONS - Con/d (325") 145' 35" (215") I cot. cos. ' Sill. Tan.
I

34" (214")
I

(324") 14-P

Sin.

Tan.

- - -__.. 0

..559 19 .559 .ss9 43 68 .SS9 92 .S60 16 .560 40 .S60 .S60 88 64 .S61 .S61 12 36 .S61 60 .S62 . 561 84 08 .S62 *S62 32 56 .562 80 .S63 OS ..563 29 563 .S63 77 53

: 3 4 5 4 t 10 ::. :: 15 :; :t

.674 51 .674 93 .67S 36 .67S 78 .676 20 676 63 *677 OS -677 48 .677 90 .678 32 .678 75 .679 17 .679 60 .680 02 .680 45 .680 88 *681 30 -681 73 .682 1 S -682 58 .683 .683 .683 *684 .684 01 43 86 29 71

I.482 6 1.481 6 I.480 7 ::tz t ~ 1.4779 I.477 0 1.476 1 I.475 1 I.474 2 1.473 3 I.472 4 1.471 s 1.470 5 1469 6 I.468 1.467 1,466 1.465 1465 7 8 9 9 0

:E : ii
.828 71 .828 55 .828 39 .828 22 .828 06 .827 90 .827 73 -827 57 *d27 41 a827 24 -827 08 ~826 92 -826 75 :: 57 56 55 54 53 52 51 50 49 48 47 46

0 : :

I

cot.
I.428 1 I.427 3 I.426 4 I.425 5 1.424 6 I.423 7 I.422 9 I.422 0 I.421 1 1.420 2 I.419 I.418 I.417 I.416 I.415 I.415 1.414 I.413 I.412 1.411 3 5 6 7 8 0 1 2 4 5

cos.

I -,

.s73 58 -574 .s73 OS 81 a.574 a574 29 53 .s74 77 .575 01 -575 .S7S 48 24 -575 72 .S7S ,576 ,576 576 576 96 19 43 67 91

.7OO 21 $700 64 -701 07 .701 51 .701 94 .702 38 .702 81 .703 2s .703 68 .704 12 .704 5s .704 99 .7OS 42 -705 86 .706 29 -706 73 *707 17 -707 60 :;;: C .708 91 *709 35 .709 79 .710 23 .710 66 .711 IO .711 54 .711 98 .712 42 *712 85 .713 .713 -714 .714 -715 29 73 17 61 OS

.819 IS 60 .81899 5 9 ~818 82 .818 65 Z! -81848 56 .818 32 .818 IS .81798 .817 82 .817 65 55 54 5 3 52 51

s
6 ; 9

12 13 14 :z :; 19 2: :: 24 :6" f; 29 30 i; 34 :6" :`8 39 t c2 : 15 E 49 R

-817 48 SO .817 31 z -817 14 -816 98 47 .81681 4 6 .81664 4 5 .81647 4 4 .816 31 43 +816 14 42 .8lS 97 41 .81580 40 0815 63 39 .81546 3 8 .8lS 30 37 .8lS 13 36 .81496 .814 79 a81462 -81445 .81428 ~814 12 .813 95 .813 78 .813 44 ,813 61 3 5 34 3 3 3 2 3 1 30 29 28 $2

.826 59 45 .826 43 44 .826 26 43 .826 10 42 -825 93 41 ~825 .825 77 61 40 39 :; 36

.s77 IS :g; 2; ..573 86 .S78 10 ,578 . 5?8 33 57 .S78 .s79 04 81 579 28 .S79 .579 76 52 s.579 .S80 99 23 ..580 47 ..580 70 .580 .S81 .S81 41 94 18 .S81 65 1;;: ;; .S82 . 582 36 60 .S82 83 .S83 07 583 30 :g :; -584 01 .S84 2s .S84 .S84 .S84 49 72 96 .58S 19 .585 ~585 43 67 ::;; ;s -586 37 .S86 61 *586 84 ::g y; .S87 5s

2: ;: 24 :: :: 29 30 :: ::

*S64 564 01 2S 564 . 564 49 73 .S64 97 -565 .S65 45 21 -565 .56S 93 69 .S66 17 .S66 41 566 .S66 65 89 -567 .S67 36 13

1464 1 1.463 2 1462 3 14614 1,460 s 1.459 6 I:458 6 I.457 7 1,456 8 1.455 9 I.455 I.454 1.453 I.452 I.451 0 1 2 3 4

::f: % .82S 11

I.410 6 l-409 7 I.408 9 I.408 0 1.407 1 1.406 3 1.405 4 I.404 5 1403 7 1402 8 !4019 I.401 1 1.4002 1.399 4 1.398 5 I.397 6 1,396 8 I .39s 9 I.395 1 I.394 2 :::z: I.391 6 1.390 8 I.389 9 1.389 1 I.388 2 I.387 4 1.386 5 1.385 7 I.384 8 I.384 0 I.383 1 I.382 3 1.381 4 1,380 6 1.379 8 I.378 9 1.378 1 1.377 2 1.376 4 Tan.

.68S 14 .685 57 .686 00 .686 42 .686 85 .687 .687 -688 fgj -689 *689 .690 -690 -691 28 71 14 z 42 85 28 71 14

-824 95 35 .824 78 34 -824 62 33 .82446 3 2 *824 29 31 ~824 -823 *823 -823 .823 13 96 80 63 47 30 29 28 27 26

;: :;: 39 t :: M 45 : :: !Y ;: 54 ;: 57 S8 59 60 -

.567 .S67 60 84 -568 ,568 08 32 568 56 -568 .S69 -80 04 .S69 $569 52 28 .S69 76 570 00 *S70 570 47 24 -570 71 fi70 9s .s71 19 .s7143 .S71 as71 67 91 -572 15 .S72 .S72 62 38 .S72 86 .s73 10 .573 34 .S73 58

I.450 s 1449 6 1448 7 I.447 8 1446 9 z: 7 114442 1443 3 1442 4 14415 ::ZG l-438 8 I.437 9 1.437 0 1,436 1 I.435 2 1,434 4 1.433 5 I.432 6 I.431 7 1,430 8 I.429 9 1.429 0 I.428 1 Tan

.823 30 25 .823 14 24 .82297 2 3 .822 81 22 .822 64 21 -82248 2 0 .822 31 :: -822 14 -821 98 17 .821 81 16 *821 .821 *821 *821 *820 65 15 48 14 32 13 IS 12 98 11 10 t : 5 : 2 1 0 -

-715 49 .71 S 93 ::;; ;; .717 2s .717 69 *718 13 .718 57 -719 01 ~719 46 .719 90 -720 34 .720 78 :;g ;: .722 11 .722 55 .722 99 -723 44 .723 58 .724 -724 .72S -725 ~726 32 77 21 65 10

~813 27 25 -813 10 24 .81293 2 3 .812 76 22 .812.59 2 1 .81242 2 0 .812 25 :z .812 08 ~81191 1 7 .811 74 16 .811 57 15 .811 40 14 .811 23 13 .81106 1 2 .81089 1 1 .81072 ~8lOSS .810 38 .810 21 .81004 .809 87 -809 70 .809 53 .809 36 .809 19 *809 Sin. 02 1 0 9 ; 6 : z 1 0 '

.691 57 .692 00 +692 43 .692 86 *693 29 -693 72 :g ;g .695 02 e69.S 45 *69S 88 -696 31 .696 75 .697 18 .697 61 .698 04 .698 47 3698 91 .699 34 *699 77 .700 21

-820 82 65 ~820 48 0820 -820 32 -820 15 .81999 :"8:;"6; *81949 -81932 *81915 Sin.

:: 54 :f :; 59

,

I

tbs.

cot.

-L
' ,"nroI EN

60 .587 79 --__
I

I

I

.726 54

cos.

cot.

108

(Cohwed)

SP:S - 1970
36" (216") TABLE 7A NATURAL FUNCTIONS - (`(m/c/ (323 `7 Tan. .726 54 .726 99 .727 43 .727 88 .728 32 .728 77 .729 21 .729 66 .730 10 .730 55 .731 00 .73144 ,731 89 .732 34 .732 78 ?33 23 ,733 68 .734 13 .734 57 .73s 02 ,735 47 .735 92 .736 .37 ,736 81 ,737 26 .737 71 .738 16 ,738 61 .739 06 .739 51 ,739 96 ,740 41 `.740 86 .741 31 .741 76 ,742 21 .742 67 ,743 12 .74R 57 .x4 02 ,744 47 ,744 92 ,745 38 .745 83 ,746 28 -746 74 .747 19 .747 64 .748 10 .748 55 .749 00 .749 46 .749 91 .750 37 .750 82 .751 28 .7Sl 73 ,752 19 .752 64 .753 10 .753 55 (322") 142'
I

, 0

4

l3

Sin. _ _ _ _.. .587 79 .588 02 .588 26 .588 49 .588 73 .588 96 .589 20 ,589 43 .589 67 -589 90 .590 14 .590 37 .590 61 ,590 84 .591 08

cot. ____ _ 1.376 4 1.375 5 1.374 7 1.373 9 1.373 0 1.372 2 1.371 3 1.370 5 1.369 7 1.368 8 1.368 0 1.367 2 1.366 3 1.365 5 1.364 7 1.363 8 1,363 0 1.362 2 1.361 3 1.360 5 1.359 7 1.358 8 1.358 0 1.357 2 1.356 4 1,355 5 1.354 7 ;:g `1' 1.352 2 1.351 4 1.350 6 1.349 8 1.349 0 1.348 1 1.347 3 1.346 5 1.343 7 1.344 9 1.344 0 1.343 2 1.342 4 1.341 6 1.340 8 1.340 0 I.339 2 1.338 4 1.337 5 1.336 7 1.335 9 1.335 1 1.334 3 1.333 5 1.332 7 1.331 9 1.331 1 :::;!j : 1.328 7 1.327 8 1.327 0 Tan.

cm. .809 02 .808 85 -808 67 .808 50 .80X 33 .808 16 .807 99 .807 82 +07 6S %07 48 .x07 30 .807 13 .806 96 .806 79 .806 62 .806 44 ,806 27 .806 10 %JS 93 .805 76 .ROS 58 m5 41 .805 24 .SOS 07 .804 89 .80-t 72 .804 55 .804 38 m4 20 ,804 03 .803 86 ,803 68 .803 51 ,803 34 .803 16 ,802 99 .802 82 .802 64 ,802 47 ,802 30 ,802 12 .801 95 .801 78 ,801 60 .801 43 :g g .800 91 .800 73 .800 56 .800 38 .800 2 1 .8OO 03 ,799 86 .799 68 ,799 5 1 .799 34 .i99 16 .798 99 .798 81

I

-

-.
0 ; :

60 :: 57 56 55 54 53 52 51 50 49 48 47 46 45 :: 42 41 tt 38 37 36 3.;s :; 3i

Sin. ~. .601 82 .602 05 .602 28 .602 5 1 .602 74 .602 98 .603 21 .603 44 ,603 67 ,603 30

Tan. -.__-. .753 55 .754 01 .754 47 .754 92 .755 38 .755 84 .756 29 .756 7S .757 21 .757 67 ,768 12 .758 58 .759 04 .759 50 .759 96 ,760 42 ,760 88 .761 34 .7hl so .762 26 .762 72 .763 1X ,763 64 .764 10 ,764 56 .765 ,765 .765 ,766 .766 02 48 94 40 S6

Cot.

(`I,<.

I

~.~~.. _.
1.327 0 1.326 2 1.325 4 1.324 6 1.323 8 1.323 0 1.322 2 1.321 4 1.320 6 1.319 8 1.319 0 1.318 2 1.317 S 1.316 7 1.315 9 ,798 64 .798 46 -798 29 .798 11 .797 93 .797 76 .79758 .797 41 .797 23 .797 06 .796 88 .796 71 .796 53 .796 35 .796 18 .796 00 .793 x3 .795 65 ,795 47 .795 30 .975 12 :;;; p; .79-t 59 ,794 41 .794 24 .794 06 .793 88 .i93 71 ,793 53 .793 35 :;;; :; .792 82 ,792 64 ,792 47 .792 29 .792 11 ,791 93 .791 76 .791 ,791 .791 ,791 .790 58 40 22 05 87 60 58 57 56
SJ

~.ss

154 53 52 51 50 51: 47 46 45 :; 142 41 I40 39 ' .:: 36 35 34 33 ~32 31 30 29 28 27 26 25 :: f: 20 f

10 11 e :; 14 15 ;; 18 19

.604 14 ,604 37 .604 60 .604 83 ,605 06 ,605 ,605 .605 %OS .606 29 53 76 99 22

15 16 17 18 19 20 z: 23 24

,591 31 .591 s4 .591 78 .S92 01 ,592 25 .592 48 .592 72 .592 95 ,593 18 ,593 42 ,593 65 .593 89 ,594 12 .594 j6 .S94 59

j

1.315 1.314 3 1

;::;;;
1.311 9 j 1.311 1.310 1.309 1.308 1.307 1 3 5 7 9

.606 4.S .606 6X .606 0 1 Yi07 14 .607 35 ,607 61 .607 84 .608 07 .608 30 .608 53 30 :; 33 34 .608 76 ,608 99 .609 22 ,609 45 .609 68 ,609 91 ,610 15 .610 38 %lO 61 ,610 s4 ,611 07 fill 30 ,611 53 .61t 76 .611 99 .612 .612 .612 .612 ,613 .613 .613 .613 ,774 .614 22 45 68 01 14 37 60 83 06 29

/

1.307 2 1.306 4 1.305 6 1.304 8 1.304 0 1.303 2 1.302 4 1.301 7 I.300 9 1.300 1 1.299 3 1.298 5 1.297 7 1.297 0 1.296 2 1.295 4 1.294 6 1.293 8 1-293 1 1.292 3 1.291 5 1.290 7 1.290 0 1.289 2 1.288 4 1.287 G 1.286' 9 1.286 1 1.285 3 1.284 6 1.283 8 1.283 0 1.282 2 1.281 5 1.280 7 1.279 9 Tan.

30 31 32 33 34 35 36 :; 39

,594 82 .59S 06 .595 29 .595 52 .S')S 76 .595 99 .596 22 .596 46 .506 69 ,596 03 ,597 16 .s97 39 .S97 63 .597 X6 .59X 09 .598 32 .59X 56 .598 79 .599 02 ,599 26 ,599 ,599 ,599 .6Otl ,600 49 72 95 19 42

,767 33 ,767 79 ,768 2S .768 71 .763 18 ,769 6+ ,770 10 ,770 57 ,771 03 ,771 1'3 .771 .772 .772 .773 .773 96 42 89 35 82

t: 23 22 21 20 19 18 17 16 15 t: :: 10 9 8 : s ; 1 0 , z

35 36 37 38 39 40 I:: 43 44 45 :: 48 49 50 51 52 53 54 55 56 57 58 59

"x

:: *5 14 13 12 11 10 9 8 6'

.774 28 .774 7.5 .7;5 il .775 68 .776 15 .776 61 .7?7 08 .777 54 ,778 01 .778 48 .778 95 .779 41 .779 98 .780 35 .780 82 .781 29

.790 69 .790 5 1 .790 33 .790 16 .789 98 .789 80 .789 62 ,789 44 .789 26 .789 08 .788 91 .788 73 .788 5.5 .788 37 .788 19 .788 01 Sin.

.6OO 65 .600 89 .601 12 .601 35 .601 58 .601 82 ___ cos. 106")

.614 51 .614 74 *614 97 .615 20 -615 43

:
3 2 1

_-

.798 64 Sin. (233

60 .615 66 -.

0 -

cot.

,

CO%

cot.

109

3P:8-1970
TABLE 7A NATURAL FUNCTIONS - Cwztd (321') 141" 39' (219") (320") 140"

Sin. Tan.

cot. 1.279 9 1.279 2 1.27X 4 1.277 6 1.276 9 .276 1 .275 3 .274 6 .273 8 ,273 l ,272 3 .271 5 .270 8 .270 0 : .269 3 1.268 5 1.267 7 I.267 0 I.266 2 1.265 5 .264 7 .264 0 .263 2 .262 4 .261 7 1 .260 9 .260 2 .259 4 .258 7 .257 9 1.257 2 I.256 4 I.255 7 1.254 9 1.254 2 1.253 4 1.252 7 1.251 9 1.251 2 1.250 4 1.249 7 1.248 9 1.248 2 1.247 5 1 a246 7 ::z ; 1.244 5 1.243 7 1.243 0 I.242 3 1.241 5 1.240 8 1.240 1 1.239 3 I.238 6 I.237 8 1.237 1 I.236 4 1,235 6 -.1.234 9 Tan.

COS. .788 01 .787 83 ,787 65 .787 47 .787 29 .787 11 .786 94 .786 76 .786 58 .786 40 -786 22 -786 04 3785 86 .785 68 a785 SO .785 32 .78.5 I4 *784 96 .784 78 .784 60 .784 42 .784 24 .784 05 *783 87 -783 69 .783 51 ~783 33 .783 15 .782 97 .782 79 *782 61 .782 43 .782 25 .782 06 .781 88 :g; .781 .781 .780 :; 34 16 98

I

Sin. 0 : : t ;: 9 :Y .629 32 -629 55 .629 77 :;g ;; .630 45 -630 68 .630 90 a631 33 *631 3.5 ~631 58 :;;: g .632 25 .632 48 .632 71 .632 93 .633 16 :g: 2; .633 ~634 .634 :634 .634 83 06 28 51 73 96 18 40 63 85

Tan. -809 78 .810 27 *MO 7.5 .811 23 .811 71 .812 20 s-812 68 *813 16 a811 64 *814 13 ,814 61 -81.5 10 *815 58 ,816 06 .816 55 .817 -817 ,818 ,818 ~818 03 52 OO 49 98

cot.

cos. .777 15 $7: ;; .7&m a776 41 .776 23 *776 05 .775 86 -775 68 .775 50 *775 31 -775 13 -774 94 .774 76 .774 58 .774 39 .774 21 .774 02 ::;; g .773 47 :;;; :; .772 92 .772 73 .772 55 -772 36 .772 18 .771 99 *77l 81 .771 62 a771 44 -771 25 .771 07 *770 88 .770 70 .770 51 *770 33 *770 14 *769 96 .769 77 .769 59 .769 40 .769 21 ~769 03 *76U 84 :;z; 2; -768 28 .768 10 .767 91 .767 72 .767 54 .767 35 ,767 17 .766 98 :;;t ;y *766 42 .766 23 -766 04 Sin. 2 43 42 41 40 39 3R 60 59 58

0 : 3 4

-

- -- __-

2;: Z .616 12
*616 81

.616 35 .616 58

.781 29 .781 75 .782 22 .782 69 .783 16 *783 63 .784 10 *784 57 .785 04 .78.5 51 .785 9s .786 45 -786 92 .787 39 .787 86 .788 34 .788 81 .789 28 .789 75 .790 22 .790 70 .791 17 .791 64 -792 12 .792 59 .793 06 .793 54 .794 01 .794 49 .794 96 ,795 44 -795 91 *796 39 .796 86 .797 34 .797 81 -798 29 .798 77 :;;; ;; -800 20 .800 67 .801 15 0801 63 -802 11 *a02 58 .803 06 *803 54 .804 02 .8O4 50 ,804 .805 .805 *806 ,806 98 46 94 42 90

60 59 58 57 56 55 :: ::

;%;'
11233 4 1.232 7 1.232 0 1.231 2 :2:8 ; I:229 0 1.228 3 1.227 6 1.226 8 I.226 1 I.225 4 I.224 7 1.223 9 1.223 2 1.222 5 1.221 8 1.221 0 1.220 3 1.219 6 I.218 9 I.218 1 1.217 4 I.216 7 1.216 0 1.215 3 1.214 5 1.213 8 1.213 1 1.212 4 1.211 7 1.210 9 1.210 2 1.209 5 1.208 8 1.208 1 1.207 4 1.206 6 1.205 9 1.205 2 I.204 5 :::"d3 Y 1.202 4 1.201 7 1.200 9 1.200 2 1.199 5

::::: z .617 49 *617 72 :: :; 14 15 :; 18 19 ~617 9.5 .618 18 -618 41 .618 64 .618 87 .619 09 a619 32 .619 55 .619 78 .620 01 .620 24 .620 46 .620 69 .62O 92 .621 15 .621 38 .621 60 .621 83 *622 06 *622 29 30 31 32 :: 35 36 37 38 39 *622 51 :;;; ;; *623 20 *623 42 .623 65 ~623 88 .624 11 *624 33 .624 56 .624 79 :g: ;; .625 47 .625 70 -625 92 .626 15 *626 38 .626 60 $626 83 50 :: 53 54 55: 57 58 59 60 , -627 06 *627 28 *627 51 $627 74 ,627 96 ~628 19 ,628 42 :g; g; .629 09 -629 32 CO% -

:t
45 z 42 41

14

+19 46 .819 95 .820 44 .820 92 .821 41 ~821 90 .822 38 .822 87 .823 36 .823 85

36 35 34 3"; 31 30 xi 27

j7

35 34 z 31

E 27

28 29

.634 -635 .635 .635 -635

30 31 ;a 35 3376

, /

.636 08 .636 30 .636 53 *636 75 .636 98 0637 20 *637 42 *63765 .637 87 ,638 10 .638 32 .638 54 638 77 .638 99 *639'22

:;g ;:
-825 31 *825 80 -826 29 a826 -827 -827 .828 *828 78 27 76 25 74

39

$3

:;g `6; .780 43 *780 25 $780 07 .779 88 *779 70 .779 52 .779 34 .779 16 .778 97 :;;; ;: .778 43 .778 24 .778 06 .777 88 :::; t; .777 33 s : 1 0 I 60 45 46 :: 49 50 51 z: 54

.829 23 .829 72 .830 22 .83o 71 .831 20 .831 69 .832 18 .832 68 :;;: g :;;t ;; +35 14 .835 64 .836 13

.639 44 .639 66 .639 89 .640 11 .640 33 .640 56 .640 78 .641 00 .641 23 ,641 45 .641 67 .641 90 .642 i2 ~642 34 .642 56 .642 79

::1;: : I.197 4

1.196 7 I.196 0 1.195 3 I.194 6 1.193 9 1.193 2 1.192 5

.807 38 :$)`8 ;: .808 82 a809 30 .809 78 cot.

-

-777 1.5 Sin.

.839 10

1.191 8 Tan.

,

cot.

,

(23l+

110

(Confinuod)

SP:S-1970 ;
TABLE 7A NATURliL FUNCTIONS - Conld 41� (221") Sin. Tan. .a39 10 :;.g 8; -840 s9 .841 08 .a41 .842 .a42 .a43 *a43 58 08 58 07 57 (318") 13s"

cot.
1 1.191 1.191 I.190 1.189 1.188 8 0 3 6 9

cos. ' -- a765 67 58 a765 48 57 a765 30 56 *765 11 *764 92 -764 73 .76455 .764 36 *764 a763 *763 .763 .763 a763 17 98 80 61 42 55 54 53 5 2 51 50 49 48 t;l

:;:; ;;
.643 23 -643 46 .643 68 -643 90 .644 12 -644 3 5 *644 57 .644 79 *645 01 1;:: iz a645 68 -645 90 .646 12 .646 35 .646 57 ::4 ;; .647 23 .647 46 .647 68 :z:; ;; .648 34 *648 56 -648 78 .64YOl *649 23 .649 45 -649 67 .649 89 .650 11 .650 33 35

::z: it :i

, Sin. -___ 0 .656 06
I : f P 9 10 :: 13 14 15 :; :; 20 ;: i: 2: :i 29 30 :: i: 15 I," tt -656 .656 28 SO .656 *656 72 94 -657 ~657 38 16 .657 .657 81 59 .658 03 .658 25 -658 a658 47 69 -658 91 .659 13 .659 35 .6.59 .659 56 78 *660 .660 00 22 .660 44 -660 .660 66 88 .661 *661 09 31 .661 .661 75 53 .66197 *662 18 .662 40 *662 62 -663 *662 06 84 .663 .663 49 27 *663 71 .664 663 93 14 :;;4' 5"; .664 80 .665 01 0665 23 ii L5 i; ca c9 50 jl 52 i3 j4 .665 .665 45 66 .665 88 :gz :; .666 53 *666 7.5 .666 .667 -667 .667 *667 97 18 40 62 83

Tan. -869 29 *869 80 .a70 31 :;;y ;; *a71 a4 a872 36

~ cot.
i 1*1504 1.149 7 1.149 0 1.148 3 1.147 7 1.147 0 1.146 3 1.145 6 1.145 0 1.144 3 1.143 6 1.143 0 1.142 3 1.141 6 1.141 0 1.140 3 1.139 6 ::g ; 1.137 6

CO% .754 71 :::`4 :; .764 14 e7.53 95 -753 75 .7s3 .% :::; ;;: .752 99 .752 8 0 .7S2 41 I::;;; .751 .7.51 a751 .751 .751 84 6.5 46 26 07

' -ii :; 57 56 55 :: 5':

I.188 2 I.187 5 1.186 8 I.1861 1.185 4 1.184 7 1.184 0 1.183 3 1.182 6 1.181 9 1.181 2 :::t: i 1.179 2 1.178 5 1.177 8 1.177 1 :x ; 1.175 0 1.174 3 1.173 6 ::::;; 1.171 5 1.170 a ::tZ Z 1.168 8 I.168 1 1.167 4 1.166 7 ::::; t I.164 7 I.164 0 1.163 3 I.162 6 ::tt: 2' 1.160 6 1.159 9 l-159 2 1.158 5 1.157 a 1.157 1 1.156 5 ::::: ; 1.154 4

1 :;;; i;
.973 89 *a74 41 *a74 92 .875 43 *a75 95 .876 46

%I4 07 .a44 57 $845 07 .845 56 .846 06 .846 .a47 *a47 ..a48 -848 56 06 56 06 56

.752 61 2
g 45 44 43 42 41

54

23 45

::z iii! t: -762 67 42 .76248 4 1 -762 29 40 .762 10 39 .761 92 38 -761 73 -761 54 ;6' *761 35 .761 16 -76097 .760 78 .760 59 .760 41 *760 22 a76003 .759 84 e7.59 65 ,759 46 .759 27 -759 08 .758 a9 *758 70 35 34 3 3 32 31 30 29 2 8 27 26 25 24 23 22 21

.849 06 .849 56 %50 06 :;:y ;; .a51 57 .852 07 *a52 57 1;;; !j; *854 08 :g: ;; .a55 59 +56 09 .856 60 ~857 10 -857 61 .a58 11 .858 62 .a.59 12 .859 63 .a60 14 .860 64 .861 15 a861 66 :;g g .863 18 -863 68

`879 55 .aao 07 .a80 59 .a81 10 -881 62 .882 14 .882 65 .a83 17 *883 69 .S84 21 -884 73 %8.5 24 -885 76

1.136 9 1.136 3 1.135 6

::g g
.7SO e750 113o *750 *749 .749 73 92 .749 53 *749 34 .749 15

zt ;

50 38 :6' ;i :: 31

jz

1.133 6 1.132 9 1.132 3 1.131 6 1.1310 1.130 3 1.129 6 :::t: i 1.127 6 1.127 0 1.126 3 1.125 7 1.125 0 1.124 3 1.123 7 1.123 0 ::;g:: I.121 1 1.120 4 ::KI: 1.118 4 I.117 a 1.117'1 I.116 5 ::t:: ; 1.114 5

.748 38 ,748 18 ~747 *747 .747 *747 -747

.1;;; 74a :; 96 2
99 80 60 41 22 25 24 23 22 21 20 19 18 1 7 16 15 14 :51 11 10 9 ; 6

it 26

:4 38
39

.650 55 *650 77 .651 00 :$ ; .651 66 .651 88 :g; :; .652 54

.887 32 .887 48 .888 36 .888 88 .889 40 .889 92 .a90 45 .890 97 .a9149 -892 01 *a92 53 ~893 06 .893 58 .894 10 .894 63 *a95 15 -895 67 a896 20 :896 72 .a97 25 a897 77 -898 30 a898 a3 a899 35 a899 88 +OO 40

.758 51 20 .758 32 19 .75813 1 8 -757 94 .757 75 :6' *757 56 15 -757 38 .757 19 :"; :;:;gj .756 l2 11

*747 03 .746 83 ~746 64 .74644 *746 25 :;74t ;I *745 48 67 .74s .735 28 .74s 09 .744 89 *744 70 :g ;: *744 .743 -743 -743 ,743 12 92 73 53 34

.653.86 -654 08 .654 30 *654 52 .654 74 .654 96 *655 18 -655 40 -655 62 .655 84 LO , .656 06

.864 19 ,864 70 .a65 21 :g- ;: .a66 74 ,867 25 .867 76 .868 27 a868 78 .869 29

61 10 f ii

Y I.152 4
::t:i
1.151 7 1.151 0 1.150 4 Tan.

55 I .668 05 $6 .a68 27 57 .668 48 58 a668 70 59 a668 91 b0 1 a669 13

(1 1.112 6
:::::
Tan.

1.111 9 1.111 3 1.110 6

; 1

*743 14 Sin.

1 0

cot.

cot.

I

'

SP:8-1970
42" TABLE 7A NATURAL FUNCTIONS - Cot& (317") 137c 42" (223') Sin. Tan. .900 .900 .901 .901 .902 +03 -903 .904 .904 .905 .905 .906 ,906 ,907 *907 .908 .908 ,909 .909 .910 .910 .911 ,912 .912 .913 .913 .914 .914 .9lS .915 40 93 46 99 51 04 57 10 63 16 69 21 74 27 81 34 87 40 93 46 99 53 06 59 13 66 19 73 26 80 (316'1 136"

, 0

cot.
I.110 6 ::;;; ; I.108 7 I.108 0 I.107 4 I.106 7 I.106 1 1.105 4 I.104 8 I.104 1 I.103 5 :::z; ; I.101 6 ::tg 3" I.099 6 I-099 0 I.098 3 .097 7 ,097 1 .096 4 G9.i 8 .095 1 .094 -093 .093 .092 .091 I.091 I.090 I.090 I.089 I.088 5 9 2 6 9 3 7 0 4 8

cos. -__ :;;; ;:
.742 76 .742 56 .742 37 .742 17 .741 98 :;z: ;; .741 39 .741 20 .741 00 :;g ;y .740 41 *740 22 a740 02 .739 83 -739 63 .739 44 -739 24 ::;I: Z .738 65 -738 46 .738 -738 -737 .737 -737 .737 .737 -736 .736 *736 26 06 87 67 47 28 08 88 69 49

, 50 i9 58 57 56 55 :: :T 50 :; :z 45 z 42 41 40 39 38 37 36 35 ;: :: 30 ;: 27 26 25 g 21 20 19 18 :: 15 :: ::

I

0 ; : : 7 t 10 1: :: 15 16 :`8 19 :Y :: 24 :z ;z 29 30 31

k :

.669 56 .669 78 .669 99 .670 .670 .670 .670 .671 21 43 64 86 07

Sin. .682 00 .682 21 .682 42 ,682 64 .682 85 -683 .683 *683 .683 .683 .684 .684 .684 .684 .684 06 27 49 70 91 12 34 55 76 97

Tan. .932 -933 *933 .934 .934 .935 .935 -936 .936 .937 52 06 60 15 69 24 78 33 88 42

cot.
I.072 4 1.071 7 I.071 1 1 .oio 5 I*069 9

CO%

.731 *731 .730 -730 .730

35 16 96 76 56

-iii
59 58 :`6 55 54 :; 51 60 `4: 47 46 z 43 42 41 40 39 :; 36 35 34 33 :: 30 29 28 2"; 25 24 g 24I :: 17 16 15 :: 12 11 10 9 ; 6 5 4 : 1 0 -

a730 36 ::;!j if 0729 76 -729 57 I.066 1 I.065 5 ::g: ; I.063 7 1.063 0 I.062 4 I.061 8 1.061 2 I.0606 I.059 9 I.059 3 1.058 7 I.058 1 I.057 5 I.056 9 I.056 2 1.055 6 I.055 0 1.054 4 1.05.3 I.053 I.052 I.051 I.051 I.050 I.050 I.049 I.048 I.048 8 2 6 9 3 7 1 5 9 3 -729 -729 *728 -728 .728 .728 .728 .727 ~727 .727 .727 .727 .726 .726 .726 .726 .726 .725 .725 .725 .725 .725 9724 .724 .724 .724 .724 -723 .723 -723 -723 .723 0722 *722 -722 37 17 97 77 57 37 17 97 77 57 37 17 97 77 57 37 17 97 77 57 37 17 97 77 57 37 17 97 77 57 37 17 97 77 57

:: 12 13 14 15 16 :; 19 20 :: 23 24 2.5 26 25 2s 25 3( 31 3: 3: 34 31 3f 3; 32 35 4E t: 4: 44 4! 4t 4; :: 5( 51 52 5? 54 5! 5: :; 6a ,

.671 29 ,671 51 :g; ;; .672 15 *672 ,672 ,672 ,673 .673 .673 .673 .673 .674 ,674 .674 .674 .674 .675 ,675 fi75 ,675 ,676 .676 .676 37 58 80 01 23 44 66 87 09 30 52 73 95 16 38 59 80 02 23 45

.937 96 *938 52 .939 06 .939 61 .940 16 .940 71 .941 25 .941 80 .942 35 ,942 90 .943 .944 .944 .945 .945 45 00 55 10 65

:g :; .685 61 .685 82 .686 03 $86 .686 .686 .686 .687 24 45 66 88 09

.687 .687 30 51 .687 .687 72 93 .688 14 .688 35 ,688 57 :g; ;; ~689 20

.946 20 :;g if .947 86 .948 14 .948 96 .949 52 .950 07 -950 62 -95118 .95173 .952 29 .952 84 :;g ;; .954 51 -955 06 $955 62 a95618 *9S6 73 -957 -957 .958 -958 *959 29 85 41 97 52

.916 33 .916 87 .917 40 -917 94 a91 8 47 .919 .919 .920 .920 3921 01 55 08 62 16

:g:: ;; .677 09 .677 30 -677 52 .677 73 .677 95 .678 16 .678 37 +j78 59

I.088 1 1.087 5 1.086 9 I.086 2 I.085 6 ::XR! I.983 7 1.083 1 I.082 4

.736 29 :;;: ;; .735 70 .735 51 -735 31 .735 11 *734 91 $734 72 -734 52

35 36

-689 41 .689 62 .689 83 :gg

40 :: z 45 46 tS 49 50 :a 53 54 55 :; 55: 60 -

.690 46 .690 .690 67 88 -691 *691 09 30 *691 51 -691 72 .692 .691 93 14 .992 35 .692 56 :g; ;; .693 19 .693 40 .693 61 .693 82 .694 03 *694 24 .694 45 ~694 66 -

I.047 7 I.047 0 I*046 4 ::z 1fl446 ::zz I.042 8 I.042 2

-924 .924 -925 .926 .926 .679 87 :z;z 5: .680 51 ,680 72 :gy ;: .681 36 -681 57 *681 79 *682 00 cos. .927 .927 *928 .928 -929

39 93 47 01 55 09 63 17 72 26

I.081 8 I.081 2 1 *OS0 5 K% ; .733 .733 .732 .732 .732 I.075 5 I.074 9 ::x;: % I.073 0 33 14 94 74 54

-722 36 -722 16 .721 96 :::: ;t :72l 36 *721 16 :g ;; .720 55

Ia

9 ; 6

.960 08 -960 64 .961 20 :;z; ;; *962 88 ,963 44 -964 00 .964 57 .965 13 ~965 69 I.038 5 : :"o:: z I.036 7 I.036 1 I.035 5 Tan.

.929 80 :;:o" ;;: *93143 *931 97 3932 52 cot. -

:;:; :`: :::: ;: -731 55 *731 35 Sin. (22;

: : 1 a -

:;;"o ;:

*719 95 :::; :; .719 34 Sill.

I.072 4 Tan.

,

,

I

cos.

cot.

132' (312')

133' (313")

(226") 4 b"

112

(ConliHWd)

SP : 8 - 1970
TABLE 7A NATURAL FUNCTIONS - Contd Sin. a694 66 ,694 -695 87 08 :g g :g: ;y -696 $ 2 -696 -696 54 3 -696 *696 75 96 :g; :; -697 58 a697 ,698 79 00 -698 21 -698 -698 42 62 -698 83 :tZ :% ZFl *699 87 -700 08 ::g i; ,700 70 -700 91 :;g :: -701 a701 74 53 *70195 -702 *702 36 15 *702 57 *702 77 -702 98 :;;; ~703 :; 60 ,703 81 *704 01 ::g i; ,704 63 -704 84 *705 -705 05 25 *705 -705 46 67 -705 87 ,706 08 *706 28 :;zz -706 49 .707 11 cos. Tan. :;gz ;; *966 81 -967 -967 38 94 ~968 50 :;g 6"; -970 -970 20 76 :;:: ;; ~972 46 :;;; ;; a974 -974 72 16 -975 29 *975 -976 86 43 :t:: EZ -978 -978 70 13 *979 27 -979 84 -980 41 *980 98 :g: :: g; $I -983 84 -984 -984 41 99 -985 56 *986 *986 71 13 :;g g *988 -989 43 01 ;989 -990 58 16 990 73 +9131 :;;: !g :;;3" g :;;; 3: 1;;: ;: -996 52 -997 IO *997 68 -998 999 *9 8 42 26 84 l@OO cot. cot. 1.035 5 :::z:: I: f:% : 1.032 5 ::oO:t ; 1.030 1.030 7 1 1.029 5 1.027 : :E I: 7 1.027 1 1.026 1.025 9 5 1.025 3 1.024 1.024 7 1 1.023 1 a023 0 5 1.022 1.021 4 8 1.021 2 l-020 6 1.020 0 1.018 1.019 4 8 1.018 2 I.017 6 1.017 0 E 1.015 ;: 2 %:t: 1.013 5 ::X:f S 1.011 1.011 7 1 1.010 1.009 9 5 l+IO94 1.008 8 1.008 2 I.007 l-007 6 0 1.006 4 :`% I l&7 1.0041 l*OO3 5 1.002 9 1.002 3 I+01 I.001 7 2 1WlO6 lmO0 Tan. cos. a719 34 ::;;: ;z :;g ;; ::g :; CEO :::; ;; .717 52 *717 -717 32 11 -716 .716 91 71 ~716 50 -716 *716 30 10 *715 90 .715 *715 49 69 -715 .715 29 08 *714 -714 85 65 .714 47 .714 27 -714 07 -713 .713 66 86 *713 45 -713 25 .713 *712 05 84 .712 .712 43 64 .712 23 -712 .711 03 82 -711 62 *71141 *711 *711 00 21 -710 -710 80 59 *710 39 :;tpg ;; *709 78 .709 57 .*709 37 -709 a708 .708 -705 3708 16 96 75 55 34 (315") 135" , 60 :t :: 55 :: 52 51 f 48 2 44 45 :; 41 40 37 ;: 36 35 ::: R 30 29 f; 26 25

44, (2240) , 0 : : f 7 t :: :: 14 ::, 17 :: ;: E 24 25 26 z: 29 30 ::. ;: 35 :7" 36 39 : :: 44 45 46 :: 49 .z :i 54 55 56 31 60 ,

!

f: f:
20 19 18 :: 15 :; :1 10 9 ; 6 5 4 : 1 0

*if-B 13 GO7 93 .7(`7 72 :;II:: :: *707 11 Sin.

,

134* (314O) 113

SP : 8 - 1970
TABLE 7B NATURAI,F UNCTIONS - SECANTS AND COSECANTS (359") 179" 1" (II (358') 178' 2' (182') Sec. 1 .ooo 0 1+000 ::$: 8 la00 0 ::::x l+OO 0 1aOOo 1.000 0

)" (180")
I

(35:

l770
I

csc.
5 437.7 L 718.9 L 145.9 85944 687.55 572.96 491.11 429.72 381.97 343.78 312.52 286.48 26444 245.55 229.18 2%;; 190:99 180.93 :i::;; 156.26 149.47 143.24 137.51 132.22 127.33 122.78 118.54 114.59 : Kit 104:18 101.11 98.223 95.495 92.914 90.469 88.149 55.946 83.849 81.853 79.950 78.133 76.397 74.736 73.146 71.622 70.160 68.757 ZZ 64.866 63.665 62.507 61.391 60.314 59.274 58.270 10 9 ; 6 : 3 2 1 0 I (269") 89' 91" ( 30 29 z; 26 25 24 ii 21 20 19 :; 16 50 :; :; :4 :: 41 50 59 58 57 j6

Sec. la00 2 1aOo 2 lmO2 la00 2 1 .ooo 2 la00 2 lmO2 la002 la002 la002 a002 a002 1%: .ooO 2 a002 :z;: a00 3 a003

csc.
57.299 56.359 55.451 54.570 53.718 52892 ::s;i 50.558 49.826 49.114 48.422 47.750 47.096 46.460

I

Sec. la006 ::%Z 1+006 la007

csc.

60

jr :;

56 55 :`: 52 51

27.508 27.290 27.075 26.864 26.655 26.45 1 26.249 26.050 25.854 25.661 lGOO8 lGOO8 :`i%i l&08 25.471 25,284 i::;: 24.739 ;t:::i 24.216 24.047 23.880 23.716 23.553 23.393 23.235 23.079 22.926 22.774 22.624 22.476 22.330 22.187 22-w 21904 21.766 21.629 ~~`% 211229 21 a098 20.970

:: ::

::%G lWO0 ::ztx la0 0 ::zz: ::%i 8

14

20 :: ;: 25 :4 28 29 30 :: 33 34 35 :; 38 39

::$Z 1 .ooo 0 1.000 0 1 .ooo 0 1 .ooo 1.000 1 .ooo 1 .ooo 1 .ooo 0 0 0 0 0

::zE
1.000 3 1 .ooo 3 1.000 3 1 .ooc 3 1 .ooo 3 1 .ooo 3 ::%z 1 .ooo 3 1 .ooo 4 la00 4 1 .ooo 4 1.0004 1.000 4 1 .ooo 4 l-000 4 1 .ooo 4 la004 l*OOO 4 la00 4 I*000 4 1 .ooo 4 1.000 5 ::x:: 1*0005 la00 5 1 .ooo 5 la005 lWO5 l+OOS 1*0005 lWO6 :z% 1.0006 1*0006 1+006 lWO6 CSC.

42.976 42.445 41.928 41.423 40.930 40448 39.978 39.519 39.070 38.631 38.202 331% 36.970 36.576 36.191 35.815 35445 35.084 34.730 34.382 34.042 33.708 33.381 33.060 32.746 32.437 32.134 31.836 31.544 . 31.258 30.976 30.700 30.428 30.161 if 13 12 11 10 9 8 i 35 i: :: 30 29 f; 26 25 24 ;; 21

1mo8 ::g; la009 l@xl9

1,,000 0 1 .ooo 0 1 .ooo 0 .ooo 0 : .ooo 0 so00 1 : .ooo 1 .ooo 1 : *ooo 1 1 al0 1 1 .ooo 1 .ooo 1 .ooo 1 .ooo 1 .ooo

45 i!: 48 49 50 51 52 :: 55 56 57 :i 60 I

: ,000 1 .ooo : .OOO : 1

.ooo

.ooo

2@,043 20.717 20.593 20.471 20.350 20.230 20.112 19.995 19.880 19.766 19.653 19.541 19.431 :;:;R

:E : :E
::t%
la001 ::i% 1~000 2 csc.

.ooo

28.654 Sec.
I

19.107 Sec.

-

90� (270")

(3 114

92" (272")

(2(

`) 87O

SP : 8 - 1970
TABLE 7B N.ATURAL FUNCTIONS - SECANTS AND COSECANTS - Contd (355") 175" 5" (185") 4O (184") (351 6") 176'

3' (183")

-

(334
CSC.

,

Sec. 1m14 lal14 lGO14 l*Oo14 l*OO14 1m14 laJ15 1m15 l*OOl 5 l*OOl 5 19.107 19.002 :%: 18.692 l&i91 18.492 18.393 18.295 18.198 18.103 18.008 17.914 17.822 17.730 17.639 17.549 ;.;::g 17.285 17.198 17.113 ;Kz 16,862 16.779 16.698 16.618 16.538 16.459 16.380 16.303 16.226 16.150 16.075 16+XKl 15.926 15.853 15.780 15.708 15.637 15.566 15.496 15.427 , 15.358 ? 5.290 f 5.222 15.155 15.089 15.023 14.958 14.893 14.829 14.766 14.703 :t:g 14517 14456 14.395 14.336 Sec.

,
i0 i9 i8 i7 i6 55 i4 i3 52 jl

,

sec.
1.002 4 l+O2 5 1.002 5 1.002 5 1.002 5 I .od2 5 1.002 6 1.002 6 1.002 6 l-002 6

csc.
14,336 14.276 14.217 14.159 14*101 14.044 13.987 13.930 13.874 13.818 13.763 13.708 13.654 13.600 13.547 13.494 13441 13.389 13.337 13.286 13.235 13.184 13.134 13.084 13.035 12.985 12.937 12.888 12.840 12.793 12.745 12.699 12.652 12.606 12.560 12.514 12.469 12.424 12.379 12.335 12.291 12.248 12.201 12.161 12.119 12.076 KG 11.951 11.909

I

I

sec.
1.003 8 1.003 8 1.003 9 1.003 9 1.003 9 1.003 9 1.004 0 1+X)40 l+JO40 la?4 1

11.474 11.436 11.398 11.360 11.323 11.286 11.249 11.213 11.176 11.140 11*165 ;::gi IO.998 IO.963 IO.929 IO.894 10.860 10.826 10.792 10.758 60.725 0.692 0.659 i 0.626 10.593 10.561 10.529 10.497 10.465 10.433 10.402 10.371 10.340 10.309 10.278 10.248 10.217 10.187 10.157 10.128 10.098 10.068 10.039 l&O10 9.981 2 9.952 5 9.923 9 9,895 5 9.867 2 9.839 1 9.811 2 9.753 4 9.755 8 9.728 3 9.701 0 9.673 9 9.646 9 9.620 0 9.593 3 9.566 8

60 59 58
57 56

s5 54 :: 51 50 tt t: 45 44 43 if 40 39 38 37 36 35 .I4 33 32 31

10 ;; 14 15 16 :i 19 20 ;; 24 25 if 28 29 30 31 .a 3: 35 36 I; 40 41 :: 44 45 ii 49 50 51 :: 54 5": $ 60

1aM 5 laO15 ::g: t lGO16 1.0016 1.0016 1.0016 1m17 1m17 1m17 laO17 1m1: la1 7 1.001 8 1~0018 1.001 8 1.001.8 l+O18 1+-m 9 1m9 l*OO19 lWl9 1m19 1m19 ::ii: : 1m2 0 1.002 0 i ,002 0 l*OO2 1 1.002 1 ::z: la2 1 1.002 1 laO2 2 ::zz; laO2 2 1.002 1.002 l-002 l~OO2 1.002 2 3 3 3 3

10 :: :: 15 :: 18 19 :"9 :; 36 20 21 :i 24

1.0027 1.002 7 1.002 7 1.002 7 1.002 7 1.002 s 1.002 8 1.002 8 :::; t ::g; 8 : ::i; z 1.003 0 1.003 0 1.003 0 1.003 0 ::g: Y

:: 12 :: 45 ii 42 41 40 :I: 37 36 35 :: 32 31 25 ;; 28 29 30 31 32 33 34 25 24 23 22 21 20 19 18_ t; :4" :2 11 10 9 ; 6 50 `51 .z 54 55 56 57 58 59 60 35 36 :;: 39 40 41 4: 44 15 16 17 18 19

1.004 1 1.0041 1.004 1 1.004 2 1.004 2 lm42 1 .OO4 2 1.004 3 1.004 3 1.004 3 l.OO4 3 1.0044 laO4 4 I.004 4 1.004 5
la04 l.OO? lpJ4 1 dO4 5 5 5

/

6 1'.004 6

:t f; 26

1.003 1 l.OO3 1 1.003 1 ::g: ; 1.003 2 1.003 2 laO3 3 1.003 3 1.003 3 40 41 42 43 44 1.003 3 1 .OO3 4 1.003 4 1.003 4 1.003 4

l-004 6 ::i% 1.004 7 1.004 7 1.004 8 1.004 8 1.004 8 la49 1.004 9 1.004 9 1.004 9 1.005 0 1.005 0 1.005 O ::Z!: : 1.005 1 1.005 1 1.005 2 1.005 lt@S laO5 lGJ5 l.OQ5 2 2 3 3 3

20 19 18 17 16 15 14 ii 11 IO 8" 6' 5 4 ; 1 0 -

15 14 t; 11 10 9 ; 6 50 51 zi 54 1.003 7 laO3 7 1.003 7 1.003 8 1.003 8 60 1.003 8

11-865 11.828 11.787 :::g; 11.668 11.628 11.589 11~551 11.512 11,474 Sec.

1.002 3 ;:g; t 1.002 4 1.002 4 lfJO2 4 csc.

1.005 4 la)5 ,: lXKl5 4 ::i$: : 1.005 5 _ _ _ _ csc. `5")

,
93" (273")

csc.
(266') 86'

,
(265")f 95"

sec.
(264") 84"
(confinued)

-

-

)4' (274')

115

SP:8- 1970
6" (186") Sec. la05 5 I+05 5 I.005 6 ::i% t TABLE 7B NATURAL FUNCTIONS - SECANTS AND COSECANTS - Cod (352") 17P (3530) 173" 7O (187") so (IW) (35lO) 171�

csc.
9.566 8 9 540 4 9-514 1 9.488 0 9.462 0

, -~
60

I

Sec.

csc.
8.205 5 8.186 1 :::z t 8.128 5

,
60

-

, 0

Sec. 1.009 8 1.009 9 la099 ::"o:"o x ::8:8 Y 1.010 1 ::Oa:: f

csc.

:z :i

:-

4 I

z

:z

57 56

!, :

10 I1

9.309 2 ;:;g;: f 9.234 6 9.210 0 :I%8 ::z: I.006 1 I.006 1 I.006 2 ::g% ; 1.006 3 ::itt : I.006 4 I.006 4 I.006 4 9.185 9.161 9.137 9.112 9.089 5 2 0 9 0

qg
47 46 45 ii 41 40 :z ii 35 34 33 :: 30 :: 27 26 25 24 :; 21 20 :`8 17 16

10 t: i: 15 t; ti :`: ii 24 25 26

1.007 9 I.007 la07 9 9 :`!sz . x lax3 1 la081 I.008 1 1.008 I.008 2 2

8.015 6 7.978 7.997 7 1 7.9604 7.942 2 `7';:; : 7+_i87 * 9 7.852 7.870 0 2 7.8344 %8 2" . 7.781 7 7.764 2 z:: z . zi:: i 7.67`8 . 3 7.661 3 7.6444 7.627 6 7.6109 7.594 2 z'6: i 7.544 . 6 7.511 7.528 9 2 7.495 7 7.479 5 7.463 5 7447 4 7'431 5

50 49 48 47 46 2 43 42 41 40 :z 37 36 35 :: 32 31 30 29 28 27 26 ;: 23 22 21 20 :; 17 16 40 41 a: 44 45 46 47 tt 10 9 f 6 : :1 0 - I50 ::. 53 54 55 56 :z 59 60 I 30 31 :: 34 :: ;: 24

::oO;: 3 1.010 3 I*010 4 I.0104 I.010 5 1.010 5 1.010 5 ::8t8: 1.010 7 I.010 7 ::o":: t 1.010 8 I.010 9 I.010 9 I.011 0 :::t: Y 1.011 1 I.011 2 :8;: ; I.011 3 1.011 3 I.011 4 ::::: : l*Oil 5 1.011 6 I.011 6 1.011 6 I.011 7 I.011 7 ::x:: 3 ::o":: ; I.012 0 1.012 0 ::i% Y 1.012 1 1q12 2 1.012 2 1.012 3 I.012 3 ::i;; S 1.012 5

7.039 6 7.025 4 76% t 6.983 0 8fz 8 6.9411 6.927 3 6.913 5 i::iz t 6.872 5 6.858 9 6.845 4

;:g$ ;

:`:i:
Ii083

9.017 9 8.994 4 8.971 1 8.947 9 8.924 8 8.901 9 8.879 0 8.856 3 8.833 7 ml1 2 8.788 8 8.766 5 8.744 4

:`$lt . :
I+08 4 lex35 I.008 5 ::%Z 1.008 I.008 I.008 :`% . 6 7 7 ;:

30 31 32 33 34 35 z: :z

6.765 5 6.752 3 6.739 2 6.726 2 6.713 2 6.700 3 6.687 4 6.674 5 6.661 8 6.649 0 6.636 3 z:: : 6.598 6 6,586 1 t::;: s t:::: z 6.524 3 6.512 1 "61:s t 6.475 7 6.463 7 t:::tl 6.427 6.416 6.404 i 9 0 2

1.006 6 :Z%; I.006 7 I.006 8 , 1

8.722 3 8.700 4 8.678 6 8.6569 8.635 3 8.613 d %: 8.550 0 8.528 9

:z% !i I.0089 I.009 1@08 9 0

1w6 8

::&z t 1.006 9
I.006 9 I.007 0 ::% : I.007 1 I.007 1 ! ,007 2 I.007 2 :.g: . 32 1.007 3 '

45 43 48 49 50 51 zi 54 55 56 zz 59

T 8.466 3
:::::

::

I.009 2 ::tz; la09 3 I.009 4

8445 7 8.425 1 8.404 7 8.384 3 8.364 8.343 9 1 8.323 8 8.303 Q ::;s ; 8.244 6 8.225 0 8.205 5

E 11
10 9 8 i :; ti5 :t 60 - I

7.415 6 7.399 8 7.384 0 7.368 4 7.352 7 7.337 2 7.3?1 7 7.306 3 7.290 9 7.275 7'

I*009 7 lW96. I.009 :`g; ' 7 8 1 .oOO 8 -

7.245 3 7.260 4 7.200 ;:::; 2" 2 7.185 3

6.392 5
Sec.

'

1

Csc.

Sec.

1

'

`

1

Csc.

1

Sec.

1

'

csc.

96" 1276")

~_. ^^ (263") W"

97" (277')

(262") 8:

98" (278")

SP : 8 - 1970
9O (1890) TABLE 7B NATURAL FUNCTIONS - SECANTS AND COSECANTS - Cod 10" (190") (349") 169" 11" (191") (350") 170�
Sec.

(348") 168"

,

CSC. 6.392 5 i::::: : ii:::: t 6.334 3 8:::T 3" 6.299 9 6.288 5

Sec.

csc.
5.758 8 5.749 3 ::77:: t 5.721 0 5.711 7 5.702 3 :::9833 t 5.674 5 5.665 3 5.656 2 5.647 0 ::z t 5.619 8 :% j: 5.592 8 5.583 8

Sec. 1.018 7 ::oOt: t 1.0189 1.018 9

(

Csc.

1.012 5 1.012 5 ::8:1 t 1.012 7 1.012 7 :`8:1 s' l&2 8 1.012 9 1.012 9 :::;i ii 1.013 1 1.013 1 1.013 2 :% i 1.013 3 1.013 4 :z%: 1.013 5 ::::3' t

1.015 6 1.015 6 t:oO::; ::"o:: t 1.015 9 :::;: 1.016 1.016 1.016 8 1 1 2

KG:: 1:01s 5

5.240 8 5.233 0 :z: * : 5.209 7

5.171 2

1.019 5 1.019 5

::k% 1 1.019 4
1.019 6

5.163 6 ::::i 9 5140 9 5.133 3 5.125 8 5.118 3 5.110 9 5.103 4 5.096 0

6.221 1 %Jt 8 6:188 0 6.177 0 6.166 1 t:::: 3 t::;:: 6.112 0 6.101 3 6.090 6 6.080 0 6.069 4 6.058 9 6.048 3 6.037 9 6.027 4 6.017 0 1.016 5 1.016 5 ::8;: 8 1.016 7 ::%i t %f 9' 1.017 0 ::x:s 7 1.017 1 ::X:3: 1.017 3 1.017 4 1'017 4 1.017 5 1.017 5 1.017 6 ::g: f 1.017 8 1.017 8 1.017 9 1.017 9 1.018 0 1.018 0 1.018 1 1.018 1 1.018 2 KG i 1.018 4 1.018 4 ::::t z ::oo:: f 1.018 7

::x:; :: 1.019 8 1.019 8 ::Xt8; 1 a020 0 1.020 1 1 a020 1 1.020 2 1 so20 2 1.020 3 1,020 4 1 so20 4

5.574 9 5.566 0 5.557 2 5.548 4 5.539 6 5.530 a 5.522 1 5.513 4 5*504 7 5.496 0 5.487 4 5.478 8 5.470 2 5.461 7 5.453 2 54447 % ii 5.419 4 5.411 0

5.052 0 5.044 7 5.037 5 5.030 2 5.023 0 5.015 9 5.008 7 5+016 a:;$ "3

::;:4 z ::o":: 33 1.0144 ::g: 1.014 5 l-014 6 1.014 6 1.014 7 I.014 7 1.014 8 ::g 9" 1.014 9 1.015 0 ::81: `: 1.015 1 1.015 1.015 1.015 1.015 1.015 2 2 3 3 4

6.006 7 5.996 3 5.986 0 5.975 8 5.965 6 5.955 4 5945 2 5.935 1 5.925 0 5.915 0 5.904 9 5.895 0 5.885 0 5.875 1 5.865 2 5.855 4 5.845 6 5.835 8 5.826 1 5.816 4 5.806 7 5.797 0 5.787 4 5.777 8 5.768 3 5.758 8 Sec. (260') 80"

1.020 1.020 1.020 1.021 1.021

8 9 9 0 0

4,980 3 4.973 2 4.966 2 4.959 1 4.952 1 4.945 2 4.938 2 4.931 3 ;:;;; : 4.910 6 4.903 7 4.896 9 4.890 1 4.883 3 4.876 4.869 4863 4.856 4.843 5 7 0 3 6

1.021 1 ::8:: a 1.021 3 1.021 3 ::8:: : 1.021 5 t::;: ! 5.320 5 5.312 4 5.304 4 5.296 3 5.288 3 5.280 4 5.272 4 5.264 5 ::;:i 7" 5.240 8 Sec. (259") 79" 1.021 7 ::z: it 1.021 9 1.022 0 1.022 0 1.022 1 1.022 2 :::;: : 1.022 3 CSC.

1.015 4 CEC. 99" (279")

4.809 7

csc.

sec.
(25

-

IO)

(Continued)

SP : 8 - 1970
12' (192")
Set,

TABLE 7B NATURAL FUNCTIONS - SECANTS AND COSECANTS - Conld 14O (1949) (346') 166" 13" (193") (347 ") 167"

(345') 165'

csc.
4.809 7 4.803 2 4.796 6 4.790 1 4.783 6 4.777 1 4.770 6 4.764 1 4.757 7 4.751 2 4.744 8 4.738 4 4.732 1 4.725 7 4.719 4 4.713 4.706 4.700 4.694 4.687 0 7 4 2 9

, 60 59 :; 56 55 ::: 52 5: 10 ::. :: 45 44 43 t: 40 39 :; 36 35 34 33 :: 30 29 ;i 25 24 23 22 21 20 19 i; 16 I5 14 13 :T 10 i i 5 4 i 1 0 60 I 45 :; 48 49 50 51 52 ;: 30 :: :: 35 :; 38 39 15 i! 18 19 20 21 22 ;:

Sec.

csc.
4.445 4 4.439 8 4.434 2 4.428 7 4.423 1 4.417 6 4.412 1 4.406 6 4.401 1 4.395 6

, 0 : :

Sec. 1.030 6 1.030 7 1 a030 8 1.030 8 1.030 9 1.031 0 ::"o:: : 1.031 2 1.031 3 4,133 6 4.128 7 4.123 9 4.119 1 4.114 4 t::z t 4.100 1 4.095 4 4.090 6 4.085 9 t:t% : 4.071 8 4.067 2 4.062 5 4:::: ; 4.048 6 4.044 0 4.039 4 ::%!I ; 4.025 6 4.021 1 4.016 5 4.012 0 ZEz' 2 3.998 4 1.032 9 ::i:: 7 1.033 1 1.033 2 1.033 3 : :8$ :: 1.033 5 1.033 6 1.033 7 ;:g; ; 1.033 9 1.034 0 1,034 1 ::X:: ; 1.034 3 1.034 4 3.993 9 3.989 4 Z% ! 3.976 0 ::z:: ; 3.962 7 3.958 3 3.953 9 3.949 5 3.945 1 3.940 8 3.936 4 3.932 0 %:: 3.919 0 3.914 7 3.910 4 3.906 1 3.901 8 3.897 6 3.893 3 3.889 0 3.884 8 ::;;; !3 3.872 1 3.867 9 3.863 7 Sec. 15 14 :: 11 10 9 f 6 : 2 1 0 , 35 3": :: 30 29 28 Ii 45 ii 42 41

1.022 3 1.022 4 1.022 5 1.022 5 1.022 6 1.022 7 1.022 7 1.022 8 1.022 8 1.022 9 1.023 0 1.023 0 1.023 1 1.023 2 1.023 2 1.023 3 1.023 4 1 a023 4 1.023 5 1 a023 6 1.023 6 1.023 7 ::::z : 1.023 9 2.5 26 27 it 30 31 32 ii 35 36 3i it: 1.024 0 1.024 0 1.024 1 1.024 1 1.024 2 1.024 3 1.024 3 1.024 4 f:%i : 1.024 6 1.024 7 1.02" 7 1.024 8 1,024 9 1.024 9 1.025 0 1,025 1 1.025 1 1.025 2 I.025 3 1.025 3 ;.g;: 1 :Oh 6 50 51 52 53 54 1.025 6 1.025 7 I .025 8 1 G5 8 1.025 9 ::g; ; 1.026 1 1.026 2 1.026 2 60 - I 1.026 3

1.026 3 1.026 4 ::::5 2 I.026 6

ii59 :"7 56 55 :: 5":

1.027 0 1.027 1 1.027 1 1.027 2 1.027 3 1.027 3 1.027 4 1.027 5 1.027 6 1.027 6 1.027 7 1.027 8 1.027 8 1.927 9 1.028 0 1.028 1 1.028 1 1.028 2 : ::;i : 1.028 4 1.028 5 1.028 6 1.028 6 1,028 7 1:%i i 1.028 9 1.029 0 1.029 1 1.029 1 ::t;; : 1.029 4 1.029 4 1.029 5 1.023 6 1.029 7 I.029 7 1.029 8 ;:;;; ; 1.030 0 1.030 1 1.030 2 1.030 2 1.030 3 1.030 4 1.030 5 1.030 5 1.030 6

4.390 1 4.384 7 4.379 2 4.373 8 4.368 4 4.363 0 4.357 6 4.352 2 4.346 9 4.341 5 4.336 2 4.330 9 t:::: j, 4.315 0 4.309 8 4.304 5 4.299 3 4.294 1 4.288 9 4.283 7 4,278 5 4.273 3 4.268 1 4.263 0 4.257 9 4.252 7 4.247 6 t:2:; : t:::: : 4.222 3 4.217 3 4.212 2 1:;;; ; 4.147 3 4,192 3 4.1&7 3 4.182 4 4.177 4 4.172 5 4.167 6 4.162 7 4.157 8 4.152 9 4.148 1 ::::i :

10 11 12 ::

1.031 4 l-031 4 1.031 5 l-031 6 1.031 7 1.031 7 1.031 8 1.031 9 1.032 0 1.032 1

4.681 7 4.675 5 4.669 3 4.663 1 4.656 9 ::::: : 4.638 5 4.632 4 4.626 3 4.620 2 4.614 2 4.608 1 4.602 1 4.596 1 4.590 1 4.584 1 t:::; ; 4.566 3 ;:g!j "; 4.548 6 4.542 8 4.536 9 4.531 1 I:::: : 4.513 7 4,507 9 4.502 4.496 4.490 4.485 4.479 2 4 7 0 3

20 21 f: 24 25 26 ii 29 30 31 ii 34 E 37 38 39

1.032 1 %13 : :xz t

50 51 52 :: 55 g 59 60
I

1.034 5 :::i: t 1.034 7 1.034 8 1.034 9 ::::: 8 1.035 1 1.035 2 1.035 3

4.473 6 ::4:; ; 4.456 6 4.451 0 4.445 4 Sec.

__i _
I

4.133 6

sec.
`

csc.

103" (283")

(2

`) 76"

104' (284")

(235') 75' (Continued) .

118

SP : 8 - 1970
i")
I

TABLE 7B NIATURAL FUNCTIONS - SECANTS AND COSECANTS - Contd (343") 163' 17" (197") 16' (196") (34 I") 164' Sec.

(342") 162"

T

CSC.

, 7 5 3 2 0 0 : :

Sec.-

csc.
3'628 0 3.624 3 3.620 6 3.616 9 3.613 3 3.609 7 3.606 0 3.602 4 3.598 8 3.595 1 3.591 5 ;::II: ; 3.580 8 3.577 2 ::::; 8 3.566 5 3562 9 3559 4 355.5 0 3.552 3 3.548 8 3.545 3 3.541 8 3.538 3 3,534 8 3.531 3

I

, 0 :: :

Sec.

csc.
3.420 3 3.417 1 3.413 8 ::tg 5 3.404 1 ":::g ; 3.394 5 3.391 3 3,388 1 ::::`: 7' 3.378 5 3.375 4 3.372 2 3.369 1 3.365 9 3.362 8 3.359 6 3.356 5 3.353 4 3.350 2 3.347 1 3.344 0 3.340 9 ::::i 7" 3.331 7 3.328 6 3.325 5 3.322 4 3.319 4 3.316 3 3.313 3 3.310 2 3.307 2 3.304 2 3.JOl 2 3.298 1

0 1 : 4

I.035 3 l-035 4 ::x;: `: I.035 6 1.035 7 ::8:: t I.035 9 1.036 0

3.863 3.859 3.855 3.851 3.847

la40 3 I*040 4 lfI40 5 IMO 6 I.040 6 I*040 7 1+40 8 la40 9 la41 0 IWI 1

la45 9 I.046 0 1.046 1 I.046 I.046 I.046 1.046 I.046 2 3 3 4 5

::z: i

3-842 8 :`:x ;I 31830 4 3.826 3 10 :: :: 3.801 8 3.797 8 3.793 7 %Z ::

55 :: 52 51 50 :: 47 46

:: :: 14

1.036 1 I.036 2 :z: 33 I.036 4

la41 2 la41 3 1.0413 I*041 4 la41 5 I+)41 6 la41 7 :z: : l&2 0

1 G6 6 1.046 7 1.046 8 ::z; f: 1.047 1 ::z:; I.047 4 1.047 5

20 I: t: 1.037 3 I.037 4 1.037 5 ::xz 4

3.781 7 3-777 7 3.773 7 3.769 7 3,765 7 3.761 7 ;:::j ; 3.749 8 3.745 9 3.742 0 3.738 1 3.734 1 3.730 2 3.726 3

:: :: 24

I.042 IQ42 1.042 1.042 I.042

1 1 2 3 4

40 39 3'; 36

!O !I !2 !3 !4 !5 !6 !7 !8 !9 ;0

I+47 6 I.047 7 :::7'; I.048 0 ,048 0 .048 1 a48 2 ,048 3 .048 4 @I8 ,048 a48 +48 ,048 5 6 7 8 9

1.042 5 ::tZ 4 la42 8 1.042 9 30 31 :z 34 I.042 9 1.043 0 1.043 1 I.043 2 I.043 3 1.043 4 lG43 5 ::z: 4 I.043 8 I.043 9 I.043 9 ;:g y l&42 L5 :1" 18 $9 50 51 52 53 $4 55 56 57 j8 59 bo I.044 3 la44 la44 5 ::zz I.044 8 1.0449 ::Z: 8 1.04s 1 ::z:: ::::: 1.045 6 I.045 7 csc.

3.514 0 3.510 6 3.507 2 3,503 7 3.500 3 3.496 9 3.493 5 3.496 1 3-486 7 3.483 3 3.479 9 3.476 6 3.473 2 3.469 9 3,466 5 3.463 2 3.459 8 3.456 5 3.453 2 3,444 9 3446 5 3443 2 3.439 9 3.436 7 3.433 4 3.430 1 3.426 8 3.423 6 :: :: 21 20 :; 17 16 15 14 :; 11 10 5 : : ; 1 0 I

~1 i3 `4 i5 86 17 18 `9

35 :f 38, 39

1.038 2 : :% : I.038 4 1.038 5 : :::: ; 1.038 8 1.038 8 I.038 9

3.722 5 3.718 6 :::;`o ;: 3.707 0 ::g; : 3.695 5 3.691 7 3.687 9 3.684 0 3.680 3 3.676 5 3.672 7 3.668 9 3.665 2 3.661 4 3.657 6 3.653 9 3.650 2 3.646 5 3.642 7 3.639 0 3-635 3 3.631 6 3.628 0
_

1.049 0 1.049 1 I.049 2 1.049 3 1.049 4 I.049 I.049 I.049 I.049 I@49 5 6 7 8 9

45 :; 48 49 50 51 :: 54 55 56 57 58 s9 60

I.039 0 I.039 1 1.039 2 I.039 3 I.039 4 I.039 4 1.039 5 : `Z'9 ; 1:039 8 ::zz; ::%!I ? I%0 2 la40 3
CSC.

:5 :! :; IO : :.

1.050 0 I.050 1 1~050 2 I.050 3 I.050 4 1,050 5 I.050 6 1,050 7 1.050 8 I.050 9 I.051 0 1.051 1 1.051 2 1,051 3 1~051 4

3.280 1 3.277 2 3.274 2 ;:;;3:, f 3.265 ? 3.262 4 3.259 4 3.256 5 3.253 5 3.250 6 3.247 7 3.244 8 3.241 9 3.239 0

-

3.420 3
Sec.

IO

1.051 5

-

3.236 1

1
i

Sec. (254') 74" 106"

16")

(253") 73'

7O)

(252", 72

119

SP : 8 - 1970
18" (198") TABLE 7B NATURAL FUNCTIONS - SECANTS AND COSECANTS - Cnntd (340") 1600 (341") 161" 19" (1990) -~ - 200 (200") Sec. I.051 5 1.051'6 I.051 7 ::i:t t (339") 159"

,

csc.
3.236 1 3.233 2 3.230 3 3.227 4 3.224 5 3.221 7 ;:`2:: t 3.213 1 3.210 2

I

Sec. .I,,057 6 ,057 7 : 1 :8:: ij 1 .058 0 .058 2 .058 3 .058 4 :o":s" ;

csc.
3.071 6 3.069 0 3.066 4 3.063 8 3.061 2 %:: ; 3.053 5 3.050 9 3.048 4 "3:z: : 3.040 7 3.038 2 3.035 7

I

Sec. 1.064 2 I.064 3 z::: I.064 6 I.064 I.064 I.065 I.065 I.065 I.065 la65 I.065 la65 I.065 7 9 0 1 2 3 4 5 7 8

ccc.

-

0
:

1%: f 2:919 1
t:"g;: f

:

IO ::. 13 14

I.052 I.052 I.052 I.052 I.052

5 6 7 8 9

%i: 3.201 7 3.198 9 3.196 0 3.193 2 % fJ 31184 8 3,182 0

10 ::. :: 15 :; :i 20 ;: 2':

1 .058 7 1 ~058 8 1 .058 9 I.059 0 I.059 1

z% 2&6 0 2@93 8 2.891 5 2.880 2 2.886 9 2.884 6 %:$i : 2.877 9 2.875 6 2.873 3 2.871 1 2.868 8

: odjjz t

I.059 4 I.059 5 I*059 7 I.059 8 1.059 9 I.060 0 I*060 1 If%0 2

15 16 i's 19 20 21 22 ;: 3aO8 1 3.005 6 3.003 1 3mO7 2.998 2 30 31 i: 34 2.983 5 2.981 1 2.978 6 2.976 2 2.973 8 2.971 3 2.968 9 2.966 5 2.964 1 2.961 7 2,959 3 2.956 9 2.954 5 2.952 1 2.949 8 2.947 4 z:: : 2.940 3 2.937 9 2.935 5 2.933 2 2.930 8 2.928 5 2.926 1 2,923 8 50 ::. 53 54 55 56 57 :z 60 35 :; 38 39 40 41 :: 44 I.068 8 I.068 9 1.069 0 I.069 1 I.069 2 ;:z;: 1.069 6 I.069 7 I.069 8 1.070 0 1.070.1 I.070 2 I.070 3 1.070 4 I.070 5 1.070 7 I.070 8 I.070 9 I.071 0 I.071 1 I.067 0 I.067 1 1.067 3 I.067 4 I.067 5 I.067 6 %S ;: I.068 0 I.068 1

20 22: ;: 25 26 25 30 31 :: 34 35 :; :; 40 4: 43 44 :i 47 48 49 50 :: ::

I.053 5 : :::i ; i % 98 I.054 0 1.054 1 ::::t z I.054 4 I.054 5 %:: 6 1.054 i I.054 9 cx:: : :`8:: s I:055 4 1.055 5 I.055 6 _ ;: ; $2 I.055 9 I.356 0 1.056 1 I.056 3 ::::t 2 ::zt; 1.056 8 I.056 9 I.057 0 1.057 1.057 I.057 1.057 I.057 1 2 3 4 5

3.179 2 3.176 4 :*::i z 3:168 1 3.165 3 3.162 5 3.159 8 ;:t:: i 3.151 5 3.148 8 3.146 1 3.143 3 3.140 6 ::;:: 4 3.132 5 3.129 8 3.127 1 ;::;: ; 3.119 0 3.116 3 3.113 7 3.111 0 -,; ::g 3.103 0 3.100 4 3.097 3.095 3.092 3.089 3.087 7 1 5 8 2

la60 I.060 I.060 I.060 I.060

3 4 5 6 7

I.060 8 I.061 0 I.061 1 I.061 2 I.061 3 35 :: :9" 40 41 :3 44 ::, fi 49 50 :1 5: 55 :; 58 59 60 1.061 4 I.061 5 I.061 6 I.061 7 1.061 8 :8t; ; I.062 2 I.062 3 I.062 4 1,062 5 I.062 6 ;:g;; I.062 9 I.063 I.063 I.063 I.063 I.063 1 2 3 4 5

2.855 5 2.853 2 %i z 2.846 6 2.844 4 2.842 2 2.840 0 2.837 8 2.835 6 4:::: ; 2.829 1 2.826 9 2.824 7 2.822 5 2.820 4 ;:;;; ; 2.813 9 2.811 7 2,809 6 2.807 5 2.805 3 2.803 2 2.801 0 2.798 9 2.796 8 2.794 7 2.792 5 2.790 4 Sec.

3.084 6 3.082 0 %Z ii 3.074 2 3.071 6

IGb3 6

I.063 7 I.063 8 I.064 0 1.064 ! 1 a064 2

60 ,

1.057 6 --._
CSC.

csc.
(251") 71 19' (289") (250') 70' 110"

csc.
900)

18")

(24
(Continued)

SP:8-1970
TABLE 7B 1331

hITTtlW

FW&l"ONS _ SECANT$J ANip COSECANTS - Cod (337 ) 157 23' (203") Sec.

(336') 156"

sec.
I*071 1 I.071 3 %: iO71 6 ::i$: ; %a Y I.072 2 I.072 3 I.072 5 :% 7" I.072 8

CSC. -_

csc.

a:::::

I
9 0 1 2 3

'

Sec. :%i :
1.086 9 I.087 0 :`z: : 1 IO87 4 I.087 6 I.087 7 I.087 8 ::% 7 I.088 3 I.088 4 I.088 5 ::ii:; I.088 9

csc.
2.559 3 9:::: t 2.554 1 25523 2:547 ;*::t f 1 2.545 4 2.543 6 2.541 2*5402 ;*:z 3 2:535 0 9

' 0 :I: 57 56 :: :3 51 50 ii z

I-

2.665 6

60

:i :i

2.782 0 3:;::: i 2.775 7 3:::: s 2.769 5 2.767 4 2.765 3 34% 22 2.759 1 ;;:: g 2:7i2 9 2.750 9 :::;z t la30 1 I.080 2 I*080 3 I.080 4 : 8:: 4 I:080 8 I.081 0 I.081 1 :*xi: : Ii81 5 I.081 6 25 I.081 7 ::iZ: ; l.OS2 1 I.082 3 2.728 5 2.726 5 2.724 5 f:% : 1.082 4 I.082 5 :`xIIi I:082 9

;:z: i 2.659 2.658 2.656 2.654 2.652

::gt t

S5 54 53 52 51

2.533 3 U 2.531 6 44 2.529 9 43 :::2': 3 t:

I.073 I.073 I.073 I.013 1,074

6 7 8 9 0

2.748 8 KG 2:742 7 2.740 7

2.631 6 2.629 8 2;627 9 2.626 0 2.624 2 2.622 3 2.620 5 2.618 6 2.616 8 2.615 0

40 39 38 37 36 35 34 33 32 31 25 g 29

I.089 1 I.089 2 :`zx : Ii89 6 I.089 8 1 a089 9 : :x3 4 I.090 3 ::X;: d I.090 7 I*090 9 la91 0 Ial 1 la91 3 ::% `: 1.0917 2.514 6

I.074 2 I.074 3 I.074 4 1 a074 s I.074 7

2ca6 3 E
3": 31 30 29 28 ii

3:::: f 2509 5 2.507 8 2.506 2 2.504 5 x:::: 2"

2.613 1 30 I% : 29 28 2.607 6 27 2.605 8 26 2.6040 25 2.602 2 24 "2:% : 3; 2.596 7 21

2.708 5 2.706 5 ;::; t 2.700 6 1.076 6 I.076 8 ::K x I.077 1 1 a077 3 : 1;;; : I.077 7 I.077 8 I.077 9 ::% I.078 3 1.078 4 I.078 5 CSC. 111' (291') 2.679 1 m1 2.673 3 26714 2.669 5 58 59 2.698 6 2.696 7 2694 7 i% ;:

I.083 7 I.083 8 I.084 0 I.084 1 I.084 2 ::$i: I.084 6 I.084 8 I.084 9

2.594 9 20 i::;: : ;i 2589 5 17 25877 16 2.585 9 2.584 1 2.582 3 2.580 5 2.578 8 15 14 :; 11 2:tsS: t :3 2.479 7 :: 2478 0 2.4764 11

4:::: i lo 2.573 4 i 2.571 6 7 2.569 9 6 I*085 7 I.085 8 2568 1 5 2566 3 4 2.564 6 : 2.562 8 2.561 1 1 2559 Sec. 3 0 '

I; 52
53

'

2.474 8 2.473 1 2.468 3

10 t 7 6 I: ; 1 6 0

54
55 56 57 58 1.093 9 1 a094 1 I.094 2 ::i% 1 a094 6 csc.

2.466 7 $4":: 40 2.461 8 2.4602 2.458

::E:: I.086 2
I.086 4

59

sec.
(248") 68"

csc.
112' (292")

50 ,

(247 ") 67

3" (293")

(246O) 66 (Cmtinusd)

121

SP : 8 - 1970
24" (204") Sec. 1.094 6 I.094 8 1 .o94 9 I.095 1 1.095 2 1.095 3 I.095 5 I.095 6 I.095 8 la95 9 I.096 1 TABLE 7B NATURAL FUNCTIONS - SECANTS AND COSECANTS - cm& (3350) 155O 25' (2OP) (3340) 154" 26' (206") (333") 153O

csc.
2.458 6 2.457 0 ;:t:: ; 2.452 2 2.450 6 2449 0 ;::: ;: 2444 2 2442 6 2.441 1 2.439 5 2.437 9 2.436 3 2.434 8 ;:2:: : 2.430 0 2.428 5 t:t:; 2.423 2.422 2;420 : 8 2 7

I

I

Sec. I.103 4 I.103 5 :`:;"3 ;: IA04 0 I.104 1 I.104 3 :::$ ;t l*lW 7 ~2.358 8 2.357 4 z:::: ; 2.353 0 2.351 5 2.350 1 2.348 6 2.347 2 2.345 7 2.344 3 2.342 8 2.341 4 2.340 0 2.338 5 2.337 1 z:: 2" 2.332 8 2.331 4 60 59 58 3: 55 5": 52 51 50 ;$ 46 45 :; 42 41 20 21 22 E

Sec. I.112 6 I.112 8 ::t::; I.113 2 I.113 4 ::;z 4 1.113 9 I.114 0 :::t::: 1.114 5 I.114 7 I.114 8 I.115 0 I.115 1 I.115 3 I.115 5 I.115 6 S.115 8 ::;g T I.116 3 I.116 4 I.116 6 I.116 8 :::t!: Y I.117 2 I.1174 I.117 6 I.117 7 I.117 9 1.118 0 ::;:t Z :::::; I.118 9 I.119 0 I.119 2 1.119+ I.1195 I.119 7 l-119 8 ::fZ ; I.120 3 I.120 5 I.120 7 I.120 8 I.121 0 I.121 2 I.121 3 1.121 5 I.121 7 I.121 8 1.12; 9 I.122 2 I.122 3 csc. 116' (296') I -

csc.

'

-

-

IO '9 i8
;7 i6 i5 i4 ;3 i2 il 10 :: :: 15 :; 18 19 LO i9 18 I: 20

-2.269 0 51 2.2677 50 22';;;; 4 9 48 2.263 6 47 2.262 3 46 2.261 0 45 22% 2 4" 2.257 0 42 2.255 6 41 2.2543 2.253 0 2.251 7 2.250 4 2.249 0 40 39 38 37 36

: :XE :
15 16 :;: 19 20 21 ii 24 25 26 25 30 ::. 33 34

I.096 5 I.096 6

:::: Z I.105 2 :::8: S I.105 6 I.105 8 I.105 9 I.106 1 I.106 2 I.106 4 I.106 6 :*::t (: 1:107 0 I.107 2 I.107 3 I.107 5 I.107 6 I.107 8

1 .o96 8 I.096 9 I.097 1 I.097 2 I.097 4 I.097 5 : :8E : 1.097 9 I.098 1 1 SO98 2 ::"o'g"s: I.098 7 1 .o98 8 ::zt; 1.099 2 1 .o99 4 1.099 5 I-099 7 I.099 8 :::z `: I.100 3

;1 23

24

2.419 1 2.417 6 2.416 0 2.414 5 2.413 0

25 26

2: ;
1:::: 2.320 2.318 2.317 : 0 6 2 25 2':: t: 20 19 it 16 30 31

2.247 7 35 2.245 2.246 1 4 z:: ! ::: ::

30

:1 33
2.403 8 t'd8: ; 2:399 2 2.397 7 :8 18 :: 2.388 6 2,387 1 ;:::: f 2,382 6 :: :: 11 10 9 8 ;: 22:;:; t 4:% f 2.367 7 2.366 2 Sec. : ; 1 0 -

34

ii
34 35 :4 z5: 40
41

2.237 2 27 2.235 9 26 2.234 6 25 2.233 3 24 I:;:; t z 2.229 5 21 2.228 2 20 ;`a; 2 ;; 2.224 3 2.223 0 2.221 7 2.220 5 2.2192 2.217 9 2.216 6 :: 15 14 13 12 11

38 39

I
I

I.108 7 I.108 9 I.109 0

2.315 8 2.314 4 "2:::: !z 2.310 1 2.308 8 2.307 4 2.306 0 5% 2" 2.301 8 2.300 4 2.299 0 2.297 6 2.296 2 2,294 9 2.293 5

:`% : .
I.109 5 `I.109 6 :::X; t I.110 1 I*110 2 I*1104 ::::: ; I.110 9 1~111 0 1.111 2 1.111 3 I*111 5 I.111 7 I.111 8 I.112 0 I.112 1 I.112 3 I.1124

40 41 ii 44 45 3$ 49 50 51 52 z: 55 :4 58 59 60 -

I.100 4 I.100 6 I.100 7 I.100 9 1.101 0 I.101 1 I.101 3 I.101 4 I*101 6 I*101 7 1.101 9 I-102 0 I.1022 :::"o; : :::g : I.102 9 1.103 1 1.103 2 I.103 4 csc. 940)

40
41

42 t:
45 :4 48 49 50 51

42 2 45 t; 48 49 50 51 :: 54 55 ;!: 58 59 60

:t :i
10 9 8 2 II.

2.215 3 10 2*214 2.212 8 ;:;;: 3" 2.209 0 2~77

51 ::

1

ii
2 :

55 :;

2.288 0 2.286 6 2.285 3 %:% z

~

:i

I

,
(245') 615' 115" (2950)

I 2.281 2 I"8
Sec.

Sec.

-

I

'

(244") 6~ 6'

(243") 63' (Co&nued)

122

SP:8- 1970
27" !207") TABLE 7B NATURAL FUNCTIONS c SECAN'I AND COSECANTS - Conid (332") 152' 28" (208") (331 "b 151� 29" 1209'1

rs

,
0

-

(33OY 150�

Sec. 1.122 3 1.122 5 1.122 7 1.1228 1.123 0

csc.
2.202 7 2.201 4 92 f% ' 2.197 7 2.196 2.195 2.193 2.192 2.191 4 2 9 7 4

, _-.60 59 :; 56 55 :: 52 51

, --

Sec.

csc.
2.330 1 2.128 9 2.127 7 2.126 6 2.125 4

, ii59 :; 56 :: :; 51

Sec. 2.062 7 2.061 6 2.060 5 60 ::. :; 1.144 3 1.144 5 1.144 6 1.144 8 1.145 0 1.145 2 :`::z t 11145 8 1.146 0 2.057 3 1% : 2.054 0 2.053 0

0

33

4 1.133 4 1.133 6 ::;:: : I.134 2

1.123 5 1.123 7 1.123 8 :::;: S 1.124 3 :::;:: I5 1.124 8 1.125 0 1.125 2 1.125 3 1.125 5 1.125 7 1.125 9 1.126 0 1.126 2 1.126 4 1.126 5 1.1267 1.1270 1.126 9 la'127 2 :::;`7 d :::9: ; 1.128 1 1.128 2 1.128 4 1.128 6 1.128 8 I.128 9 1.129 1 3 1.129 4 :::48: 1.130 0 1.130 1 1.1303

;::::: :::::, 8" 2.119 6 2.118 5 2.117 3 2.116 2 2.115 0 2.113 9 2.112 7 2.111 6 z;t: 21108 2

2.190 2.189 2 0 %. : 2.185 . 2 2.184 0 2.182 8 2.181 5 2.180 3 2.179 1 2.177 9 2.176 6 2.175 4 2.174 2 2.173 O % 5" * 3';:; . ; 2.166 9 2165 2.164 7 5 x: 2.160 9 2.159 2.158 2.157 2.156 2.154 6 4 2 0 9 45 t:: t? 40 39 :; 36 35 34 :; 31 30 29 9; 26 25 24 23 z"T 20 :; :z 15 14 13 :: 10 z ;I 5 4

LO :: 13 14 15 :; 18 19 20 2": 23 24 25 ;7" 28 29

1.134 3 1.134 5 1.134 7 1.134 9 1.135 0

2.048 7 2.047 6 2.046 6 %z: 2.043 4 2.042 3 2.0413 2wo 2 %; T 2:037 1 2.036 0 f:% t 2.032 9 2.031 8 2.030 8 2.029 7 2.028 7 2.027 6 2.026 6 4% s 2.023 5 2.022 5 2.0214

2% 8" 2.049 8

50 49 48 47 46 45 4"

45 z 42 41 40 :;: :; 35 34 i;

:;

18 19

15 16 17 :: 20 31 1: 25 ;67

1.146 1 1.146 3 1.146 5 1.146 7 1.146 9 1.147 1 1.147 3 1.147 4 ::::; t 1.148 0 ::::: f 1.148 6 1.148 8 1.149 0 1 *I49 1 1.149 3 1.149 5 1.149 7

t:
40
39

20 21

1.136 1 I.136 3

`2';:: t ;k t 2.102 5 2.101 4 2*1OO 2 2.099 1 %z"6 x 2.095 7 2.094 6 2.093 5 2.092 4 2.091 3 2.090 1 2.089 0 ;:g",; { 2.085 7 ::x::: 2 2.082 4 2.081 3 2.080 2 2.079 i 2.077 9 2.076 8 z:: :: 2.073 6 2.072 5 2.071 4 2.070 3 2.069 2 2.068 1 2.067 0 ;:g: ; 2.063 7 2.062 7 SC.

43 24

:*::t :
1:136 8 1.137 0 1.137 2 ::;;;: 1.137 7 1.137 9 1.138 1 1.138 3 1.138 4 1.138 6

36

ir:

28

29 30 31 ;i 35 :; 38 39 40 :: ::

35 g 39

1.138 8 1.139 0 1.139 2 ::t;; Z 1.139 7 XX ; :::$:

4% . ; `2% f 2.148 . 9 2.147 7 ; ;`::; * 2.144 2.143 0 1 2.141 8 2.140 6 2.139 2.138 4 2 2.137 1

1.150 9 1.151 0 1.151 2 1.151 4 1.151 6 1.151 8 1.152 0 1.152 2 1.152 4 1.152 6 1.152 8 1.153 0 1.153 2 1.153 3 1.153 5 1.153 7 1.153 9 1.154 1 ::t::: 2.015 2 2.014 2 2.013 2 2.012 2 2.011 2 2.010 1 2.009 1 2.008 1 :::`6 : 2.005 1 2.004 0 2.003 0 2.002 0 2aOl O 2.000 0 _~ Sec. 10 t 7 6

45 t", 48 49

Xi:
1.130 8 1.131 0 :::it: : 1,131 5

::;:: t 1.141 0 1.141 2 1.141 3 1.141 5 1.141 7 1.1419 1.142 1 1.142 3 1.142 4 1.142 6 1.142 8 :::t; s 1.143 4 CSC

15 14 :; 11 10 9 Y 6

45 46 4; 43 50 51

52 ::

:::;; ;
1.132 4 60

2.133 2.132 6 4 2.131 2

; 1 0

1.1326 1 2.130 1

60 -

1.154 7

csc. ___^
117' (297')

Sec.
(242') 62'
D

lb" (298")

(24 123

) 61

(Continued)

SP:8-1970
3o" (2100) TABLE 7B NATURAL FTJNCTIONS - SECANTS AND COSECANTS - Cot& (328') 148' (3290) 149" -32" (212') Sec. I.154 I.154 I*155 1~155 I*155 I*155 I.155 1.156 I.156 I.156 I.156 I.156 I.157 I.157 I.157 15 16 :i 19 20 %: i4: 25 If if I.157 I.157 I.158 I.158 I.158 I.158 I.158 I.159 la9 I.159 7 9 1 3 5 7 9 1 3 5 6 8 0 2 4 6 8 0 2 4 6 8 0 2 4 (327') 147' ' i i -

, 0 : :

csc.

, ii:t :;
55 54 :: 51 50 tt 47 46

Sec. I.166 6 I.166 8 :::"97 II I.167 5 ::tf3; I.168 1 I.168 3 I.168 5 I.168 7 ::t:t `: I.169 3 I.169 5 I.169 I.169 I.170 I.170 I.170 7 9 1 3 5 7 0 2 4 6

csc.
I.941 I.940 I.939 I.938 I.937 I.936 I.936 I.935 I.934 I.933 I.932 I.931 I.930 I.929 I.928 6 7 7 8 9 9 0 1 1 2 3 3 4 5 5

, 0 : : : ii 9 10

SW.

csc.
1,887 1

::E%
I.998 0 1.997 0 I.996 0 :3;: 8 1';;: 8 I:991 0 I.990 0 :3:1: 0" I.987 @ I.986 0 I.985 0 1 a984 0 I.983 0 ::;i: : I.980 I.979 I.978 I.977 I.976 1 1 1 1 2

I.179 2 ::i:; d I.179 8 I.180 0 I.180 3 la0 5 I.180 7 1.180 9 I*181 1 I.181 I.181 I*181 I.182 I.182 I.182 I.182 I.182 I.183 1.183 3 5 8 0 2 4 6 8 1 3

Zif 3 z I.8844 57 I.8836 5 6 I.8827 5 5

:`:it' i 3j 1.886 1 52 I . 8 7 9 2 51

:: ::

:zt :
Ii749

f$ :`tE f if
45 44 43 42 41 40 39 38 37 36

4 6

1 a927 6 1.926 7 I.925 8 1924 9 I.923 9 I.923 I.922 I.921 I.920 I.919 I.918 I.917 I.916 I.915 I.914 0 1 2 3 4 4 5 6 7 8

I.8740 I.873 1 I.872 3 I.871 4 I.870 6 I.8697 I.868 8 I.868 0 I.867 1 I.866 3

40 39 :; 36 35 34 ;i: 31 30 29 Et 26 25 1: I: 20 19 :; 16

I.170 I.171 1.171 I.171 I.171

I.183 5 :::fi ZJ I.184 2 I.184 4 1.184 I.184 I.185 I.185 I.185 I.185 I.185 I.186 I.186 I.186 6 8 0 2 5 7 9 1 3 6

I.975 2 I.974 2 I.973 2 :3:; 3 I.970 3 I.969 3 :3tf 4' I.966 4 KG t :::z; s I.162 4 ;:::: : I.963 5 I.962 5 I.961 6 I.960 I.959 I.958 I.957 I.956 .955 *954 a953 .953 .952 6 7 7 7 8 8 9 9 0 0

1.171 8 I.172 0 I.172 2 ::z I.172 8 I.173 0 I.173 2 1.173 5 I.173 7 I.173 9 I.174 1 1.174 3 I.174 5 I.174 7 1.174 9 I-175 1 I.175 3 ::::: t I.176 0 1.176 2 I.176 4 :::;: t

E t :: ::z 3 ;: I.862 0 31
I.861 I.860 I.859 I.858 I.857 2 3 5 6 8 30 29 28 27 26 25 24 23 22 21 20 19 18 17 16

I.913 9 :3:: `: I.911 2 I.910 3 I.909 4 I.908 4 I.907 5 1.906'6 1905 7 1.904 8 ::;x: `: I.902 2 I.901 3 I.900 I.899 I.898 I.897 I.896 I.895 I.895 I.894 I.893 I.892 4 5 6 7 8 9 0 1 3 4 51 :i 54

I.186 8 I.187 0 I.187 3 1.187 5 I.187 7 I.187 9 1.188 1 I.188 3 1.188 6 I.188 8 I.189 0 I.189 2 I.189 5 1.189 7 I.189 9 I.190 1 1.190 3 1.190 6 I.190 8 I.191 0 :::;: t I.191 7 ::f;; 7 60 I.192 4 csc.

1,856 9 1.856 1 I.855 2 I.8544 I.853 5 I.852 7 I.851 9 1.851 0 I.8502 I.8494

: t: 44 45 z 48 49 50 :: :: :: :i 59 60 , -

::fZ t I.163 0 I.163 2 I.163 4 I.163 6 I.163 8 ::1z; I.164 4 I.164 I.164 I.165 I.165 I.165 6 8 0 2 4

I.848 ii :s I.847 7 I.8468 1 3 I.846 0 12 1.8452 11

10 9 ; 6 I.946 3 . .t :*zz 1.943 5 1 a942 5 I.941 6 Sec. (2: `) 55

I.177 I.177 I.177 I.177 I.177 I.178 I.178 I.178 I.178 I.179

0 3 5 7 9 1 3 5 8 0

::%z

1.842 7 1,841 9 t 1.841 0 6 I.8402 5 1.8394 + i-938 5 1.837 7 3 I.836 " 1 I.836 1 0 p-- I

I!

I.165 6 I.165 8 1.166 0 I.166 2 I.166 4 I.166 6 csc.

I.891 5 I.890 6 I.889 7 I.888 8 1.888 0 I.887 1 Sec.

I.179 2

Ql")

(238") 58"

-

122" (302")

I

Sec.

I'

(237") 5 (Continued)

1*

SF: 8 - 1970
TABLE 7B NATUBAL FUNCTIONS - SECANTS AND COSECANTS - Con/d 34'-' (214") (325") 145" 35" (2W) (326') 1%" Sec. (324") 144" CSC. 1.743 4 1.742 7 :z: 1.740 6 1.739 8 1.739 1. ::z $ 1.737 0 1.736 2 l-735 5 : :::t f 1 a733 4 1.732 7 :::33: s 1.730 5 1.729 8 1.729 1 1.728 4 1.727 7 1.727 0 1.726 3 1.725 6 1.724 9 1.724 2 1.723 5 1.722 8 1.722 1 1.721 3 1.720 6 f:;;; .; 1.718 5 1.717 9 1.717 2 1.716 5 1.715 8 1.715 1 :::::: 1.713 0 1.712 3 1.711 6 1.710 9 :::z i .708 8 1.708 1 1.707 5 1.706 8 1.706 1 1.705 4 1.704 7 ZZ Y 1.702 7 1.702 0 1.701 3 Sec. (234") 54' 20 :t 17 16

33"

17 ,

csc.
1.836 1 1.835 3 1.834 4 1.833 6 1.832 8

, --

,

E :f 56
55 :: :: :: 12 ::

Sec. --.-1.206 2 1.206 5 1.206 7 1.206 9 1.207 2 1.207 4 1.207 6 ::%; 1.208 4 1.208 6 1.208 8 1.209 1 1.209 3 1.209 6 1.209 8 1.210 0 1.210 3 1.210 5 1.210 8 1.211 0 1.211 2 1.211 5 1.211 7 1.212 0 1.212 2 1.212 4 1.212 7 1.212 9 1.213 2

csc.
1.788 3 1.787 5 1.786 8 l-794 0 1.785 2 1.7844 1.783 7 1.782 9 1.782 1 1.7814 1.780 6 1.779 9 1.779 1 1.778 3 1.777 6 1.776 8 1.776 1 1.775 3 1.774 5 1.773 8 1.773 0 1.772 3 1.771 5 1.770 8 1.770 0 1.769 3 1.768 5 1.767 8 1.767 0 1.766 3 1.765 5 1.764 8 1.764 0 1.763 3 1.762 5 1.761 8 1.761 0 1.760 3 1.759 6 1.758 8 I.758 1 1.757 3 1.756 6 1,755 9 1.755 1 1.754 4 1.753 7 1.752 9 1.752 2 1.751 5 1.750 7 1.750 0 1.749 3 1.748 5 1.747 8 1.747 1 1.746 3 1.745 6 1.744 9 1.744 2 1.743 4 SW. (235") 55'

I

Sec. 1.220 8 1.221 0 1.221 3 1.221 5 1.221 8 1.222 0 ::;;; : 1.222 8 1.223 0 1.223 3 1.223 5 1.223 8 1.224 0 1.224 3 1.224 5 1.224 8 1.225 0 1.225 3 1.225 5 1.225 8 1.226 0 1.226 3 1.226 5 1.226 8 1.227 1 1.227 3 1.227 6 1.227 8 1.228 1 1.228 3 1.228 6 1.228 8 1.229 1 1.229 3 1.229 6 1.229 9 1.230 1 1.230 4 1.230 6.

--

0
1 2 : f ; 9 :: 12 13 14 :6" ;: 19 20

1.193 5 1.193 7 :::z z 1.194 4 1.194 6 :*:z z ;:;;; ; 1.195 8 :::g t l-196 4 1.196 7 1.196 9 1.197 1 :::;; t 1.197 8 l-198 1 1.198 3 ::tz : 1.199 0 1.199 2 :::z ::1:; %% ;:;Z! ; 1.201 3 1.201 1.201 1.202 1.202 1.202 5 8 0 2 5

1.832 0 1.831 2 1.830 3 1.829 5 1 a828 7 1.827 9 1.827 1 1.826 3 1.825 5 1.824 7 1.823 8 1.823 0 1.822 2 1.821 4 1,820 6 1.819 8 1.819 0 1.818 2 1.817 4 1.816 6 1.815 8 1.815 0 1.814 2 1.813 4 1.812 6 1.811 8 1.811 0 1.810 2 ::KZ t 1.807 8 1.807 0 1.806 2 1.805 5 1.804 7 1.803 9 1.803 1 1.802 3 1.801 5 1.800 7 1.800 0 1.799 2 1.798 4 1.797 6 1.796 8 1.796 0 1.795 3 1.794 5 1.793 7 1.792 9 :::::: 1.790 6 1.789 8 1.789 1 1.788 3 Sec.

30 :1 33 34 25 ;: 22 21 20 19 18 :a

1.213 4 1.213 6 1.213 9 1.214 1 1.214 4 1.214 6 1.214 9 1.215 1 1.215 4 1.215 6 1.215 8 1.216 1 1.216 3 ::;1: t 1.217 1 1.217 3 1.217 6 1.217 8 1.218 1

40 41 42 z

1.230 9 1.231 1 1.231 4 1.231 7 1.231 9 1.232 2 1.232 4 1.232 7 1.232 9 1.233 2 1.233 5 1.233 7 ;:;;; ; 1.234 5

1.202 7 : :% z ::3: d 1.203 9 1.204 1 1.204 3 ::% t 1.205 0 1.205 3 : % :: 1.206 0 1 a206 2 csc.

10 9 ; 6 s ; 1 0 -

50 :: z: 55 56 :: 59 60

1.218 3 1.218 5 l-218 8 1.219 0 1.219 3 1.219 5 1.219 8 ::%: 1.220 5 1.220 8

55 z; 58 59 60 -

1.234 8 1.235 0 1.235 3 1.235 5 1.235 8 1.236 1

2
1 0 -

, (23
) 56

I

csc.

csc.
125" (305")

124" (304")

125

(Continued)

SP : 8 - 1970
36' (216") TABLE 7B NATURAL FUNCTIONS - SECANTS AND COSECANTS - Confd 37" (217") 38"~ (218") (323") 143O (322") 142" (231") 141"

Sec.
1.236 1 1.236 3 1.236 6 ::2233: ;

)

csc. ___1.701 3 1.700 6 1.699 9 1.699 1.698 3 6 1.697 1.697 9 2 1.696 6 1.695 1.695 9 2 1.694 5 1.693 1.693 1.692 9 2 5 1.691 8 1.691 2 1.690 5 1.689 8 1.689 2 1.688 5 1.687 8 1.687 1 1,686 5 1.685 8 1.685 2 1.684 5 1.683 1.683 8 2 1.682 5 1.681 8 1.681 2 1.680 5 1.679 9 1.679 2 1.678 5 1.677 9 1.677 2 1.676 6 I.675 1.675 9 3 1.674 1.673 I.673 1.672 1.672 1.671 1.670 1.670 1.669 1.668 6 9 3 6 0 3 7 0 4 7

] f
60 59 58 57 56 55 :: :: 50 49 48 47 46

I

'

1

Sec.
1.252 1 1.252 4 1.252 7 1.253 0 1.253 2 1.253 5 1.253 1.254 8 1 1.254 1.254 3 6 1.254 9 1.255 2 1.255 4 1.255 7 1.256 0

i

/

CSC.
1.661 6 1.661 0 1.666 4 1.659 7 1.659 1 1.658 5

1

I

8
60 z's 57 1 56 55 54 53 52 51

,
0 : : 5 ; s f: t: 14

Sec. 1.269 0 1.269 1.269 3 6 1.269 1.270 9 2 1.270 5 1.271 1.270 8 0 1.271 I.271 3 6 1.272 1.271 9 2 1.272 1.272 5 8 1.273 1 1.273 1.273 4 7 1 1.274 a274 0 2 1.274 5 1.274 8 1.275 1.275 4 1 1.275 1.276 7 0 1.276 1.276 6 3

csc.

0 : : 5 ; t

I

` 60 59 58 57 56

1.6243 1.623 7 1.623 1 1.622 5 1.621 9

_
; 7 t 10 ;; 14 1.237 1.237 4 6 ::z ; 1.238 4 1.238 7 1.239 1.239 1.239 0 25 1.239 7 I.240 0 1.240 3 1.240 5 1.240 8 1.241 1 1.241 3 1.241 6 1.241 9 1.242 1 1.242 4 I.242 7 ::;t: 4 1,243 5 1.243 7 30 31 i: 34 35 36 37 it 1.2440 1.244 3 1.244 5 1.244 8 1.245 1 1.245 3 1.245 6 :`24:; 1.246 . 4 1.246 7 1.247 0 1.247 2 1.247 5 1,247 8 1.248 0 1.248 3 z:: 8 1.249 1 z: :i 54 55 :; :i 60 , 1.249 1.249 4 7 l-249 1.250 9 2 l-250 5 1.250 8 1.251 1.251 0 3 :f:: . 8 1.252 1 csc.

1.621 3 55 :fz : 54 1.619 5 :: 1.618 9 51

1.657 1.657 8 2 1.656 1.655 S 9 1.655 3 1.654 6 %: 1.652 7 1.652 1 1.651 5 1.650 8 1.650 2 1.649 6 1 ;.W;; * 1.647 1.647 7 1 1.6464 1.645 8 1.645 2 1.644 6 z: 3' 1.642 7 1.642 1 :%I : 1.640 2 1.639 6 1.639 0 1.638 3 1.637 7 1.637 1 1.636 5 1.635 9 1.635 3 1.634 6 1.634 0 1.632 1.633 4 8 1.6322 1.631 6 1.631 0 1.630 3 1.629 7 1.629 1 1.628 5 1.627 9 1.627 3 1.626 7 1.626 1 1.625 5 1.624 9 1.624 3 Sec.

1.617 1 1.616 5 1.615 9

:f:;:

E
48 47 46

1.256 3 1.256 6 1.256 8 1.257 1 1.257 4 t; :: 24 1.257 1.2579 7 1.258 1.258 2 5 1.258 8 1.259 1 1.259 3 1.259 6 1.259 9 1.260 2 30 ii 27 26 25 24 23 22 21 ;Y 32 ii 35 ;i 39 : t: 44 :: tZ 49 10 t z : ;1 0 50 1.260 5 1.260 8 1.261 0 1.261 3 1.261 6

z
43 42 41 40 :; 37 36 35 34 32

:: :i 19 20 i: ;: ifi

1.6153 45 1.6147 4 4 1.614 1 43 1.613 5 42 1.612 9 41 1.6123 1.611 7 1.611 1 1.610 5 1.6099 40 39 38 37 36

1.609 3 35 ::i% ; z: 1.607 6 32 1.6070 31 ::%i 1.605 2 1.6046 1.604 0 1.603 5 :::i Z 1.601 7 1.601 1 it 28 27 26 25 ;: 22 21

15 30 31 i: 34

1~276 1.277 1.277 9 2 5 1.277 8 1.278 1 1.278 1 a278 4 7 1.279 0 1.279 3 1.279 1.279 6 9 1.280 1.280 2 4 1.280 1.281 7 0 1.281 1.281 3 6 1.281 9 I.282 1.282 2 5 1.282 1.283 8 1 1.283 4

1.262 7 1.263 0 l-263 3 1.263 6 ::z ; 1.264 4 1.265 1.264 0 7 1.265 1.265 6 3 1.265 9 1.266 1 I.2664 1.266 7 1.267 0 1.267 3 1.267 6 I.267 9 1.268 2 ::z ; 1.269 0 csc.

B 1.262 4
i:;:;

25

35 i! :i z :z 44

1*6005 :s%S It
1.597 1597 1.596 1.595 l-595 6 1 5 9 3

18 1.598 8 17 1.5982 16 15 14 13 12 11

15 14 13 12 11 10 t 7 6 8 ; 1 0 -. ,

:: :I 49

1.668 1.667 4 1 1.666 1.666 8 1 1.665 5 1.664 9 1.664 1.663 2 6 `1.6623 1.662 9 1.661 6 Sec.

::
53 54

50 1 1.283 7 1.284 0 51 1.284 3 52 1.284 6 :: 1.284 9 55 :; 58 59 1.285 2 1.285 1.285 5 9 1.286 2 1.286 5

1.594 8 10 1.594 2 1.593 6 iii 1.593 0 7 1.5925 6 1.591 9 1.591 3 1 e.590 7 1.590 2 1.5896 1.5890 Sec. : ; 1 0 -

22 :?I 59
60 -

60 1.286 8 - _.~..

'

,

I

126' (306')

(233") 53"

127' (307")

(232") 52".

12w (308")

I

csc.

I

'

(231") 51" !Conftnued)

126

SP : 8 - 1970
39" (219") TABLE 7B NATURAL FU! (320") 140" 40"
I

TIONS - SECAN'I .`S AND COSECANTS - Conid (31'9") 139O 41" (221") Sec. I.305 I*305 I.306 I.306 I.306 4 7 0 4 7 I.555 7 I.555 2 I.554 6 I.554 1 I.553 6 1.553 I.552 I.552 I.551 I.550 .308 6 .308 9 *309 3 0309 6 .309 9 I.550 I.549 I.549 I.548 I.548 0 5 0 4 9 4 8 3 8 2 50 49 t; 46 45 44 t: 41 40 z; 37 36 t: i: 14 15 16 :; 9 !O !I !2 13 !I 15 16 17 !8 :9 30 29 28 :I t4 23 t: I.325 0 I.325 3 I.325 7 I.326 0 1.326 4 I.326 I.327 I.327 I.327 I.328 I.328 I.328 I.329 I.329 1.329 7 0 4 7 0 4 7 1 4 7

(318") 138"
CYC

csc.

I

I

Sec.

-

1 I.2868 I.287 1 I.287 4 I.287 7 I.288 0 I.288 3 I.288 6 I.288 9 : :Zf : I.289 8 I.290 1 ::4;: 3 1.291 0 I.291 I.291 I.291 I.292 I.292 3 6 9 3 6

I.589 0 :::i?" 3 I.587 3 I.586 7 I.586 I.585 I.585 I.584 I.583 2 6 0 5 9

60 59 :; 56

1.524 3 I.523 7 I.523 2 I.522 7 I.522 2 I.521 I.521 I.520 I.520 I.519 7 2 7 2 7

I.583 3 I.582 8 I.582 2 I.581 6 I.581 1 I.580 5 I.580 0 I.579 4 I.578 8 1.578 3 I.577 7 I.577 1 I.576 6 I.576 0 1.575 5 I.574 9 l-574 4 I.573 8 1.573 2 1.572 7 1.572 1 1.571 6 I.571 0 I.570 5 I.569 9 1.569 4 I.568 8 I.568 3 1.567 7 1.567 2 1.566 6 I.566 1 I.565 5 I.565 0 1.564 4 la.563 I.563 1.562 I.562 I.561 I.561 I.560 1.560 I.559 I.559 9 3 8 2 7 1 6 1 5 0 20 :I: :6' 15 14 i3 :T 10 i i .5 4 ; l0 -

I.519 2 I.518 7 I.518 2 I.517 7 1.517 2 I.516 I.516 1~51.5 I.515 I.514 7 2 6 1 6

I.547 7 1 s.547 2 I.546 6 I.546 1 I.545 6 I.311 8 ::33;; ; I.312 8 I.313 1 I.313 l-313 I.314 I.314 I.314 5 8 1 4 8 I.545 0 1.544 5 I.544 0 I.543 5 I.542 9 I.542 4 1.541 9 I.541 3 I.540 8 I.540 3 I.539 8 1.539 2 I.538 7 I.538 2 1.537 7 I.537 I.536 I.536 I.535 1.535 I.534 I.534 I.533 I.533 I.532 I.532 I.531 I.530 I.530 I.529 2 6 1 6 1 5 0 5 0 5 0 4 9 4 9

1.330 1 I.330 4 I.330 7 I.331 1 I.331 4 I.331 I.332 I.332 I.332 1.333 8 1 5 8 1

l-292 9 I.293 2 I.293 5 I.293 8 I.294 1 1.294 4 I.294 7 I.295 0 I.295 3 I.295 7 I.296 I.296 I.296 I.296 I.297 0 3 6 9 2

I.514 1 I.513 6 I.513 1 1.512 6 I.512 1 I.511 I.511 I.510 I.510 I.509 I.509 I.508 I.508 I.507 I.507 I.506 I.506 I.505 I.505 I.504 I.504 I.503 I.503 I.502 I.502 6 1 7 2 7 2 7 2 7 2 7 2 7 2 7 2 7 2 7 3

I.333 5 1.333 8 I.334 2 I.334 5 I.334 8 I.335 I.333 I.335 I.336 I.336 2 5 9 2 6

1.315 1 1.315 4 I.315 7 I.316 ? I.316 4

1.297 5 1.297 8 I.298 1 I.298 5 I.298 8 I.299 1 I.299 4 1.299 7 I.300 0 I.300 3 45 46 z I.300 I.301 I.301 I.301 I.301 7 0 3 6 9

Zf f : 1.317 4
I.317 7 I.318 0 I.318 I.318 I.319 I.319 I.319 4 7 0 4 7

I.336 9 I.337 3 l-337 6 I.338 0 I.338 3 I.338 I.339 I.339 I.339 I.340 I.340 I.340 I.341 I.341 I.341 6 0 3 7 0 4 7 1 4 8

1.320 0 1.320 3 I.320 7 1.321 0 1.321 3 I.321 I.322 I.322 I.322 I.323 7 0 3 7 0

I.501 8 1.501 3 1.500 8 l.Soi) 3 1.499 8 1.499 3 I.498 8 1.498 4 1.497 9 1.497 4 I.496 I.496 I.495 I.495 I.495 9 4 9 4 0

1.302 2 I.302 6 1.302 9 I.303 2 1.303 5 55 56 57 $8 59 1.303 8 I.304 1 I.304 5 1.304 8 I.305 1 1.305 4

1.529 4 :::5: ; 1.527 8 I.527 3 I.526 8 I.526 3 I.525 8 I.525 3 1.524 8 1.524 3 Sec. (22 49

1.342 1 I.342 5 I.342 8 I.343 2 1.343 5 I.343 9 I.344 2 ::z 8 I.345 3 1.345 6

I.558 4 1.557 9 I.557 3 I.556 8 I.556 3 1.555 7

1.323 3 I.323 7 I.324 0 I.324 3 1.324 7 I.325 0

I.494 5 Sec. (228") 48"

sec.
129" (309") 72?0") 5o"

,

csc.

,

csc.

131" (311")

-

127

SP : 8 - 1970
42' (222") Sec. TABLE 7B (317 iTURAL FUNCTIONS - SECANT`S AND COSECANTS - Confd 1370 43" (223") 44' (224") (31( 5") 136" (315") 135"
I

-

csc.
6 0 3 7 0 1.494 5 1,494 0 1.493 5 1.493 0 1.492 5 1.492 1 1.491 6 1.491 1 1.490 6 I.490 1 :=:;; I.488 7 1.488 2 1.487 8 1.487 3 I.486 8 I.486 3 1.485 9 I.485 4 1.484 9 1.484 4 I.484 0 I.483 5 1.483 0 I.482 5 1.482 1 I.481 6 1.481 1 1.480 7 1.480 2 I.479 7 1.479 2 I.478 8 1.478 3 I.477 8 :=;; ;: I.476 4 1.476 0 1.475 5 I.475 0 I.474 6 I.474 1 1.473 7 1.473 2 I.472 7 1.472 3 1.471 8 I.471 3 1.470 9 1.470 4 ::::t i I.469 0 1.468 6 1.468 1 1.467 7 I.467 2 I.466 7 1.466 3 Sec. 1.367 3 1.367 7 1.368 1 ::itf ;: l-369 2 ::i:x 8 I.370 3 1.370 7 1.371 1 :::77: i I.372 2 I.372 6 :zi I: 1.373 7 1.374 1 1.374 4 I.374 8 I.375 2 z:: 8 1.376 3 I.376 7 1.377 1 1.377 5 I.377 8 I.378 2 1.378 6 I.379 0 I.379 4 1.379 7 1.380 1 1.380 5 1.380 9 I.381 3 1.381 7 1.382 0 :8"8"2: 1.383 i I.383 6 1.384 0 I.384 3 1.384 7 I.385 1 I.385 5 1.385 9 1.386 3 I.386 7 1.387 1 1.387 4 1.387 8 I.388 2 I.388 6 1.389 0 ::% ;: 1.390 2 csc.

csc.
1.466 3 1.465 8 1.465 4 I.464 9 1.464 5 1.464 0 1.463 5 1.463 1 1.462 6 1.462 2 :`::: : 1 I460 8 1.460 4 1.459 9 1.459 5 1.459 0 1.458 6 1`458 1 1.457 7 1.457 2 I.456 8 1.456 3 I.455 9 1.455 4

,

,
I.390 2 I.390 6 I.390 9 1.391 3 I.391 7 1.439 6 1.439 1 I.438 7 I.438 3 I.437 8 `1 a437 4 1.437 0 1.436 5 1.436 1 I.435 7 1.435 2 1.434 8 1.434 4 1.434 0 1.433 5 1.433 1 1.432 7 1.432 2 1.431 8 1.431 4 :::i:: 1.430 1 I.429 7 1.429 3 I.428 8 I.428 4 1.428 0 I .427 6 1.427 1 1.426 7 1.426 3 1.425 9 1.425 S 1.425 0 I.424 6 1.424 2 1.423 8 1.423 4 1.422 9 1.422 5 1.422 1 1.421 7 I.421 3 1.420 8 1.420 4 I.420 0 1.419 6 1.419 2 I.418 8 1.418 3 1.417 9 1.417 5 1.417 1 1.416 7 I.416 3 I.415 9 I.415 4 1.415 0 1.414 6 1.414 2 Sec.

0

a :

I.345 1,346 1.346 I.346 I.347

60

:z

57 56 55 ::: :3

1.347 4 1.347 8 I.348 1 1.348 5 1.348 8 :: 1: 14 :: I.349 2 1.349 5 ::::; f 1.350 6 1.351' I.351 3 1.351 7 1.352 0 1.352 4 1.352 7 I.353 1 1.353 5 1.353 8 I.354 2 1.354 5 ;:;g ; I.355 6 I.356 0 ;: :: 34 35 3"; 38 39 40 41 t: 44 1.356 3 1.356 7 I.357 1 I.357 4 1.357 8 1.358 2 1.358 5 1.358 9 1.359 2 I.359 6 1.360 0 I.360 3 1.360 7 1.36; 1 1.361 4 1.361 8 I.362 2 1.362 5 1.362 9 1.363 3 50 51 :: 54 I.363 6 1.364 0 1.364 4 1.364 7 1.365 1 1.365 5 1.365 8 1.366 2 1.366 6 1.367 0 60 I.367 3

55 g 51 50 49 48 47 46 z 43 42 41 20 21 24 35 ::: 32 31 25

1.392 1 1.392 5 1.392 9 I.393 3 I.393 7

12 13 14

::

1.394 1 I.394 5 ::GZ; 1.395 7 1.396 1 1.396 5 1.396 9 1.397 2 I.397 6 1.398 0 1.398 4 1.398 8 1.399 2 1.399 6 1.4000 1.400 4 1.400 8 1,401 2 1.401 6 1.402 0 I.402 4 1.402 8 1.403 2 1.403 6 1.4040 1.4044 1.404 8 1.405 2 1.405 7 1.406 1 1.406 5 1.406 9 1407 3 1407 7 1.408 1 I.408 5 1.408 9 1.409 3 1.409 7

f ;:

19 :;" :z 24

40 :t 37 36 35
34

I; 28
29 30 :: 3": 35 i! 38 39

3": 31
30 29 3; 26

1.452 7 1.452 3 I.451 8 I.451 4 1.451 0 1.450 5 1.450 1 1.449 6 1449 2 1448 7 1448 3 1447 9 1447 4 1447 0 1446 5 1446 1 144s 7 I.445 2 1444 8 1.444 3 I.443 9 I.443 5 1.443 0 I.442 6 I.442 2 I.441 7 14413 1440 9 1.440 4 1.440 0 I.439 6 Sec.

30 29 28 27 26 25 24 ii 21 20 19 18 :i 15 14 13 12 11 10 9 I: 6

20 :I: 17 16

I

50 51 :: 54 55 z; 58 59 60 ,

1.410 1 1.410 5

:`t:z

1:411 8 I.412 2 1.412 6 I.413 0 I.413 4 I.413 8 1.414 2 __csc.

csc. 2")

(226") 46'

134O (3140)

(225") 45"

SP:8- 1970

TABLE 8 Deg. Arc. Deg. Arc.

LENGTHS OF CIRCULAR ARCS

Deg.
121 122 123 124 125 126 127 128 129 130 131 132 133 134 135 136 137 138 139 140 141 142 143 144 14s 146 147 148 149 150 151 152 153 154 155 156 157 158 139 160 161 162 163 164 165 166 167

.4rc.

Min.

Arc. x 10-1 2909 5 818 8 727 11 636 14 544

sec.

Arc. x10-7 48 1:: 194 242

*017 453 3 -034 906 6 :g; ;;; ; 0087 266 5 .104 719 8 .122 173 0 .139 626 3 *157 079 6 .174 532 9 11 12 :: 15 16 17 18 :z 21 z 24 25 r ::g ;;$z .226 8b2 8 .244 346 1 .261 799 4 .279 252 7 .296 706 0 .314 159 3 .331 612 6 .349 065 9 .366 519 1 *383 972 4 401425 7 .418 879 0 -436 332 3 .453'785 6 .471 238 9 .488 692 2 .506 145 5 -523 598 8 :: 33 3": z: 38 39 40 .541 .558 .575 .593 .610 052 505 958 411 865 1 4 7 9 2

61 62 z 65

! +b4 650 8 1.082 104 1 1.099 557 4 1.117 010 7 1.134 464 0 1.151 917 3 1.169 370 6 1.186 823 9 1.204 277 2 1.221 730 5

2.111 8484 2.129 301 7 2.146 755 0 2.164 208 3 2.186 611 6 2.199 114 9 2.216 568 2 2.234 021 4 2.251 474 7 2.268 928 0 2.286 381 3 2.303 834 6 2.321 287 9 2.338 741 2 2.356 194 5 2.373 647 8 2.391 101 1 2.408 554 4 2.426 007 7 2443 461 0 2.460 914 2 2.478 367 5 2.495 820 8 2.513 274 1 2.530 727 4 2.548 180 7 2.565 634 0 2.583 087 3 2,600 540 6 2.617 993 9 2.635 447 2 2.652 900 5 2.670 353 8 2.687 807 0 2.705 260 3 2.722 2.740 2.757 2.775 2.792 7-l 3 6 166 9 620 2 073 5 526 8 :: :: 35 :; 38 39 40 41 b: 44 4.5 tf :t 50 :: 53 54 5.5 56 57 :t 60 Min. 2:. :: 25 6 : 9 10 :: 13 14 15

17 20 23 26 29

453 362 271 180 089

6 ; 9 10 :: :: 15 16 17 18 ::

291 339 388 436 485 533 582 630 679 727 776 824 873 921 970 1 018 1 067 1115 1164 1212 1 261 1309 1 357 1406 1454 1 so3 1 551 1 599 1648 1 697

;: 73 :: Z! 78 79 80

1.239 183 8 1.256 637 1 1.274 090 4 1.291 543 6 1.308 996 9 1.326 450 2 1.343 903 5 1.361 356 8 1.378 810 1 1.396 263 4 1.413 716 7 1.431 1700 1448 623 3 1.466 076 6 1.483 529 9 1.500983 2 1.518 436 4 1.535 889 7 1.553 343 0 1.570 796 3

31 998 34 907 37 815 40 724 43 633 46 542 49 451 52 360 5.5 269 58 178 61 087 63 995 66 904 69 813 72 722 75 631 78 540 81 449 84358. 87 266 90 175 93 084 95 993 98 902 101 811 104 720 107 629 110 538 113 446 116355 119 264 122 173 125 082 127 991 130900 133 809 136 717 139 626 142 535 145 444 148 353 1512f2 154 171 157 08L 159 989 162 897 165 806 168 715 171 624 174 533 AX.

91 `22 93 z 96 97 ;r: 100 101 102 103 :!z 106 107 108 109 110 111 112 113 114 11s 116 117 118 119 120 Deg.

1.588 249 6 1.605 702 9 1.623 156 2 1.640 609 5 1.658 062 8 1.675 516 1 1.692 969 4 1.710 422 7 1.727 876 0 1.745 329 3 1.762 782 5 1.780 235 8 1.797 689 1 1.815 142 4 1.832 595 7 1.850 049 0 1.867 502 3 1.884 955 6 1.902 408 9 1.919 862 2 1.937 315 5 1.954 768 8 1.972 222 0 1.989 675 3 2.007 128 6 2.024 581 9 2.042 035 2 2.059 488 5 2.076 941 8 2.094 395 1 Arc.

.6283185 -645 771 8 .663 225 1 .680 678 4 .6981317 .715 .733 .750 .767 .785 585 0 038 3 491 6 944 9 398 2 851 5 304 7 758 0 211 3 664 6 117 9 571 2 024 5 477 8 931 1

36 37 38 39 40

1 745 1 794 1 842 1 891 1 939 1 988 2 036 2 085 2 133 2 182

2.809 980.1 ;`;z ;;; ; . 2.862 340 0 2.879 793 3 2.897 246 6 2.914 699 9 2.932 153 1 2.949 606 4 2.967 059 7 2.984 513 0 3.091 966 3 3.019 419 6 3.036 872 9 3.054 326 2 3.071 779 5 3.089 232 8 3.106 686 1 3.124 139 4 3.141 592 7 AX.

z 48 49 50 :: 53 54 55 56 :: 59 60 Deg.

.802 .820 .837 .855 .872 .890 .907 .925 .942 -959

:2: 170
171 172 173 ::: 176 177 -178 179 180

:; 48 49 50

2 230 2 279 2 327 2 376 2 424 2 473 2 521 2 570 2618 2 666

.977 384 4 +I4 837 7 1.012 291 0 1.029 744 3 1.047 197 6 Arc.

3; 58 59 60 SeC.

2 715 2 763 2 812 2 860 2 909
AI-C.

Deg.

129

SP:8-1970

TABLE 9 RADIANS TO CIRCULAR FUNCTIONS D EGREES A-----. b.573. O"34' I.146 10 9' I.719 l"43' 2.292 2"18' 2.865 3.438 4.011 4584 5.157 5.730 6.876 8.022 9,167 IO.31 II.46 12.61 13.75 1490 16.04 17.19 18.33 19.48 20.63 21.77 22.92 24.06 25.21 26.36 27.50 28.65 29.79 30.94 32.09 33.23 34.38 35.52 36.67 37.82 38-96 40.11 41.25 42.40 43.54 44.69 2"52' 3"26' 4" 1' 4"3S' so 9' S"44' 6'53' 8" 1' 9"lO' lO"l9' ll"28' 12'36' 13"45 14"S4 16' 3' 17"ll' 18'20 19'29' 20"38' 21�46' 22*5s 24" 4' 25'13' 26'21' 27'30' 28'39' 29'48 30.56 32" 5' 33O14' 34'23' 3S031' 36'40 37"49' 38'58' 4ow6 41VlS' 42'24' 43'33' 44Yl' SIN. *OlO a020 ,030 -040 0 0 0 0

cos.
l*oal
999 8 -999 6 9992 *998 7 998 2 997 5 -996 8 *99s 9 *99.5 0 -992 8 990 2 *987 2 a983 8 -980 1 -97s 9 -971 3 9664 *961 1 -955 -949 -942 -935 *928 3 2 7 9 7

TAN.

tADIANS

D EGREES I .4584 46-98 48.13 49.27 SO.42 51.57 52.71 53.86 55-00 56.15 57.30 5844 59*59 m74 61.88 63.03 64.18 65.32 66.47 67.61 68.76 69.91 71.05 72.20 73.35 74.49 75.64 76.78 77.93 79.08 80.22 81.37 82.52 83.66 SCSl 85.95 87.10 88.25 89.39 90' 6 4S"So'~ 46"59' 48"08' 49'16' SO"25' HO34 52"43' 53OSl' 55" 0' 56" 9 57'18' 58"27' S9"35' 6O"U 61'53' 63" 2' 64"lO' 65"19' 66'28' 67'37' 68'45' 69"54 71�03' 72'12 73"20 74-29' 75"38 76"47' 77"SS' 79"cM' SOY3 Sl"22 82"30' 83'39' 84Y8 8YS7 87"OS' 88"14' 89"23'

SIN. -717 4 -731 2 -744 6 ~757 8 -770 7 -783 3 -795 6 -807 6 -819 2 -830 5 a415 -852 1 a62 4 *872 4 *8a2 0 -8912 +OOl *9086 -916 8 -924 6 -932 0 *939 1 945 8 -952 1 -958 0 -963 6 -968 7 -973 5 0977 9 ~981 8 .98S 5 -988 7 9915 *993 9 e99.5 9 -997 5 -998 7 -999 5 -999 9

cos.
-6% 7 -682 2 -667 s a652 4 -637 2 -6216 as d e.589 8 -573 5 -557 0 -540 3 *S23 4 *so62 *488 9 ,471 3 a453 6 -435 7 -417 6 *399 3 -380 9 *362 4 *343 7 ~324 8 -305 8 *286 7 a67 5 -248 2 -228 7 -209 2 -189 6 *I70 0 -150 2 *130 4 *I10 6 ,090 7 -070 7 .oso 8 a030 8 -010 8

TAN. l-030 1.072 l-116 l-162 l-210 l-260 l-313 t-369 l-428 l-491 l-557 l-628 l-704 I.784 1.871 1.965 2.066 2.176 2.296 2427 2.572 2.733 2.912 3.113 3.343 3.602 3.903 4.256 4.673 5.177 5.798 6-581 7.602 8.989 IO.983 14.110 19.670 32.461 92.621

-010 0 -020 0 -030 0 a400 -050 0 -060 1 *070 1 *080 2 a0 2 -100 3 -120 6 -140 9 -1614 *182 0 -202 7 *223 6 .244 7 -266 0 -287 6 a309 3 -3314 -353 7 *376 4 *399 4 a422 8 4466 .470 8 *49s 4 520 6 ..546 3 -572 6 e.599 4 .626 9 -655 2 *684 1 *713 9 -744 5 -776 1 *8087 -842 3 -877 1 *913 1 -950 5 -989 3

40
-82

44 46
48 40 *92 *94 -96 -98 t-00 1.02 la4 la6 1-0s -1.10 l-12 1.14 1.16 1.18 1.20 l-22 1.24 1.26 1.28 1.30 1.32 t.34 1.36 1.38 140 I.42 144 l-46 148 l-50 1.52 l-51 154

*OS0 0 -060 0 -069 9 -079 9 -089 9 Q99 8 *1197 *I39 5 -159 3 -179 0 -198 7 118 2 *2?7 7 -257 1 -276 4 -295 5 *314 6 -33; 5 -352 3 *370 9 *389 4 407 8 .425 9 -443 9 4618 -479 4 ~496 9 -514 1 ml 2 -548 0 564 6 -5810 597 2 *613 1 -628 8 -6442 ~659 4 -674 3 -688 9 *703 2

a921 1 -913 1 9047 a896 1 a887 0 a877 6 -867 8 -857 7 a847 3 ~836 5 *a25 3 .813 9 m21 a790 0 -777 6 *764 8 -751 i3 -738 s *724 9 -710 9

130

TABLE 10 POWERS AND SQUABE
NO. x

ROOTS S;lualm ROOT OF
RECIPROCAL

SQUARE
XI

CUBE 9

F OURTH POWER x4

FIFTH POWER _%I

SQUARE ROOT 42

1 3

RGCI PROCAL OF SQUARE 1 I?

0 : 1:

0 ifi 27 64 125 216 343 512 729

0 1 it 256 625 1:; 4096 6 561 10000 14 651 20 736 28 561 38 416 50 625 65 536 83 521 104 976 130 321 160000 194 481 234 256 279 841 331776 390 625 456 976 531441 614 656 707 281

0 1 2:: 1024 3 125 7 776 16 807 32 768 59 049 ,~lOOOOO 161051 248 832 371 293 537 824 759 375 1048 576 1419 857 1 889 568 2 476 099 3200000 4 084 101 5 153 632 6 436 343 7 962 624 9 765 625 11 881 376 14348907 17 210368 20 511 149 24300000 28629151 33 554 432 39135393 45435424 52 521 875 60 466 176 69 343 957 79 235 168 90 224 199 102 400 000 115 856 201 y; 6!I& ;; 164 916 224 184 528 f25 fg ;i; g 254 803 968 282 475 249 312 500000

0400 ooo 1GIOooO 1.414 214 1.732 051 2aOO 000 2.236 068 2449 490 2.645 751 2.828 427 3aixI 000 3.162 278 3.316 625 3.464 102 3.605 551 3.741 657 3.872 983 4aOO cm 4.123 106 4.242 641 4.358 899 4.472 136 4.582 576 4.690 416 4.795 832 4.858 575

0.707 107 0.577 350 0*500 000 0447 214 0.408 248 0.377 964 0353 553 0.333 333 0.316 228 0.301 511 0.288 675 0.277 350 0267 261 0.258 199 0.250 000 0.242 536 0.235 702 0.229 416 0.223 607 0.218 218 0.213 201 0.208 514 0.204 124 0.200 ooo 0.196 116 0.192 450 O-188 Y82 0.185 695 0.182 0.179 0.176 0.174 0.171 574 605 777 078 455

l.Aooo

1.000~000 0.250 000 000 0.111 111 111 0062 500 000 ~040000GOO 0.027 777 778 0.020 408 163 0.015 625 000 O-012 345 679 o-010 000 000 O-008 264 463 om6 944 444 OGX 517 160 oac5 102 041 Ow4 444 444 om3 906 250 oao3 460 208 OGO3 086 420 om2 770 083 oGo2 500 000 0.002 267 574 0.002 066 116 OX@1 890 359 O+Ol 736 1 i 1 0.001 000 OGO 0.001 479 290 0.001 371 742 0.001 275 510 0001 185 061 OalH 111 111 0+)01040 583 00M 576 562 OG)O 518 274 0.000 865 052 0.000 OXI O+OO OMO Of?00 0.000 0000 00M OX)0 O+)OO 816 327 771 605 730 460 692 521 657 462 625 000 594 884 566 853 540 833 516 529

:z 49 64 81

:: :g 196 225 256 2: 361

:z 1 728 2 197 2744 3 375 :zz 5 832 6 859

z 484 529 576 625 676 SE 841 900 12: 1 089 1 156 1 225 12% :z 1 521

tz 10 648 12 167 13 824 15 625 17 576 19 683 21952 24 389 27 000 29 791 32 768 35 937 39 304 42 875 46 656 50 653 54 872 59 319

::zKs 5.196 152 5.291 503 5.385 165 5.477 226 5.567 764 :.;a$ g 5.830 952 5.916 080 6mO 000 6082 763 6.164 414 6.244 998 6.3.?4 555 6.463 124 6.480 741 6.557 439 6.633 250 6.708 204 6.782 330 6.855 i55 6.928 "03 7aOO iO0 7.071 069

Kfz 1 048 576 1 185 921 1 336 336 1500 625 1679 616 1 874 161 2 085 136 2 313 441. 2560000 2 825 761 3 111 696 3 418 801 3 748 096 4 100 625 4 477 456 4'879 681 : z ::: 6250000

0169 031 0.166 667 0164 395 0162 221 0,160 128 0.158 114 0.156 174 0.154 303 0 152 459 0.1 SO 756 0.149 071 0.147 442 0.145 865 0144 338 0.142 857 0.141 421

:z 1764 1 849 1936 2 025 2 116 2209 2304 2401 2500

zz 74 088 79 507 85 184 91 125 97 336 103 823 ::7" z:c 125000

OMO 493 827 O@QO 472 550 O+OO 452 694 @ooO 434 028 OMKJ 416 493 OmO400000

(Confinucd)

SP: 8 - 1970

TABLE 10 POWERS AND SQUARE ROOTS - Confd x0. x SQUARE .x2 CUBE XJ FOURTH POWER XI FIFTW POWER x6 S QUARE ROOT 1/F SQUARE R OOT OF R ECIPROCAL 1 RI~CIPROCAL OF S Q U A R E 1 >

50 Zf 53 54 55 .s6 57 58 59 60 2; 63 64 65 t"7 68 69

2500 2 601 2 704 2809 2916 3 025 3 136 3 249 3 364 3 481 3 600 3 721 3844 3 969 4 096 4 225 4 356 4 489 4 624 4 761 4900 5041 5 184 5 329 5 476

125 @JO 132 651 140 608 148 877 157 464 166 375 175 616 185 193 195 112 205 379 216 000 226 981 238 328 250 047 262 144 274 625 287 496 300 763 314 432 328 509 243 000 357 911 373 248 389 017 405 224 421 875 438 976 456 533 474 552 493 039

6250000 6 765 201 7 311 616 7 890 481 8 503 056 9 150 625 9 834 496 10 556 001 11 316 496 12117361 12 960 000 13 845 841 14 776 336 15 752961 16777216 17850625 18974736 20 151 121 21 381 376 22 667 121 24 010 000 25 411681 26 873 856 28398241 29 986 576 31 640 625 33 362 176 35 153 041 37015056 38 950 081 40 960 000 43 046 721 45212176 47 4.58 321 49 787 136 52 200 625 54 700 816 57 289 761 59 969 536 62742241 65 610 000 68 574 961 71639 296 74 80.5 201 78 074 896 81450 625 84934656 88529281 92236816 96 059 601 1oooooo

312500000 345 025 251 380204032 418 195 493 459 165 024 503 284 375 550 731 776 601692 057 656 356 768 714 924 299 777 600 000 844 596 301 916 132 832 992 436 543 1 073 741824 1160290625 1252332576 1350125107 1453933568 1 564 031 349 1680700000 1 804 229 351 1 934 917 632 2 073 071 593 2219006624 2 373 046 875 2535525376 2706784157 2887 174368 3077056399 3 276 800 000 3486784401 3707398432 3 939 040 643 4182119424 4 437 053 125 4 704 270 176 4984209207 5277319168 5 584 059 449 5904900000 6240321451 6590815232 6956883693 7339040224 7737809375 3153726976 8587340257 9039207968 9509900499 10000000000 7.416 198 7.483 315 7.549 834 7.615 773 7.681 146 7.745 967 7.810 250 7.874 008 7.937 254 8wO COO 8,062 258 8.124 038 8.185 353 8.246 211 8.306 624 8.366 000 8.426 150 8.485 281 8.544 004 8.602 325 8.660 254 8.717 798 8.774 964 8.831 761 8.888 194 8.944 272 :::tz ii? 9.110 434 9.165 151 9.219 544 9.273 618 9.327 379 9.380 832 9.433 981 9.486 833 9.539 392 9.591 663 9643 651 9.695 360 9.746 794 ;`;g 2;; 9.899 495 9.949 874 10+00000

0.141 421 0.140 028 0.138 675 0.137 361 0.136 083 0.134 840 0.133 631 0.132 453 0.131 306 0.130 189 0.1;s 099 0.128 037 0.127 000 0.125 988 0,125 000 0.124 035 0.123 091 0.122 169 0.121 268 0,120 386 0.119 523 0,118 678 0.117 851 0.117 041 0.116 248 rp;w;; 0.113 961 0.113 228 0.112 509

omo,4no

0@00,384 468 0~000,369 822 oaO0.355 999 0.000.342 936 0~000,330 0+)00,318 0aOO,307 0.000,297 O+IOO,287 0.000,277 0.000.268 0.000,260 oaOO,251 oaOO,244 0.000.236 0.000,229 0*000,222 OGNI,216 0+00,210 579 878 787 265 274 778 745 146 953 141 686 568 767 263 040

non

omO,204 082 0mO,198 373 0~00.192 - -__,.. - 901 ._0~000,187 652 O-000.182 615 0400,177778 oJJoo,173 130 0.000,168 663 00IO,164 366 0~000,160 231 0.000,156 0.000,152 0,000,148 0+00,145 0.000.141 250 416 721 159 723

75 76 77 7s 79 80 81 82 ii

5 625 5 776 5 929 6 084 6 241 6 400 6 561 6 724 6 889 7 056 7 225 7 396 7 569 7 744 7 921

::z 551 368 571 787 592 704 614 125 636 056 658 503 681472 704 969 729 000 753 571 778 688 804 357 830 584 857 375 "9:; 7637: 941 192 970 299 1000000

0108 0107 0.107 0.106 0.106

465 833 211 600 000

0~000,138 408 0~000,135 208 0.000.;32 118 0@00,129 132 0.030,126 247 O-000.1 23 457 "o'Ooc$;~ ;.$s OGOO:ll5 62; 0@0,113 173 0*000,110 803 8'mc&g ;g 0+00:104 123 0aOo,102 030 oaOO,1OO 000

90 91 92 2 95 % 97 98 99

8 100 8 281 8 464 8 649 8 836 9 025 9 216 iii 10000

0.105 409 0.104 828 0.104 257 0.103 695 0.103 142 0.102 598 0.102 062 0.101 53.5 0.101 015 0.100 504 0100 000

100

132

SP:8 -1970

TABLE 11 RECIPROCALS, ROOTS, FACTORIALS AND FACTORS No.
I RECIPROCAL 11% CUBE ROOT eFOURTH ROOT vg FXFTH RO O T q7 FACTORIALS %! P~xbfE FACTORS

1Qooooo0 0~500 ooo 0 o-333 333 3 0.250 000 0 0.200 000 0 0.166 666 7 O-142 857 1 o-125 000 0 O*lll 111 1 0.100 000 0 o-f)90 909 1 0.083 333 3 O-076 923 -1 0.071 428 6 0.066 666 7 0.062 500 0 0.058 823 5 0.055 555 6 0.052 631 6 0.050 000 0 ,0.047 619 0 OQ45 454 5 0043 478 3 OWl 666 7 oG4OOOOo 0.038 461 5 0.037 037 0 0.035 714 3 0.034 482 8 0.033 333 3 0.032 258 1 0.031 250 0 0.030 303 0 O-029 411 8 0.028 571 4 0.027 777 8 0.027 027 0 0.026 315 8 0.025 641 0 0.025 ooo 0 0.024 390 2 0.023 809 5 0.023 255 8 0.022 727 3 0.022 222 2 0.021 739 1 0.021 276 6 0.020 833 3 0.020 408 2 0.020 000 0

0400000 1WOOOO 1.259 921 l-442 250 1.587 401 1.709 976 I.817 121 I.912 931 2-000 Oc@ 2.080 084 2.154 435 2.223 980 2.289 428 2.351 335 2.410 142 2.466 212 2.519 842 2.571 282 2.620 741 2.668 402 2-714 418 2.758 924 2.802 039 2.843 867 2.884 499 2.924 018 2.962 496 3*000000 3.036 589 3.072 317 3.107 233 3.141 381 3,174 802 3.207 534 3.239 612 3.271 066 3.301 927 3.332 222 3.361 975 3.391 211 3.419 952 3448 217 3.476 027 3.503 398 3.530 348 3.556 893 3,583 048 3.608 826 3.634 241 3.659 306 3.684 031

omo ooo

1aooooo I.189 237 1.316 074 I.414 214 1.495 349 I.565 08.5 1.626 577 1.681 793 1.732 051 1.778 279 l-821 160 1.861 210 :::;: 3":: 1.967 990 2@00 COO 2.030 543 2.059 767 2.087 798

omo ooo

1GlOOOO l-148 698 1.245 731 l-319 508 1.379 730 I.430 969 1.475 773 1.515 717 1.551 846 1.584 893 I.615 394 1.643 752 1.670 278 I.695 218 l-718 772 I.741 1q1 ::::; 22 l-801 983 1.820 564 1.838 416 I.855 601 1.872 171 1.888 175 ;`W", E 1.933 182 1.947 294 1.961 009 I.974 350 I.987 341 2.000 000 2.012 347 2.024 397 2.036 168 2.047 673 2.058 924' 2.069 935 2.080 717

24 120 720 4zz 362 880 3.628 800 3.991 680 4.790 016 6.227 021 8.717 829 1.307 674 2.092 279 3.556 874 6452 374 1.216 451 2.432 902 5.109 094 1.124 001 2.585 202 6.204 484 I.551 121 4.032 915 1.088 887 3.048 883 8.841 762 2.652 8.222 2.631 8.683 2.952 529 839 308 318 328

2

:

2 3 2'

:

2.5 11 2'.3 13 2.7 3.5 13 2.3' IJ

*

2.114 743 2.140 695 2.165 737 2.18Q939 2.213 364 2.236 068 2.258 101 2.279 SO7 2.300 327 2.320 596 2.340 347 2.359 611 2.378 414 2.396 782 2.414 736 2.432 299 2449 490 2466 326 2482 824 2.498 999 2.514 867 2.530 440 2,545 730 2.560 750 2.575 510 2.590 020 2.604 291 2.618 330 2.632 148 2645 751 2.659 148

E 2:11 23 2'.3 5 v3 2'.7 29 2.3.5 31 26 3.11 2.17 :;7,* 37 2.19 3.13 21.5 41 2.3.7 43 2'.1 3'5 2.23 47 24.3 7' 2.5' '

1.033 315 3.719 933 1.376 37.5 5.230 226 2.039 788 8.169 153 3.345 253 I.405 006 6.041 526 2.658 272 2.196 222 5.502 622 2-586 232 I.241 392 6.082 819 3.041 409

2.091 279 2.101 632 2.111 786 2.121 747 2.131 526 2.141 2.150 2.159 2.168 2.177 2.186 127 560 830 944 906 724

*If x is greater than 9, multiply by I@, where c is the charscteristic of log xl

133

(Conlinud)

SP: 8 - 1970

TABLE 11 RECIPROCALS, ROOTS, FACTORIALS AND F_4CTORS - Coald

50 51 52 53 54

0.020 000 0 0.019 607 8 0.019 230 8 0.018 867 9 0.03 8 518 5 0.018 181 8 0.017 857 1 0017 543 9 0017 2414 0.016 949 2 O-016 666 7 0.016 393 4 OU6 129 0 0015 873 0 0015 625 0 0.015 384 6 0,015 151 5 0.014 925 4 0.014 705 9 0014 492 8 0.014 285 7 0.014 084 5 0013 888 9 0.013 69E 6 0.013 513 5 0.013 333 3 0.013 157 9 0.012 987 0 0.012 820 5 0.012 658 2 0.012 500 0 0.012 345 7 0.012 195 1 0012 048 2 0011 904 8 0.011 7647 0.011 627 9 0.011 494 3 0.011 363 6 @Oil 236 0

3.684 031 3.708 430 3.732 511 3.756 286 3.779 763 3.802 952 3.825 862 3.848 501 3.870 877 3.892 996 3.914 868 3.936 497 3.957 892 3.979 057 4mO 000 4.020 726 4w1240 4.061 548 4.081 655 4.101 566 4.121 4.140 4.160 4.179 4.198 285 818 168 339 336

2,659 148 2.672 345 2.685 350 2.698 168 2.710 806 2.723 270 2.735 565 2.747 696 2.759 669 2.771 488 2.783 158 2.794 682 2.806 066 2.817 313 2.828 427 2.839 412 2.850 270 2.861 006 2.871 622 2.882 121 2.892 508 2902 783 2.912 951 2.923 013 2.932 972 2.942 831 2.952 592 2.962 257 2.971 828 2.981 308 2.990 698 3mOOOO 3-009 217 3.018 349 3.025 400 3.036 370 3.045 262 3.054 076 3.062 814 3.071479 3 *080 070 3.088 591 3.097 041 3-105 423 3.113 737 3.121 986 3.130 169 3.138 289 3.146 346 3.154 342 3.162 278

2.186 724 2.195 402 2.203 945 2.212 357 2.220 643 2.228 807 ;-;z f;; 2.252 608 2.260 322 2.267 933 2.275 443 2.282 855 2.290 172 2.297 397 2.304 532 2311 579 2.318 542 2.325 422 2.332 222 2.338 943 2.345 588 2.352 158 2.358 656 2.365 083 2.371 441 2377 731 2.383 956 2.390 116 2.396 213

3+41409 1.551 119 8.065 818 ;*3"2 y;

2.5' 3.17 2'.13 53 2.3' 5.11 2'.7 3.19 2.29 59 2l.3.5 61 2.31 3'.7 2' 5.13 2.3.11 67 2'.17 3.23 2.5.7 71 2a.3' 73 2.37 3.5' 2*.19 7.11 2.3.13 79

2 57 58 59

l-269 640 7.109 986 4.052 692 2.350 561 l-386 831 8.320 987 5.075 802 3.146 997 ::;:g" t:: 8.247 651 5443 449 3.647 111 2.480 036 I.711 225 I.197 857 8.504 786 6,123 446 4.470 115 3.307 885 2,480 914 I.885 495 l-451 831 I.132 428 8.946 182 7-l 56 946 S-797 126 4.753 643 3.945 524 3.314 240 2.817 104 2.422 710 ET: ::z l-650 796 I.485 716 l-352 002 l-243 841 1.156 773 I.087 366 I.032 998 9.916 779 9.619 276 "9:`3:"2 E 9.332 622

zt 62 63 64 _ iit 67 68 69 ,70 71 72 73 74 75 76 b:, 79

4.217 163 4.235 824 4.254 321 4.272 659 4.290 840 4.308 869 4.326 749 4.344 481 4.362 071 4-379 519 4.396 830 4.414 005 4.431 048 4447 960 4464 745 4.481 405 4.497 941 4.514 3.57 4.530 655 4.546 836 4.562 903 4.578 857 4.594 701 4.610 436 4.626 065 4.641 589

8": 82 83 84

"2:z: zz 2.414 142 2.420 001 2.425 805 2-431 553 2-437 248 2442 890 2.448 480 2.454 019 2.459 509 2.464 951 2.470 345 2.475 692 2480 993 2.486 250 2.491 462 2.4% 631 2.501 758 2.506 842 2.511 886

C"' 2.41 83 2'.3.7 5.17 2.43 3.29 2*.11 89 2.3=.5 7.13 :`;:" 2:47 5.19 2'.3 97 2.7' 3x.1 1 2'.5'

90 91 zi 94 95 96 97 98 99 100

0.011 111 1 0010 989 0 0.010 869 6 0~010 752 7 0.010 638 3 0.010 526 3 0.010 416 7 0.010 309 3 0.010 204 1 0.010 101. 3 0.010 000 0

*Multiply by ;Oc, where c is the characteristic of log x

!

134

SP:S-1970

TABLE 12 MATHEMA,TICAL

CONSTANTS

NCWBI~R

LOG

NUMBER 0.318 309 9 0.159 154 9 0.636 619 8 1.273 239 5 0.620 350 5 0.101 321 2

LOG
9.502 85 9.201 82 9.803 88 0.104 91 9.792 64 9QO5 70

3.141 592 7 6.283 185 3 I.570 796 3 Q-785 398 2

0.497 15 0.798 18 0.196 12

l 9.895 09
0.622 09

4.188 790 2

9.869 604 4

0.994 30

I.772 453 8

0.248 57

0.564 189 6

9.751 42

2.506 628 3 0.886 226 9

0.399 09 9.947 54

0.398 942 3

9.600 91

1.128 379 2

0.052 46

I.253 314 1 2.718 281 8 7.589 056 1 1.648 721 3 23.140 692 6 4.810 477 4 I.414 213 6 1.732 0.50 8 3.162 277 6 0.434 294 5 0.577 215 7 57.295 779 3 437'*746 77 2 062 641.181 *For actual
values

0.098 06 0.434 29 0.868 59 o-217 15 I.364 38 0.682 19 0.150 51 0.238 56 0*500 Ml 9.637 78 9.761 33 1.758 12 3536 27 5.314 42

0.797 884 6 0367 879 4 0.135 335 3 0606 530 7 0.043 213 9 0.207 879 6 0.707 106 8 2.154 434 7 4641 588 8 2.302 585 1 i*l44 729 9 0.017 453 3 O+OO 290 9 0+000@48

9.901 94 9.565 71 9.131 41 9.782 85 8.635 6: 9.317 81 9.849 49 0.333 33 0.666 67 0.362 22 ... 8.241 88 6463 73 4.685 57

of log for fractions, subtract 10.

135

As in the Original Standard, this Page is Intentionally Left Blank

SECTION 2 PHYSICAL AND CHEMICAL TABLES (TABLES 13-3 I)

As in the Original Standard, this Page is Intentionally Left Blank

SP: 8 - 1970

TABLE 13 EARTH, SUN AND MOON M EAN R ADIUS cm D ENSITY
MASS

M ASS (EARTH = 1)

B

G RAVITY AT EQUATOR (EARTH = 1) 1

E a r t h

6368x105 1738x105

5.52

5.977 x low 7.180

1 1 81.5 3.3 x10"

sun

6.963 5 x 10"

1408 9

1.993 x lO=

2.741 0 x 10' cm/s*

Distance of Earth from Sun =147 to 152=10' km. Mean solar second= 8&~ of mean solar day. Sidereal day =23 h 56 m 4.1 s.

Distance of Moon from Earth=384 700 km.

Mean synodical or lunar month =29.531 mean solar days. Tropical and civil year =365*242 195 7 mean solar days.

TABLE 14 GRAVITATION Acceleration (g) due to Gravity and Length (L) of Seconds Pendulum L ATITUDE Equator Madras Calcutta Sydney Tokyo Mellbourne Washington New York Wellington (N.Z.) Chicago Toronto

cmjsS 978.030 978.277 978.815 978.684 978+301 979.987 980.112 980*2+7 980.27 980.2S3 95046 980.616

g

cm 99.094 99.12 99.175 99.161 99.275 99~293 99.206 99.320 99.322 99.323 99.341 99.357 hfontreal Paris Greenwich London Cambridge Dublin Liverpool Glasgow Edinburgh Aberdeen Leningrad North Pole

L

LATIT~D E 4s" 30'.3 48O SO'*2 51' 28'.6 51� 31'.1 52" 12'.9 53" 23'.2 53O 24'.1 5s" 51'.5 55" 57'.4 57" 9' 59" 6'*5 90" 0'

cm/s2 980.672 980943 981.188 981.199 981.25 981.36 981.35 981.605 981584 981.68 981.929 983.216

g

L cm 99.363 99.390 99.415 99.416 99.419 99.433 99.431 9 9 . 4 5 8 99.455 99.460 99.490 99.620

0" 0'
13O 4'.1 22" 32'.8 -33O 51'*7 35" 42'*6 -37" 49'.9 38' 53'.2 40" 48'5 -41� 17'*1 41" SO'.0 43" 39'.6 45"O'

Attraction of two masses. each 1 gram, concentrated at points 1 centimetre apart (G) - 6.658 x 104 dynes. Mass which, concentrated 1 centimetre apart from equal mass, will give attraction of 1 dyne - 3 872 grams.

139

SP: 8 -' 1970

TABLE 15 PROPERTIES OF ELEMENTS E LEMENT S Y M B O L DENSITY Wcm*) ATOMIC WEIGHT (1961) ATOMIC FI R S T V IONlZANo. TION POTENTIAL
ALENCY

ELECTROCHEMICAL. EQUIVALENT (g/kibcoulomb) (8) O-093 I6 0.420 59 x's:: . ;: 0.258 76 0.152 54 0.711 71 X'z ;3 * 0.433 I6 0037 37 0828 I5 0582 44 I.377 31

MELTING POINT ("C)

BO~~JNG P OINT AT 760 E""

(1)
Aluminium Antimony Argon Arsenic Barium Berylium Bismuth Boron Bromine Cadmium Cesium Calcium Carbon Cerium Chlorine Chromium Cobalt Columbium (Niobium) Copper 1)ysprosium Erl:ium Europium Fluorine Gadolinium Gallium Germanium Gold Hafnium Helium Holmium Hydrogen In&urn Iodine Iridium Iron Krypton Lanthanum Lead Lithium Lutetium (Cassiopeium) Magnesium Manganese Mercury

(2)
Al Sb Ar AS Ba

(3) 2.698 9 (20%) 6.691 (20%) @OOI 78 5.73 (15�C) 3.5 (2%) 1848 9.747 2.37 3.12 8.65 I `827iC) ;20�c) I.55 2.22 6.47 0.003 22 6.92 (22�C) 8.9 85 8.96 8.53 9.05 5.259 O=OOI 69 7.895 5.907 5.323 19.32 13.29

(4) 26.981 5 121.75 39.948 749216 137.34 9.012 2 208.980 I@811 79.909 1.1240 132.905 40-08 12.011 15 140.12 35.453 51996 58.933 2 92.906 6354 16250 167.26 151.96 18.998 4 157.25 69.72 72.59 196.967 178.49

6)
13 51 I8 33 56 8: 5 :; 55 20 6 58 :: 27 41 29 :: 63 9 :: :3 72 2 67 I 49 :: 26 36 :; 7: :: 80

(6) 5.96 8.5 15.68 IO.5 5.19 9.28 8.00

(7) 3 3, 5 0 3, 5 2 325

(9) 659.7
6305 -189.2 814 725 121/781"35 2300 -7.2 320-g 285 842 >3500 804 -103+5 1 890 I 495 2 500~50 1083 1150~50 -223 2578 9585 1063 1700 (computed) -272 (26 atm) -25&4 156.4 113.7 2 454 I 535 -156.6 826 327.43 186 651 I 260 -38.87

(IO)
2 057 I 380 -185.7 615 (sublimes) I 140 2 970 156025 2 550 58.78 76722 670 1240 4200 1400 -34.6 2 480 2900 3700 2 336 -188 13 `$ ;7) 7 320 -268.9

(3�C)

B Br Cd CS

8.257 II.80 I, 3.35, 7 8.976 2 3.87 6.09 Il.217 6.54 I 224 3. 4

Ce Cl Cr co Cb cu DY Er EU :d Ga Ge Au Hf He Ho H In I Ir Fe Kr La Pb Li LO Me: Mn Kg

12952 I, 3, 5, 7 6.74 2.3.6 7 81 7.68 6.8 5.64 17.34 z7 8.09 9.18 24.46 13.527 5.76 10.6 7%3 13.936 7.38 5.6 5.363 7.41 7.61 IO.39 1,3, 5, 7 z::: . 0 234 : 2, 324 6, i 1,2

2.3
5

0.207 67 0.031 11 0.062 23 `O-484 04 I 0.363 4 8.367 43 0.179 65 0.089 83 0.305 39 0.204 1 0.192 56 0.658 76 0.329 38 O-560 69 0579 07 0525 04 0.196 89 0.541 79 0240 83 0.188 08 2.043 52 0.681 17 0.462 69 Owl 47 0.569 74 0.010 446 0.396 41 1.315 23 0500 26 O-289 38 0.192 91 0.867 36 0479 86 I .073 63 0536 81 0.07192 0.604 46 0.126 01 0.284 61 0.184 230 2.078 86 I .039 43

I,2 3" :
233 If3 4 0

omo 179

4.002 6 at 0�C (colour gas) 8.803 164.930 ON0 089 91 I SO07 97 7.31 4.93 22.42 7.74

-252; 2 f!%O >4800 3000 -1529 I 62; 1336fS I 107 I 900 356.58 (continued)

o"

(gas)

114.82 126.904 4 192.2 55.847 83.80 138.91 207.19 6.939 174.97 24.312 54.938 0 200.59

0*003 73100 6.15 11.35 0.534 9.872 1.738 7.21 to 7.44 13.546

140

SP:8-1970

TABLE 15 PROPERTIES OF ELEMENTS - Confd ELEMENT SYMBOL A TOMIC WElGHT (1961) A No.
TOMIC

F I R S T VALENCY ELECTROIONIZACHBYICAL TION E QUIVALENT POTEN (g/kilocoulomb) TIAL (6) 7.35 2:*:7 7.61 14.48 (8.71 13.55 8.3 8.88 4.318 5.8 5.252 10.698 7:; 4.159 ;:; 8::o 8.12 7.542 5.12 1X' (7) 3, 4. 6 3 2:3 3, 5 2, 3,4, 6, 8 2,4:6 3. S 3,4 : 2 3 3.4l6 8 2:3' 2, d6 i : 2,21, 6 OG48 387 0.029 032 0.496 11 0.082 902 0.552 8 0.276 42 0.107 1 0.064 21 o*sos 78 0.405 14 0.486 77 0.598 45 1.172 24 2.300 52 0.275 81 0.266 61 0.885 80 0.263 47 0.519 62 0.155 79 0.136 37 z7" 9": 0.238 3i 0.454 04 0.166 11 0.083 05 0~055 37 0.374 88 0.220 40 0.549 91 0.706 01 0.601 35 0.585 15 0.615 03 0.124 01 0.317 79 0.411 17 0.105 60 0.597 1.360 72 62 0.307 15 0.236 0.338 76 32

M ELTING P OINT ("C)

B OILING POINT AT 760 mmHg. ("C)

(1)
Molybdenum Neodynium Neon Nickel Niobium Niton Nitrogen Osmium Oxyqen Palladium Phosphorus Platinum Potassium Praseodymium Protoactinium R a d i u m Radon (Niton) Rhenium Rhodium Rubidium Ruthenium Samarium Scandium Selenium Silicon Silver Sod& Strontium Sulphur Tantalum Tellurium Terbium Thallium Thorium Thulium Tin Titanium Tungsten Uranium Vanadium Xenon Ytterbium Yttrium Zinc Zirconium

(2)
MO Nd Ne Ni

(3) 10.22 6.80 OWO 9 8.902

(4) 95.94 144.24 20.183 58.71 14+@6 7 190.2 15.999 4 106.4 30973 8 195.09 39.102 140.907 231 226 222 186.2 102.905 85.47 :z::; 44.936 78.96 18.086 107.87 22.989 8 87.62 32.064 180.948 127.60 158.924 204.37 232.038 168.934 118.69 47.90 183.85 238.03 SO.942 131.30 173.04 88.905 65.37 91.22

(5)
42 60 ;: -

(8)
0.248 7 pw; ;3 @iO9 15 0.304 09 0.202 7 -

(9)
2620210 -24:% 1455 -

(10)
4800 -24S< 2 922

,

Nb (see (Colum`Gum) Rn (ses R$on) O+Ol 25 OS 0 Pd P Pt K Pr Pa Ra Rn Re :: Ru Sm SC Se Si -Q Na Sr S Ta TT: Tl Th Tm Sn Ti w u V ?; Y Zn Zr 22.57 O+KJ144 12.02 1.82 21.45 0.862 6.782 15.37 0*00973 21.02 12.41 1.532 12.41 7.536 2.992 t::3 10.503 0.971 2.54 2.07 16.6 6.24 8.27 11.85 11.30 9.33 7.31 4.54 1 9&f0�C' 6.11 0.005 6.977 85 4-4s 7.133 6.53

-209.86 2700 -218.4 1 549.4 44.1 1 773.5 62.3 940 -

-195';8 >s 30p -18286 2200 280 4300 760 -

700 1 140 -71 -61.8 167+60 3 1966i3 >2 500 38.5 2:: 2 450 >1300 1 200 2400 217 688 1 420 2600 960.8 1950 97.5 880 774 1 150 112.8 444.6 to 119.25

8>6 z7 730 6.81 8.1 671 12.08 7.1 :::6 6.92

2,:,6 3 1, 2 4 234 3:4 4!6 3;s 2'3 j 4"

2 996_+50
452 g+5 1 845 231.89 1 800 3 370 1132+1 1 710 -112 1 800 1 419.47 490 1 857

Ca4 100 1 390 45002 27; 73000 5900 3 818 3 000 -107.1 2:g >2 900

1457,lO

.

141

SP: 8 - 1970

TABLE 16 PROPERTIES OF SOLIDS S U B S T AN C E D ENSITY * &cm' SPECIFIC HEhT* cal/gj"C M POINT ("C)
UTING

L ATENT H EAT OF FIXIoN Cal/g

COEPFICIENT OF L INEAR E XPANSION

x10'

T HERMAL E L E C T R I C A L TEMCONDUCTIRESISTPERATURE VITY* ANCE' COEFFICal/cm' s/ MICRO OHBI CIKNT OF RESIST(`C/cm)
ANCE*

(1) Aluminium Antimony Bismuth Brass a;bo; (Graphite) Constantan Copper Cork German Silver Glass Gold 102 Indian Rubber Invar Imh (cut) Iron (Wrought)

(2) 2.699 6.618 9.80 8.44 to 8.7 2.25 8*Tl ("s'8;) 8.92 0.22 to 0.26 8.30 to 8.45 2.4 to 1923" 0.917 0.91 to 0.93 8-O 7.03 7.73 7.8 7.9 11.347

(3) 0.214 @OS1 3 (lOO�C) 0.029 4 Of)91 7 (20�C1 OO�C) 0.17 O*lOO 1 0.102 0.092 1 0.49 0.094 (O�C) $i61 (100 C;o;c) 0.530

(4) 659.7 630.5 271.3 905 to 1030 `::g 1 280 1083 1100 1100 1 063 0 1 53.5 327.43 651 145j 55 750 1773.5 -

(5) 76.8 39 12.64

(6)
o-225 0.115 0.157 O-178

(7) O-492 (lc$O~ (l&C) 0.016 1 (lg2) (&) o-012 -

(8)
2.828 41.7 120 (07�C) 9< 48 1.692 33

(9) $SOC,

40
20

ss42 15.8 -

x::;:
0.145

(--;;;I

0.064 (100�C) O-167 0908 (100%) OXKm 13 to O-00072 0.184 0089 (100�C) 0093 to 0*002 5 O-142 O-703 (100�C) 0.002 2 0.009 0.004 OwO 45

(&I O-02
4

(25OC) 43.3

244 81 22

34

-

"do""'
to
(lS"ocg$C) to * (2O~~*$C) (15"ocj;rC)

0.108 (\wJ (ljOY&) (100�C) 0.631 0.007 1 0138 (booo&`23 (&) -

*

5.86

0.119 0.28

.

4?
0.01 60(OOC)

2.00 to 2.50 8.5 2268Y Naphthalene Nickel Paraffin Wax Phosphor Bronze Platinoid Platinum Quartz 8.60 to 8.90 0.87 to 0.91 8.7 to S-80 21-37 2.65

0.95 0.21 (oO;;l~Oc) 0.105 0.693 9 (OOC-20�C) 0.324 (20�C! 0.188 (12�C-1880C)

73; 42.3

-

27; O~oss -

10.503 Sodium Sulphur (Rhombic) Tin Zinc 0971 2 2.0 to 7Y 7.13

QO5.5 8 O-295 $176 (1; $;6?) (l&C) O-092 5

960.8 97-s 112.8 231.89 419.47

21.07 31.7 13.2 14.0 28.13

0.19 0.61 0.66 0.22 0.26

parallel to axis -@16 perpendicular to axis 0992 t;Ooo' 036 0.145 (1cwC) @2619 (1OO~C)

38 -

42 37

*The valhes are at 20�C or at other temperatures indicated.

142

TABLE 18 PROPERTIES OF GASES AND VAPOURS (Where not otherwise specified the various columns refer to gases at 0�C and 760 mmHg pressure)
D E NSITY g/litre MEAN MEANFREE VELOP ATH OF CITY OF M O L EM O L ECULES CULES

No. O F
COL ISIONS PER SECOND

VISCOSITY IN D Y N E S PER Sq

cm/s

750 ZZmHg cm (4) 8.3 x IO-" 5.92 x IO-#

20�C

cm

C R I TICAL T E M P.

VxL. GRAD (rl) (6) 0000x172 0.096 x IO-' (7) 36 - 140.7 132.4 -122 31.1 -139.0 144 128 9.7 -267.9 -239.9 51.4 100.4 -82.5 -94 36.5 -147-l -118.8 -157.3 374

PER UkIT

C R I TICAL P R E SSURE ATNTP

CRITICAL V
OLUME

BOILING P
O I N T

SOLI-

HE

A T

DIFICATION TEMP. "C

VA~~RIZATION

ca!/g

(PC)

SPECIFIC HE A T ( CO N S TANT PRESSURE) cd/g

RATIO SPOEFCIFIC HEATS

TIIER:I& DUCTIVITY x lo-'

15%

I N D E X 0F %FRACTION FOR DLINES (a=5 893

i 2

x lo+ cm)

(1)
Acetylene Air Ammonia Argon Carbon Dioxide Carbon Monoxide Chlorine Cyanogen F Ethylene Helium `Hydrogen %!ZZr Hydrogen Sulphide Methane (Marsh GasFire Damp) Nitric Oxide Nitrous Oxide Nitrogen Oxygen Sulphur Dioxide Steam at 100�C Water Vapour (0%)

(2)

I.173 1.292 9 O-771 0 l-783 7 l-976 9 1.2504 3.214 2.335 I.260 4 O-178 47 O-089 88 1.639 2 1539 0.716 8 1.340 2 l-977 8 l-250 55 I.429 04 2.926 9 0.581 -

(3) 44700 58 300 38 100 36 200 45 400 28 200 33 300 48 800 120 800 169 600 43 000 44409 59 700 47 600 39 200 45 400 42 500 29 700

(5) 5 386 x IO" 9 150 x IO"

(8)
62.0 372 Ill.5 48 73.0 35-o 76.1 59 50.9 2.26 12.8 81.6 88.9 45*8 65 71.7 335 49.7 77.7 218.0

(9) 00X9 0.004 68 0*004 81 0.004 04 0.006 6 0*00505 0.006 15 0.009 24 O+IO7 52 0.002 99 0.002 64 0*005 2 0%X)5 78 0.004 88

(IO) -83.6 -190 -33.35 -185.7 -78-S -190 -34.6 -20.7 -103.9 -268.9 -252.8 -84.1 -61-S -1615

(11)
-81.8 -77.6 -189.2 -56.6 -207 -103f5 -35

(12) SO.97 327.1 37.6 55 50.4 6 7 -

(13) 0.411 9 0.24 0.523 2 @I33 0.184 0.259 0,114 9 0.409 5 0.364 l-25 3.41 0.194 0.245 0.53 0.232 0.213 0.256 o-22 0.15 O-47

(14) l-26 I.40 I.668 1.304 1404 I.355

(15) 0.45 0.388 0.332 0.542 0.17

!16)
1.000 606 1.000292 6 1*000 281 l$KKi 448 to I+00 454 1 +Oo 335 I.000 773 1?-J&%2t; l-006 74 l+OO 036 1.000 132 1+00444 1.000 623 1*000444 l+IOO 297

8.98 x IO-" 5.56 x lO-6 8.46 x IO-" 4.6 x 10-O 4.OXlP 5.47 x10-s 25.25 x 1P 16.00 x Iv 6.86 x10-a 5.9 x IO-6 8.0x10-* 9.06 x lo-6 6-l x IO-` 8-S x IO-@ 905x10-6 4.3 x10-e

4000x10" 0.211 x IO-J 4540x10~ 0139x10-J 6 120x10E 6 130 x 10` 8 320 x lOa 8921~10~ 4 540x10' 10 060 x IO" 6 269 x IO" 7 525 x10" 7462x10" 5 254 x10" 6 427 x IO" 5 070 x 10` 4 430 x 10" 6907~10~ 0.163 x IO-$ 0.129 7 x 1O-s 0.107 x10-J 0-0961x103 O-204 x IO-' 0085 7 x IO-' @00138 @118~10-~ @104x10-' @I79 x 10-r 0.135 x10-a @167x10-' 0.192 x10-a @130x10-r 0.132 x IO-* 0.094 x 10-a

l-255 1.66 1.41 140 1.32 I.31 1.40 l-303 I.404

-

-169.4 -272 6 -259.14 108 -112 98 -82.9 -184 -163.6 -102.4 -209-86 -218-4 -75.46 131.9 -

@395 3.3 416 O-287 0.72

0+0x)3 47 -151.8 9.004 36 -88.49

( -%s
48 51 94.9 539

0.353 0.568 0.57 O-18 0.519

I.000 516

0.005 17 -195.8 0.004 26 0*00745 -182.96 -10

hoi
I.29 I.31 -

1*tz&7:~~ iaoo ii60 1*%-%4z5:

0.002 48 100

56 600

5*9xlOJ

9 592 x IOn

-

-

-

-

-

-

NOTE - The coefficient of expansion at constant pressure for all gases may be taken as l/273 or 0.003 662.

SP: 8 - 1976
TABLE 19 CONVERSION OF GASEOUS VOLUMES TO NTP

vpv.
PRESSURE (I') mmHg

-2 760'

1 l+OQO3 67t

I0 1 0,965 0 o-971 1 0.977 1 0.983 1 0.989 0 0.994 9 0+006 0.006 3 2 O-965 6 0.9717 0.977 7 @983 7 0.989 6 0.995 5 0.0012 0.006 9 3 0.966 3 0972 3 0.978 3 0.984 3 0990 2 O-996 1 0001 8 O-007 4 1.964 3 1.970 5 1 a976 5 1.982 5 ::;t:; OaOO 0 oaO5 7

P Log10 K.

4 0966 9 0.972 9 0.978 9 00:;:; t 0996 6 0*002 3 0~008 0

5

6 0.968 1 0.974 1 0.980 1 0.986 1 0.992 0 0997 8 ow3 5 0009 1

7 0.968 7 O-974 7 0.980 7 x:zii z 0998 3 oaO4 0 ow9 7

8

9

730 740 750 760 770
T E M P ERATURE OC

E 720

::;;: :

-_

0.979 5 O-985 5 0.991 4 0.997 2 oaO2 9 0.008 6

Log,, (1+0*003 67t)

0

1
09016

2 oaO3 2 0,018 7 0.033 7 0048 2 0.062 2 0.076 0 0.089 0 0.101 8 0.114 2 0.126 3 0.138 1

3 om4 8 0.020 2 0.035 2 0.049 6 0063 6 0.077 3 0.090 3 0.103 1 0.115 4 0.127 5 0.139 3

4 0.006 4 0.021 7 O-036 0*0.51 0.065 0.078 0.091 oaI4 0.116 0.128 0.140

5 o+o8 0 0.023 2 0.038 2 0.052 4 0066 4 0.079 9 0.092 9 0105 6 0.117 8 0.129 9 O-141 6

6 0.009 6 0.024 7 0039 7 0.053 8 0067 8 0.081 2 o-094 2 O-106 8 0.119 0 o-131 1 0.142 7

7 0.011 1 0.026 2 owl 1 0.055 2 0.069 2 0.082 5 0.095 5 0.108 1 "0% 3 0.143 9

8 o-012 7 0.027 7 0.042 6 0.056 6 O-070 6 xi% f 0.109 3 0.121 4 0.133 5 O-165 0

9 0.014 2 Ox.29 2 0.044 0 O-058 0 O-072 0 0.085 1 0.098 1 0.1106 0.122 6 0.134 7 0.146 1

0.015 0.030 0.045 0.059 O-073 O-086 0099 0.111 0.123 0.135

omo

0.113 0

0017 2 0.032 2 0.046 8 0.060 8 o-074 7 0.087 7 O-100 6

O-125 1 0.137 0

TABLE 20 ELASTIC CONSTANTS
SUBSTANCE YOUNG'S M ODULUS (dynes per cm*) x 1011 R IGIDITY M ODULUS (dynes per cm%) x 10" M ODULUS (dynes per cm*) x 1O1l BU L K POISSON'S R ATIO

i
PEAKING STREW ' F O R WIRES
kbn= cm*)x p"' O@

Aluminium Brass Constantan Copper German Silver Gold Iron (Cast) Iron (Wrought) Lead Manganin Phosphor Bronze Platinoid Platinum Silver Steel (XIild) Tin Zinc Glass (Crown) India Rubber

6.9-7.2 9-O-10.2 16-2-16.4 11-O-12.9 ll*O-11.6 7.8-8.2 10-13 19.0-22.0 1.5-l-7 12.3-12.5 11.9-12-l 13*5-13.7 16.8 7.7-7.9 21-O-23.0 5-3-5.5 8-O-l 1.0 &O-7.8 0-048-0-052

2.4-2.7 3-4-3-5 6.0-6.2 3.4-4.6 4.3-4.7 2-7-2-9 3-s-5.3 7-7-8.3 0.5-0.7 46-4-8 4.3-4.5 3-s-3.7 6.1 2.8-3.0 8-O-8.9 1.9-2.1 3.6-3-8 2.6-3.2 0.000 16

7.3-7.7 8~0-11~0 15-4-15.6 13.0-14-3 1+9-15~1 16.5-16-7 9-s-9.7 14.6-16.0 4-o-5*0 12*0-12.2 24.7 10.8-l 1.0 16*0-19.0 5.1~5.5 3-0-6-O 4-0-5-9 -

.

033-0.35 0.3 -0-4 @31-O-38 0.25-0-35 O-36-0.38 0.41-O-43 @23-0.31 027-0.29 @43-046 0.32-0.34 0.37-0.39 0.36-0.38 0.368 037-o-39 0.25-0.31 0.32-034 O-20+30 0-20-O-27 O-46-049

17-20 31-39 28-46 44-48 25-27 8-23 46-62 2%2.2 69-108 33 27-31 100-120 2.4-2.6 11-15 3-9 -

145

SP: 8 - 1970
TABLE 2115 PERCENTACE
DIFFERENCE IN `C DRY AND W E T Burs T H E R M OMETER

HUMIDITIES WITH WET AND DRY BULB HYGROMETER
R
EADING
OF

D

RY

B

ULB

TREBYOME.TEP `C

---5 0

10

15

2s

30

35. 40

1" 2" 3" 4" so 6" 7" 8" 9" loo

81 64 46 29 13 -'

87 72 59 45 33 21 9

88
76 66 55 44 34 2.5 15. 6 -

89 80
71 62 53 44 36 28 20 13

90 82 74 66 59 52 45 38 30 24

92 8.5 77 70 63 57 50 44 38 33

93 86 79 73 67 61 55 50 U 39

93 a7 81 75 70 64 59 54 50 44

94 88 82 76 72 66 61 56 52 48

-

-

TABLE 21B PRESSURE OF SATURATED WATER VAPOUR (IN lUILLIMETRES OF MERCURY COLUMN)

"C
-10 0 10 20 30 40 50 60 70 80 90 100

0 2.16 4.58 9.21 17.54 31.83 55.34 92.54 149.5 233.8 355.5 526.0 760.0

1 2.32 4.92 9.84 18.65 33.71 58.36 97.24 1560.5 244.1 370.1 546.3 787.6

2 2.51 5.29 1051 19.83, 35.67 61.52 102.1 163.8 254.8 385.2 567.2 -

3 2.71 5.68 11.23 2197 37.74 64.82 107.2 171.5 265.9 400.9 588.8 -

4 2.93 6.10 11.98 22.38 39.91 68.28 1126 179.4 2774 417.1 611.0 -

5 3.17 6.54 1279 23.76 42.19 7190 118.1 187.6 289.3 433.8 634.0 906.1

6 340 7.01 13.64 25.22 44.58 75.67 123.9 196.2 301.6 451.1 6577

7 3.67 7.51 1453 26.75 4708 7962 129.9 205.1 314.4 468.9 682.1 -

8 3.96 8.04 15.48 28.36 49.71 83.74 1362 214.3 327.6 487.3 707.3 -

9 426 &6l 1,648 3605 5246 88.05 1427 223-9 341.3 506.4 733.2 -

TABLE 22 ATMGSPHERE
Atmosphere: Percentage composition of dry air at sea level

By volume, nitrogen 7&03, oxygen 2099, argon @94 (By weight, nitrogen 75.5, oxygen 23.2, argon 1.3) >

I$d;gen - 0.01 -0.00123 Helium - O*ooO 4

Density at 0% and 76 cm = 0001293 g/cm'

Standard pressure

= 760 mm of mercury at 0�C. lat. 45.. and sea level = 1033 gf/cm* I 1.013 2x1@ dynea per cm* - 101'3.2 millibara

146

SP: 8 - 1970
TABLE 23 LIGHT - STANDARDS FOR MEASUREMENT Velocity of Light Cbndela (cd) Luminous Flux Lumen (Im) DluminatioEI 2498 6 x lOI* cm/s
is the unit of luminous intensity is the time rate of flow of luminous energy is the unit of lunriflous J?U% and is the flux emitted within unit solid angle (one stetadian) by a point source having a uniform intensity of on.e CaUdd& of a surface is the luminous f7ur it receives per unit area is the unit of iNumindiorr and g the illumination produced by Iuminow jkr of one lumen uniformly distributed dver one square metre of a source of light is the ratio of total luminous JIW to the total power consumed is the unit of measurement of lulni>iovs e$iciewcy

Lux

w

Luminous EiTkiency
LIuacnll per Watt (Em/W)

TABLE 24

REFRACTIVE INDICES (AGAINST AIR) FOR MEAN D LINES (a=5 893 x 18' cm) le.530 1.500 2.417 1.524 I.560 1.433 9 1.310 Calcite (ord) Calcite (ext) Quartz (ord) Quartz (ext) Rock Salt Ruby Sylvine (KCl) 1.658 1486 1.504 1.553 I.5442 1.764 1.490 3

Canada Balsam Crown Glass Diamond Felspar Flint Glass Fluorspar Ice

TABLE 25 WAVELENGTHS OF IMPORTANT SPECTRAL LINES
LINS

W A V E L E N G T H IN hNGSTROM UNITS* . (2)

I

LINS

WAVELENGTH IN ANGSTROY UNITS*

(1)
K red 0 red (A) (B) Li red Ho red (C) Cd red Li orange Wa $1 , He yellow (Da) Tl green Fe and Ca green (E)

(1) Mfc g=n tJ%,' Ps)
Cd green H blue green Cd blue Sr blue Li blue Hr blue (G) Fe and Ca blue (G) Ca blue (G) K violet
CIU.

(2)
5 183.62 5 172.70 5 167.33 5 285.82 4 861.33 4 799.91 4 607.33 4 602.99 4 340.47 4 307.75 4 226.74 4 047.16

7 664.91
7 593.97 6 869.00 6 707.86 6 562.82 6 438.47 6 103.64 s 889.95 5 895.92 5 375.62 5 350.47 5 269.56

+oIIe Angstrom unit: 10-J

147

SP: 8 - 1970
TABLE 26 MAGNETIC ELEMENTS
STATION

EARTH 'S HORIZONTAL INTENSITY GIJASS 0.355 0.376 0.367 0.369 O-367 0.331 0.347 0.374 @379 o-306 0.379 0.380

A NGLE OF D IP IN D EGREES N. POLE D O W N 35 11 22 31 33 43 38 20 11 49 6 20

DECLINATION IN D EGREES

Allahabad Bangalore Bombay Calcutta Dacca Debra Dun Delhi Hyderabad Madras Peshawar Trichinipoly Vizagapatam

1.7 w 0.3 w 1.2 E 0.1 w 2.0 E 1.4 E 1.0 w 1.9 w 3.8 E 2.2 w 1-o w

.TABLE 27 INSULATORS AND DIELECTRICS

K=dklectric constant (vacuum = 1)
SUBSTANCE Ebonite Glass Ice (-2�C) Mica Paraffin Shellac Sulphur

K
2.7 7.6 93.9 6.0 2.1 3.2 3.9

SUBSTANCB Ethyl Alcohol (20%) Benzene (20%) Ether (20�C) Glycerin (X=200) (15%) Turpentine Vaseline Oil Water

K
25.8 2.283 4.34 39.1 2.2-2.3 1.9 81

SUBSTANCE Air (0%) Airs (20�C) Carbon Dioxide (25%) Carbon Monoxide (25�C) Hydrogen (0�C) Helium (25%) Sulphur Dioxide (22%)

K
l+lOO 594 1.000 528 1.000 904 l+OO 634 1 *OOO 265 1.000 067 l-008 18

TABLE 28 Bichromate cell Bunsen ceJ1 Daniel1 cell Grove Standard cadmium (Weston) cell

ELECTROMOTIVE FORCE OF CELLS

20 volts
1.8 volts 1.08 volts 1.8-l-9

Secondary cell Leclanchb cell Lessing Obach Clark (Standard)

"%lZ 1.5 volts 1.5 volts

le9

1.50 volts

1.432 8 volts (at 15%)

148

SP: 8 - 1970

TABLE 29 STANDARD DIAMETERS AND RESISTANCES OF WIRE STANDARD DIA
OF CROSS

AREA

SECTION

COPPER (AT 20'C)

ALIJMINIVM

(AT 20�C)

Eureka or Constantan (at 0�C) (5)

R ESISTANCE oh&/km A Manganin German Silver (at 20�C) (at 2O'C) (6) (7)

Platinoid (at 18�C)
(8)

.

(1) mm 0200 il.300 0450 0.750 0.850 1.060 1.120 1400 1.700 1.800 2060 2.240 2*50O 2.650 2800 3000 3.350

(2) mm" 00314 0.070 7 0.159 0 0441% 0.567 5 0882 S 0985 2 1.539 2.270 2.545 3.333 3.941 4909 5.516 6.157 7.069 8.814

(3)

(4)

548.8 243.9 108.4 39.02 30.3% 19.54 17.50 11.20 7.596 6.775 5173 4.375 3.512 3.126 2.800 2439 l-956

905.7 402.5 178.9 64.39 5013 32.24 28.8% 184% 12.53 11.1% _ 8.54 7.22 5.80 5.16 4.62 402 3.23

14 039 6 239 2 774 998-l 777.1 499.8 447.7 286-S 194.3 173.3 132.3 111.9 87.84 79.96 71.62 62.39 so04

10 SOS 4 669 2 076 746.9 581.5 374.0 3350 214.4 145.4 129.7 99.02 83.74 67.22 59.83 53.60 46.69 37.44

14 007 6 225 2 767 995.9 7?5*4 498.7 446.6 285.9 193.9 172.9 1320 111.7 8963 79.77 71.46 62.25 49.93

10 9Sl 4 867 2 164 778.6 606.2 389.9 349.2 223.5 151.6 135.2 103.2 87.30 700% 62.37 55.87 4%*67 39.03

TABLE 30 VELOCITY OF SOUND
S UBSTANCE

VELoCITY IN Mgr~E.5 PER SECOND

TEYPERATVRE (3) o"c 0" O0 20" 1s* 2o" 20* 10920" 2o"

TABLE 31 SCALE OF MINERAL HARDNESS 1. Talc 2. Rock-salt 3. Calcite 4. Fluorite
5. Apatite

6. Felspar 7. Quartz 8. Topaz 9. Corundum 10. Diamond

(1)
Air Hydrogen Oxygen Water Alcohol Copper Iron Wood Glass

(2)
332 1 262 316 1447 1 275 3 560 s 130 3000-SO00 5000

NOTR - The velocity of sound increases with temperature at the following rates: Air 061, Carbon dioxide O47, Nitrogen 0.61 and Oxygen 060 metres per second per 1 deg rise of temperature.

NOTR 1 - Bodies scratched by fingernail have a hardness number less than 2-S.

N OTE 2- Bodies scratched by penknife have a hardness number less than 6.5.

149

As in the Original Standard, this Page is Intentionally Left Blank

SECTION 3 ENGINEERING TABLES (TABLES 32-46)

As in the Original Standard, this Page is Intentionally Left Blank

SP: 8 - 1970
TABLE 32 ROLLED STEEL BEiMS

Y

D ESIGNATION

DEPTH B%d (h) (2) mm 75 100 100 125 150 175 175 200 200 225 250 275 300 300 325 350 400 450 JO0 550 600 100 100 125 125 150 150 175 175 200 225 250 300 350 400 450 500 550 600

WIDTH &GE (b) (3) mm 50 50 50 75 80 90 80 100 100 100 125 140 150 140 165 165 165 170 180 190 210 75 70 75 70 80 75 90 85 100 110 125 140 140 140 150 180 190 210

(1) ISLB 75 ISLB 100 ISLB (P) 100 ISLB 125 ISLB 150 ISLB 175 ISLB (P) 175 ISLB 200 ISLB (P) 200 ISLB 225 ISLB 250 ISLB 275 ISLB 300 ISLB (P) 300 ISLB 325 ISLB 350 ISLB 400 ISLB 450 ISLB 500 ISLB 550 ISLB 600 ISMB 100 ISMB (P) 100 ISMB 125 ISMB (P) 125 ISMB 1.50 ISMB (P) 150 ISMB 175 ISMB (P) 175 ISMB 200 ISMB 225 ISMB 250 ISMB 300 ISMB 350 ISMB 400 ISMB 450 ISMB 500 ISMB 550 ISMB 600

THICKNESSOP WEB ho) (4, mm 3.7 4.0 4.3 4.4 4.8 5.1 5.3 5.4 5.6 5.8 6-l 6.4 6.7 7.0 7-o 7.4 8-O 8.6 9.2 99 10-s 4.0 4.5 44 4.8 4.8 5.0 5.5 5-8 5.7 6.5 6.9 7.5 8-l 8-9 9.4 1@2 11.2 120

THICKNESSOF F L AN G E w (5) mm 5-o 6.4 7.0 6.5 6.8 6.9 7.7 7.3 8.0 8-6 8-2 8.8 9.4 11.6 9.8 11.4 12.5 13.4 14-l 15-o 15.5 7.2 7.5 7.6 8.0 7.6 8.0 8.6 9-o 10.8 11-8 12.5 12-4 14.2 16-O 17.4 17.2 19.3 20.8

WEIGHT
PER (2 (6) kg 6.1 8.0 8.6 11.9 14-2 16.7 16.7 19.8 21-l 23.5 27.9 33.0 37.7 41.5 43.1 49.5 56.9 65.3 75-o 86.3 99.5 11.5 11.5 13.0 13.2 14.9 15.0 19.3 19.5 25.4 31.2 37.3 44.2 52.4 61.6 72.4 86.9 103.7 122-6

SECTIONAL AREA (4 (7) Cm* 7.71 10.21 10-97 15.12 18.08 21.30 21.32 25.27 26.85 29-92 35.53 42.02 48.08 52.89 54.90 63.01 72.43 83.14 95.50 109.97 126.69 14.60 14.70 16.60 16-81 19-00 19.07 24.62 24.87 32.33 39-72 47.55 56.26 66.71 78% 9227 110.74 132.11 156.21

MOMENTSOF~NERTIA MODULI OF S E C T I O N Y------T re Z %% zxx ZYY ZYY (8) cm4 72-7 168-O 178.4 406.8 688.2 1 096.2 1 072-O 1 696.6 1 803.5 2 501.9 3 717.8 5 375.3 7 332.9 8 133.9 9 874.6 13 158.3 19 306.3 27 536.1 38 579-O 53 161.6 72 867.6 257-S 252-O 449-o 443-l 726.4 717.6 1 272.0 1 262.4 2 235.4 3 441.8 5 131.6 8 603.6 13 630-3 20 458.4 30390'8 45 218-3 64 893.6 91 813-O (9) cm4 10-o 12.7 13.2 43.4 55.2 79.6 57.3 115.4 112.8 112.7 193.4 287-O 376-2 414.3 510-8 631.9 716.4 853.0 1 063.9 1 335.1 1 821.9 40-8 35.4 43-7 38.4 52.6 46.8 85.0 76.7 15@0 218.3 334-S 453.9 537-7 622-l 834.0 1 369.8 1833.8 2 651.0

(IO)
ems
19-4 33.6 35-7 65.1 91-8 125.3 122.5 169-f 180-3 222.4 297-4 392.4 488.9 542.3 607.7 751.9 965.3 1 223.8 1 543.2 1 933.2 2 428.9 51.5 so-4 71.8 70-9 96.9 95.7 145.4 144.3 223.5 305.9 410.5 573.6 778-9 1022.9 1350.7 1 808.7 2 359.8 3 060-4

(ll! cm* 4-o 5-l 5.3 11.6 13.8 17.7 14.3 23-l 22.6 22.5 30-9 41-o 50.2 59.2 61.9 76.6 86-8 100.4 118.2 140s 173.5 10-9 10-l 11-7 Il.0 13.1 12.5 18.9 l&O 30.0 39.7 53-s 64.8 76-8 88.9 111.2 152.2 193-o 252-S

153

SP: 8 - 1970
TABLE 33 ROLLED STEEL CHANNELS

-

-

x

D ESIGNATION

(h)

U4
(3)
mm

T H I C KNESS OF WEB w (4) mm

T H I C KNESS OF FLANGE w

W EIGHT PER Cd (6) kg

TIONAL AREA (a) (7) cm* 7.41

SEC-

M O M E N T S O F IN&IA MODULI OF S E C T I O N ----$r-

I.%X

IYY

ZYY

(1)
ISJC loo ISJC 125 ISJC 150 ISJC 175 ISJC 200 ISLC 75 ISLC 100 ISLC 125 ISLC (P) 125 ISLC 150 ISLC (P) 150 ISLC 175 ISLC 200 ISLC (P) 200 ISLC 225 ISLC 250 ISLC 300 ISLC (P1 300 ISLC isb ISLC 400 ISMC 75 ISMC 100 ISMC 125 ISMC 125 ISMC 150 ISMC 150 ISMC 175 ISMC 175 ISMC 200 ISMC 200 ISMC 225 ISMC 225 ISMC 250 ISMC 250 ISMC 250 ISMC 300 ISMC ,300 ISMC 300 IS&K 350 ISMC 400

(4
mm
100

(5)
mm

(8)
cm4
123.8 270.1 471.8 719.9 1 161.9 66.1 164.7 356.8 370-9 698.5 752.2 1 149.9 1 728.9 1 795.5 2 555*7 3 697.3 6 066.0 5 926.3 9 330.9 14 021.7 76.5 187.7 418.6 434,9 782.6 812.8 1 227.8 1310.9 1 825.1 1 910.4 2 704.2 2 962.1 3 828.4 4 080-I 4 340-S 6 384.2 6 902-l 7 352.1 10 032.5 15 123.4

(9)
cm'

(IO)
cm8 24.8 43.2 62.9 82.3 116.2 17-6 329 57.1 59.3 93.1 loo*3 131.4 172.9 179.6 227.2 295.8 404.4 3951 533.2 701-l 20.4 37.5 67.0 69.6 104.3 108.4 140.3 149.8 182.5 191.0 240.4 263.3 306.4 326.4 347.2 425.6 460.1 490-l 573.3 756.2

(11)
cm'

125 150 173 200 7.5 100 125 125 150 150 175 200 200. 225 250 300 300 350 400 75 100 125 125 150 150 175 175 200 200 225 225 250 250 250 300 300 300 350 400

45 i: 60 70 40 50 65 65 75 75 75 7s 75 90 100 100 90 100 100 40 50 65 66 75 76 7': 75 76 80 83 80 82 84 90 92 94 100 100

3-o 3-o 3.6 3.6 4.1 3.7 4.0 4.4 4-6 4.8 5.0 5.1 5.5 5.7 5.8 6.1 6-7 7.0 7.4 8-O 4-4 4.7 5.0 6.0 5.4 6.5 ;:: 6-l 7.5 6.4 9-o 7.1 9.0 II-O 7.6 10-o 12.0 8.1 8.6

5.1 6.6 6.9 6.9 7.1 6.0 6.4 6-6 7-o 7.8 8.7 9.5 IO.8 II.4 IO-2 lo.7 11.6 12.5 12-s 14-o 7.3 7.5 8.1 8.1 9.0 9.0 10.2 10.2 II.4 11.4 12.4 12.4 14.1 14.1 14-l 13-6 13.6 13.6 13.5 15.3

5.8 7.9 9.9 11.2 14.0 5.7 7.9 10.7 11-3 14.4 15-6 17-6 20.6 21.5 24.0 28-O 33-l 33.1 38.9 45.8 6.8 9-2 12-8 13.7 16.4 17.7 19-2 21.7 22.2 24.3 26.0 307 30.4 34.2 38.1 35.9 41.5 46.2 42.2 49.5

IO*08 12.67 14.24 17.77 7.26 10.02 13,67 14.35 18.39 19.88 22*42 26.26 27.41 30-60 45.72 42.19 42.20 49.54 58.34 8.72 11.75 16.25 17.50 20.94 22.58 2+45 27.64 28.28 3@99 33.10 39.05 38.76 43.53 48.53 45.74 5284 58.84 53.74 63.04

14-9 25.6 37.9 50.5 84.2 11.5 24-8 57.2 51.2 103.1 97.2 126.4 146.8 138.1 209.7 298-8 346.9 284.8 395.5 461.7 12.5 25.9 59.8 64-4 102.2 109.6 120-9 136.3 140.4 150.9 187.2 219.1 219.2 243.8 267.8 311.5 345.3 374.9 431.7 506.3

48 7.6 9.9 11.9 16.7 4.3 7.3 12.8 11.1 20.2 18.5 24.8 28.5 26.2 32.1 41.0 46.61 42.7 52.2 60.5 4.7 7.5 13.2 13.8 19.e 20.2 22.9 24.5 26.4 27.5 32.9 36.0 38.5 40-9 43.2 47.0 49.8 52.2 57.2 66.9

.

154

SP: 8 - 1970
TABLE 34 STEEL EQUAL
ANGLES

D ESIGNATION

SIZE (A xB)

T H I C KNESS (11 (3) mm 3.0 4.0 3.0 4.0 5.0

SECTION.4L AREA (a) (4) cm? 1.12 1.45 1.41 1.84 2.25 1.73 2.26 2.77 2.03 2.66 3.27 3.86 2.34 3.07 3.78 4.47 2.64 3.47 4.28 5.07 2.95 3.88 4.79 5.68 5.27 6.26 8.18 10.02 5.75 6.84 8.96 11.00 6.25 7.44 9.76 12.00

W EIGHT PER m w (5)

MOMENTS OF I N E R T I A _-----~-~

MODULI OF S E C T I O N -__h__- .
ZYY

Ix*

I uu
(7) cm4 0.6 0.8 1.2 1.6 1.8 2.2 2.5 3.4 3.6 4'7 5.6 6.5 5.5 7.1 8.6 10.0 8.0 104 12.6 14.6 11.1 14.5 17.6 206 23.5 275 34.9 41.5 30.6 36.0 46.0 54.9 39.4 46.5 59.5 71.3

ZYY

(1)
ISA ISA 2020 2525

(2) mmxmm 20x20 25x25

(6)
cm" 0:4 0.5 0.8 1.0 1.2 1.4 1.8 2.1 2.3 2.9 3.5 4.1 3.4 4.5 5.4 6.3 5.0 6.5 7.9 9.2 6.9 9.1 11.0 12.9 14.7 17.3 22.0 26.3 19.2 22.6 29.0 34.8 24-7 29.1 37.4 41.0

(8)
cm* 04 @5 0.8 1.0 1.2 1.4 1.8 2.1 2.3 2.9 3.5 4.1 3.4 4.5 5.4 6.3 5.0 6.5 7.9 9.2 6.9 9.1 11.0 12.9 14.7 17.3 22.0 26.3 19.2 22.6 29.0 34% 24.7 29.1 37.4 45.0

(9) cm3 0.3 0.4 0.4 0.6 0.7 0.6 0.8 1.0 0.9 1.2 1.4 1.7 1.2 1.6 1.9 2.3 1.5 2.0 2.5 2.9 1.9 2.5 3.1 3.6 3.7 4.4 5.7 7.0 4,4 5.2 6.8 8.4 5.2 6-2 8.1 9.9

(10) cm3 o-3 0.4 0.4 0.6 0.7 0.6 0.8 1.0 0.9 1.2 1.4 1.7 1.2 1.6 1.9 2.3 1.5 2+0 2.5 2.9 1*9 25 3.1 3.6 3.7 4.4 5.7 7.0 4.4 5.2 6.8 8.4 5.2 6.2 8.1 9.9

0.9 1.1 1.1 1.4 1.8 1.4 1.8 2.2 1.6 2.1 2.6 3.0 1.8 2.4 3.0 3.5 2.1 2.7 3.4 4.0 2.3 3.0 3.8 4.5 4.1 4.9 6.4 7.9 4.5 5.4 7.0 8.6 4.9 5.8 7.7 9.4

ISA

3030

30x30

3,o 4.0 5.0

IS=\

353.5

35x3.5

3.0 4.0 5.0 `6.0

ISA

4040

40x40

3.0 4.0 5.0 6.0

ISA 4.545

45 x45

3.0 4.0 5.0 6.0

ISA

5050

50x50

3.0 4.0 5.0 6.0

IS-4

555.5

55x.55

5.0 6.0 8.0 10.0

ISA

6060

60 x60

5.0 6.0 8.0 10.0

ISA

6565

65 x65

5.0 6.0 8.0 10.0

.

(Continued)

155

TABLE 34

STEEL EQUAL ANGLES - Contd

.

D ESIGNATION

(A x3)

SIZE

%iICKNESS

SECTIONAL AR E A (4

WElGHT

(4
(3) mm 5.0 6.0 8.0 l&O 5.0 6.0 8.0 10.0 6.0 8.0 10.0 12.0 6.0 8.0 10.0 12.0 ,6*0 8.0 10.0 12.0 8.0 10.0 12.0 16.0 8.0 10.0 12.0 16.0 10.0 12.0 16.0 20.0 12.0 16:O 20.0 25.0

PER m (4

MOMENTS OF INERTIA ML---

MODULI OF S ECTION ,
ZYY

ZSS

ZUU
(7) cm4 49.8 58.8 75.5 90.7 61.9 73.1 94.1 113.3 89.6 115.6 139.5 161.4 128.1 166.4 201.9 234.9 178.1 231.8 282.2 329.3 312.7 381.5 446.4 564.6 526.3 `644.6 757.1 965.6 1 007.4 1 186.6 1 522.5 1 829.6 2 905.4 3 764.1 4 568.6 5 501*5

ZYY

(1)
ISA 7070

12)
mmxmm 70x70

(4) cm' 6.77 8.06 1058 13.02 7.27 8.66 11.38 14.02 92q 1221 15.05 17.81 10.47 13.79 17.03 20.19 11.67 . 15.39 1903 22.59 17.08 21.12 25.08 32~76 20.28 25.12 29.88 39.16 29.21 34.77 45.65 56.21 46.94 61.82 76.38 94.13

(5) kg

(6)
cm* 31.1 36.8 47.4 57.2 38.7 45.7 59.0 71.4 56.0 725 87.7 101.9 80.1 104.2 126.7 147.9 111.3 145.1 177.0 207.0 196.8 240.2 281.3 357.3 331.0 405.3 476.4 609.1 633.5 746.3 958.9 1 155*5 1 826.3 2 366.2 2 875.0 3 470.2

(8)
cm' 31.1 368 47.4 57.2 38.7 45.7 59.0 71.4 56.0 72.5 87.7 101.9 80.1 104.2 126.7 147.9 111.3 145.1 177.0 207.0 196.8 240.2 281.3 357.3 331.0 405.3 476.4 609.1 633.5 746.3 958.9 1 1555 1 826.3 2 366.2 2 875.0 3 470.2

(9) cm* 6.1 7.3 9.5 11.7 7.1 8.4 11.0 13.5 9.6 12.6 1.55 18.3 12.2 16.0 19.8 23.3 15.2 20.0 24.7 29.2 24.6 30.4 35.9 46.5 34.9 43.1 51.0 66.3 58.0 68.8 89.7 109.7 125.0 163.8 201.2 246.0

(10)
cm* 6.1 7.3 9.5 11.7 7.1 8.4 11.0 13.5 9.6 12.6 15.5 18.3 12.2 16.0 19.8 23.3 15.2 20.0 24.7 29.2 24.6 30.4 3.5.9 46.5 349 43.1 51.0 66.3 58.0 68.8 89.7 109.7 125.0 163.8 201.2 246.0

ISA 7575

75x75

ISA 8080

80x80

ISA 9090

90x90

ISA 100100

100x 100

IS.4 110110

110x 110

ISA 130130

130x 130

PA 150150

150x 150

ISA 200200

200x 200

.

5.3 6.3 8.3 lo.2 5.7 6.8 8.9 11.0 7.3 96 11.8 14.0 8.2 10.8 13.4 15.8 9.2 12.1 14.9 17.7 13.4 16.6 19.7 25.7 15.9 19.7 23.5 30.7 22.9 27.3 35.8 44.1 36.9 48.5 60.0 73.9

'

156

SP: 8 - 1970
TABLE 35 STEEL TEE BARS

V hSICNATION

SIZE NOMINAL (2) mm x mm

THICKNESS WOEFB

WEIGHT

S ECTIONAL AREA (5) cm% 1.45 2.26 4.45 5.66 6.85 12.69 18.97 28.88

MOMENTSOF~NERTIA t-- --7 Izz JYY (6) cmp .05 l.8 61 12.: 21.4 62.3 163.9 541.1 (7)

MODULI OF S E C T I O N ~---.-_h___~ zzx ZYY

(1)
ISNT 20 ISNT 30 ISXT 4 0 ISNT 50 ISNT 60 ISNT 75 ISNT 100 ISNT 1.50

(3) mm 4.0 4.0 6.0 6.0 6.0 9.0 10.0 10.0

(4) kg/m 1.1 1.8 3.5 4.4 5.4 10.0 14.9 22.7

(8)
cm3
0.3 0.8 2.1 3.4 4.8 11.4 22.2 47.5

(9) cmr 0.2 0.5 1.5 2.3 3.2 78 15.4 33.4

cm4
0.2 0.8 2.9 5.7 9.7 29.2 76.8 2503

20x 20 30x 30 60x 60 75x is 100x 100 150x 150
40X40 50x 50

TABLE 56 STEEL FLATS WlDTH mm 10 :; 3: z 4s 50 2; 65 3: :: 100 110 120 130 140 150 200 250 300 400 j.0 0.2 0.4 8:; 00:; 0.9 ::; 1.3
I.4 -

W EIGHT 4.0 ;:; I:! 1.1 1.3 ;:; 1.9 5.0 0.4 8:; ::; 1.4 ::; 4:; 2.4 6.0 0.5 8:; ;:; 1.6. ::; ;:;t 2.8 3.1 ;:: 3.8 2:: 5.2 5.6

IN

kg

PER

METRE,LENGTH 12 16

FOR

8.0

10.0

T HICKNESS , m m - - - - - 18 20 25 ' 32

I

\ 40. -

0.9 ::; :I; ;:; ;:f ::; t:; 5.0 5.6 6.3 6.9 7.5 $:i

-

;6 ::9 2.8 ::; i:; 4.7 5.1 :I; 76:: ;:"b + 1;.; 11.0 11.8 15.7 19.6 -

;4 ::: 3.8 t:: 5.2 i:; ;:: s':: 190.: 11.3 12.2 13.2 14.1 18.8 23.6 28.3 -

: ;:; ::; ;:; ;I: ;:i 11.3 IO.0 12.6 13.8 15.1 16.3 17.6 18.8 25.1 31.4 37.7 50.2

1 CO 5.6 ;:; s':; 9.2 1z.z 12.7 11.3 14.1 15.5 ;;:r: 19.8 21.2 28.3 35.3 42.4 56.5

-

-

cj ;::
;:; 18.; 11.0 11.8 12.6 14.1 15.7 17.3 18.8 20.4 22.0 23.6 31.4 39.2 47.1 62.8

z F8 10.8 11.8 12.8 13.7 14.7 15.7 17.7 19.6 21.6 23.6 25.5 27.5 29.4 39.2 49.1 58.9 78.5

Cl 16.3 17.6 IS.8 20.1 22.6 25.1 27.6 30.1 32.7 35.2 37.7 50.2 62.8 75.4 100.5

-

2G 22.0 23.6 2.5.1 28.3 31.4 34.5 37.7 ZZJ 47.1 62.8 78.5 94.2 125.6

-

--I

-

N OTE - The sign I-' given in the table indicates that the flat of the concerned width-thickness combination is not manufactured in the country.

157

SP: 8 - 1970
TABLE 37 ROUND AND SQUARE STEEL BARS
Round Bars
I.

TABLE 39 STEEL CHEQUERED PLATES THICKNESS mm 5 6 7 8 10 12 14 16
STANDARD

DESIGNATION

DIAMETER

SECTIONAL AREA cm1 0.20 O-28 0.50 0.79 l-13 2.01 3.14 4.91 6.16 1Z 12.57 15.90 19.64 24.63 31.17 3959 5026 63.62 E:Z 122.72 153.94 201.06 254.47 314.16

Caoss-

WEIGH? PER METRE k8

*WEIGHT PER Sf.)IJNiE METRE kg 39 47 55 63 78 94 110 126

mm ISRO 5 ISRO 6 ISRO 8 JSRO 10 ISRO 12 ISRO 16 ISRO 20 ISRO 25 ISRO 28 ISRO 32 ISRO 36 ISRO 40 ISRO 45 ISRO 50 ISRO 56 ISRO 63 ISRO 71 ISRO 80 ISRO 90 ISRO 100 ISRO 110 ISRO 125 ISRO 140 ISRO 160 ISRO 180 ISRO 200 5.0 6.0 A8 :z 20

8:;
0.4 $9" ::; ::; 6.3 ;:!j 12.5 15.4 19.3 24.5 31.1 39.5 49.9 61.7 74-6 96.3 :E 199.8 246.6

*Conforms to the weights given in IS: 1730-l%l `Dimensions for steel plate, sheet and strip for structural and general engineering purposes'.

Square Bars
r---DESIGNA -

TABLE 40 MILD STEEL SHEETS PER METRE k8 ;:: ;:; ;:; 3-l 4.9 1i.Z 19.6 31.2 50.2 78.5
WEIGH;

TION

SIDE WIDTH

SECTIONAL AREA cm=

CROSS-

STANDARD NOMINAL T HICKNESS A N D WEIGHT * Weighi ' Thickness mm kg/m" 4.00 3.55 3.15 2.30 2.50 2.24 2.00 1.80 1.60 1.40 1.25 1.12 1 .oo 0.90 0.80 0.63 0.50 040 31.4 z-s 22 19.6 17.6 15.7 14.2 12.6 11 9.8 8.8 I:; ::; 3.2

STANDARD SIZES mmxmm 1800x 6 0 0 750 900 1000 1100 1 200 1 2.50 1 400 1500 2 000 x 600 750 1 FE 1100 1200 1 250 1400 1 500 2200x 6 0 0 750 900 1 000 1 100 1 200 1 250 1400 1500 2500x 6 0 0 7.50 1:: 1 100 1200 1 2.50 1400 1500

STANDARD SIZES mmxmm 2800x 600 750 900 : % 1 Loo :3z 1500 3200x 600 750 900 :!z 1200 1 250 :% 3600x 6 0 0 750

ISSQ ISSQ ISSQ JSSQ ISSQ ISSQ

5 t 10 12 16 20

0.25 036 0.64 ::; 2.56 4-00 6.25 1024 16.00 2500 39.69 64.00 100-00

E8 ;; 1ssg 4 0 ISSQ 5 0 ISSQ 63 ISSQ 80 ISSQ 100

TABLE 38 STEEL RAIL SECTIONS STANDKRD WEIGHTS+ kg `metre 24.8 29.8 37.1 *Conform to IRS No. T-12.64 ' Indian Railway Standard Specification for flat bottom railway rails'. STAXDARD WEIGHTS*

_

kg,`metre 44.6 51.9

4000x 6 0 0 750 1% 1100 1200 :E 1500

:z

158

SP: 8 - 1970

TABLE 41 NOMINAL WEIGHTS OF GALVANIZED PLAIN SHEETS

SIZE

C OATING
CLASS

`ZINC

$heets/
mxm 1*8x 0.9 2.2x0.9 2*sxw 2.8x 0.9 3.2x 0.9 1*8x 0.75 2*2x 0.75 2.5 x 0.75 2.8 x 0.75 3*2x 0.75 1*8x 2*2x 2.5 x 2*8x 3*2x 1*8x 2.2x 2.5 x 2.8 x 3*2x 0.9 0.9 0.9 0.9 0.9 0.75 0.75 0.75 0.75 0.75

1.25 mm 1.60 mm I_

bundle 5 4 4 3 3 6 5 4 4 3 5 4 4 3 3 6 5 4 3

Weight euee.e.;i kgl bundle
107.8 105.4 119.8 100.6 115.0 107.8 109.8 98.2 111.8 95.8 106.6 104.2 118.4 99.5 113.7 106.6 108.6 98;7 110.6 94.7 105.4 103.0 117.1 98.4 112.4 105.4 107.4 97.6 109.3 93.7 104.8 102.5 116.5 97.8 111.8 104.8 106.8 97.0 108.7 93.18 6 5 5 4 4 7 6 5 5 4 6 5 5 4 4 7 6 5 5 4 6 5 5 4 4 7 6 5 5 4 6 5 5 4 4 7 6 5 5 4 -

0.80 mm 0.63 mm ' l-00 mm I - A . Weight `Sheets/ We& gheetsl We&hi Sheets/ lVeight bundli bundl; ke7 kid bundld kg/ kgl bundle bundle bundle bundle 102t7 104.6 118.8 106.4 121.7 99.8 104.5 99.0 110.9 101.4 101.2 103.0 117.1 104.9 119.9 98.4 103.1 97.6 109.3 99.9 99.7 101.6 115.4 103.4 118.2 97.0 101.6 96.2 107.8 98.5 99.1 100.9 114.6 102.7 117.4 96.3 100.9 95~6 107.0 97.8 -

THICKNESS OF SHEET *

Class I

8
7 6 5 5 9 8 7 6 5 8 7 6 S 5 9 8 7 6 5 8 7 6 5 5 9 8 7 ~6 5

111.5
119.2 116.1 108.4 123.8 104.5 113.5 112.9 108.4 103.2 109.5 117.1 114.1 106.4 121.7 102.7 111.5 110.9 106.4 101.4 107.6 1150 112,l 104.6 119.5 100.8 109,6 108.9 104.6 99.6 106.6 114.0 111.0 104~0 118.4 99.9 108.5 107.9 103.6 98.6 -

10
8 7 6 6

113.9 111.4 110.7 106.3 121.5 113.9 116.0 118.6 118.1 118.1 111.5 108.9 108.4 104.0 118.9 111.5 113.5 116.1 115.6 115.6 109.0 106.6 106.0 101.8 116.3 109.0 111.0 113.6 113.0 113.0 107.9 1 OS.5 104.9 100.7 115.1 107.9 109.9 112.4 111.9 111.9

12 10 9 8 7 14 12 10 9 8 12 10 9 8 7 14 12 10 9 8 12 10 9 8 7 14 12

110.7 112.9 115.3 114.9 114.8 107.6 112.8 106.8 107.7 109.4 107.9 109.9 112.4 111.9 111.9 104.9 109.9 104.1 104.9 106.6 105.0 106.9 109.3 108.9 108.8 102.1 106.9 101.2 102.1 103.7 103.4 105.3 107.7 107.3 107.2 100.5 1 OS.4 99.8 lOO*S 102.2

Class I

12 10 9 8 7 10 8 7 6 6 12 -10 9 8 7 10 8 7 6 6 12 10 9 8 7 10 8 7 6 6 12 10 9 8 7

Class II

Class II

4

1.8x 0.9 2.2x 0.9 2.5 x 0.9 2.8 x 0.9 3.2x 0.9 1.8x 0.75 2*2x 0.75 2.5x 0.75 2.8 x 0.75 3.2x 0.75 1.8x 0.9 2*2x 0.9 2.5 x 0.9 2.8 x o-9 3*2x 0.9 3.6x 0.9 1*8x 0.75 2*2x 0.75 2*5x 0.75 2.8 x 0.75 3*2x 0.75 3.6 x 0.75

Class III

5 4 4 3 3 6 5 4 4 3 5

Class III

10

9 8 12 10 9 8 7 14 12 10 9 8

Class IV

4 3 3 -

4

9 8 7 6 5

Class IG

6 5 4 4 3 -

*See Table 42 for details of the class of zinc coating.

159

SP: 8 - 1970
TABLE 42 NOMINAL WEIGHTS OF GALVANIZED CORRUGATED SHEETS SlZE
NO. OF CORRUGATlOXS THICKSESS OF S H E E T --____-h_---_

m

~_-h_.__ Sheets/ Weighi bundle kgi bundle

r---.1*60 mm

1.25 mm ?--h--l Sheets/ Weigh; bundle kg/ bundle

1.00 mm ,-------, Sheets/ Weighf bundle kg/ bundle

@SO mm ,--* Sheets! Weight bundle kg/ bundle

0.63 mm - - - - - sheets/ Weigh; bundle kg/ bundle

1

[Class I 750 g of Zinc (Spelter) Coating per Square Metre, Both Sides Inclusive] 1.8 2.2 2.5 2.8 3.2 1.8 2.2 2.5 2.8 3.2 10 10 10 10 10 8 8 8 8 8 [Class II 1.8 2.2 2.5 2.8 3.2 1i8 2.2 2.5 2.8 3.2 10 10 10 10 10 8 8 8 8 8 [Class III 1.8 2.2 2.5 2.8 3.2 1.8 2.2 2.5 2.8 3.2 10 10 10 10 10 8 8 8 8 8 5 4 4 3 3 6 5 4 4 3 5 4 4 3 3 6 5 4 4 3 5 4 4 3 3 6 5 4 4 3 107.8 105.4 119.8 100.6 115.0 107.8 109.8 98.2 111.8 95.8 6 5 5 4 4 7 6 5 5 4 102.7 104.6 118.8 106.4 121.7 99.8 104.5 99.0 11@9 101.4 8 7 6 5 5 9 8 7 6 5 111.5 119.2 116.1 108.4 123.8 104.5 113.5 112.9 108.4 103.2 10 8 7 6 6 12 10 9 8 7 113.9 111.4 110.7 106.3 121.5 113.9 116.0 118.6 118.1 118.1 12 10 9 8 7 14 12 10 9 8 110.7 112.9 115.3 114.9 114.8 107.6 112.8 106.8 107.7 109.4

600 g of Zinc (Spelter) Coating per Square Metre, Both Sides Inclusive] 106.6 104.2 118.4 99.5 113.7 106.6 108.6 98.7 110.6 94.7 6 5 5 4 4 7 6 5 5 4 101.2 103.0 117.1 104.9 119.9 98.4 103.1 97.6 109.3 99.9 8 7 6 5 5 9 8 7 6 5 109.5 117.1 114.1 106.4 121.7 102.7 111.5 110.9 106.4 101.4 10 8 7 6 6 12 10 9 8 7 111.5 108.9 108.4 104.0 118.9 111.5 113.5 116.1 115.6 115.6 12 10 9 8 7 14 12 10 9 8 107.9 109.9 112.4 111.9 111.9 104.9 109.9 104.1 104.9 106.6

450 g of Zinc (Spelter) Coating per Square Metre, Both Sides Inclusive] 105.4 103.0 117.1 98.4 112.4 105.4 107.4 97.6 109.3 93.7 6 5 5 4 4 7 6 5 5 4 99.7 101.6 115.4 103.4 118.2 97.0 101.6 96.2 107.8 98.5 8 7 6 5 5 9 8 7 6 5 107.6 1150 112.1 104.6 119.5 100.8 109.6 108.9 104.6 99.6 10 8 7 6 6 12 10 9 8 7 109.0 106.6 106.0 101.8 116.3 109.0 111.0 113.6 113.0 113.0 12 10 9 8 7 14 12 10 9 8 105.0 106.9 109.3 108.9 108.8 102.1 106.9 101.2 102.1 103.7

[Class IV 375 g of Zinc (Spelter) Coating per Square Metre, Both Sides Inclusive] 1.8 2.2 2.5 2.8 3.2 3.6 1.8 2.2 25 2.8 3.2 3.6 10 10 10 10 10 10 5 4 4 3 3 104.8 102.5 116.5 97.8 111.8 6 5 5 4 4 99.1 100.9 114.6 102.7 117.4 _ 8 7 6 3 106.6 114.0 111.0 104-o 118.4 -, 99.9 108.5 107.9 103.6 98.6 10 8 7 6 6 12 10 9 8 7 107.9 105.5 104.9 100.7 115.1 107.9 109.9 112.4 111.9 111.9 12 10 9 8 7 14 12 10 9 8 103.4 105.3 107.7 107.3 107.2 100.5 105.4 99.8 100.5 102.2 -

-

-

96.3 9 7 6 1048 8 8 6 100.9 5 106.8 8 95.6 7 97.0 5 4 8 107.0 6 4 108.7 5 8 97.8 5 3 93.18 4 8 S----_-

160

SP: 8 - 1970
TABLE 43 BARE COPPER CONDUCTORS S T A ND A R D DIAMI~TER C ALCULATED A REA ON S TANDARD DIAMETER (2) mm% 1.453 2.011 2.270 3.530 5.515 7.069 8.296 8.814 9.898 10.46 11.04 S TANDARD R",:`s;`o^"c" I PER k m (3) ohm 12.21 8.823 7.815 5.025 3.215 2.507 2.136 2.010 1.790 1.693 1.604 S TANDARD W EI G H T PER k m (4) kg 12.91 17.87 2018 31.38 49.03 62.84 73.75 78.36 87.99 93.02 98.10 S T A N DA R D DXA~IJLTER C ALCULATED A REA ON STANDARD DIAM,ETER STANDARD RFSISTANCE AT 20�C P ER k m (3) ohm 1.248 1.113 0.998 7 0.901 4 0.801 9 0.718 1 0.532 7 0.446 3 0,399 8 0.248 8 S T A N DA R D WElGHT PER k m (4) kg 126.1 141.4 157.5 174.6 196.1 219.0 295.0 352.0 392.7 630.1

(1) m m l-36' 1.60* 1.70' 2.12' 265' 300' 3.25*t 3*35* 3.55*1 3*65* 3.75*

(1)
mm 4*25*t 4.sot 4.75* 500* s-30* t 5.60* 6.50t 7.10t 7.50t 9.50t

(2)
mmr 14.19 15.90 17.72 19.63 22.06 24.63 33.18 39.59 44.18 70.88

*Standard sizes recommended for stranded conductors. tStandard sizes recommended for use as solid conductors.

.

TABLE 44 COMPARISON TABLE FOR WIRES AND CABLES NUMBER AND DIAMETER OF WIRES KOMINAL CROSSSXTIONAL AREA W EI G H T PER k m S TANDARD REXSTANCEOF C ONDUCTORS (AT 20�C) PER k m M A XI MUM A L L O W A B L E RESISTANCEOFEACHCONDUCTOR PER km (AT 20�C) r- _A_-__-Single Core Twin and ' and Flat Multi-Core Cables Cables (5) ohm 18.02 11.54 6.978 6.777 4.506 4.502 2.884 2.895 1.660 1.126 0.648 4 0.520 5 0370 6 0.239 3 0.192 1 0.145 4 0122 9 0.098 71 0.074 59 0.059 88 0041 59 (6) ohm 18.38 11.77 7.118 6.913 4.596 4.592 2.942 2.954 1.693 1.149 0.661 4 0530 9 0378 0 0244 1 0.195 9 0148 3 0125 4 0.10) 7 0076 08 0.061 08 0042 42

(1)
mm l/1.12 l/1*40 l/1.80 3/l ~06 112.24 71085 712.80 7l1.06 711.40 711.70 712.24 7/2.50 1911.80 1912.24 19/2+50 3712.06 3712.24 3712.50 6112.24 61/2*50 61/3.00 1.0 1,s 2.5 4.0 6 10 16 25 35 50 70 95 120 150 185 240 300 400

(3) kg 8.76 13.68 22.62 23.08 35.03 34.72 54.74 53.99 97.47 143.7 249.8 310.7 437.9 6.78.2 844.8 1118 1 321 1646 2 179 2 714 3 9 0 9

(4) ohm 17.50 11.20 6.775 6.644 4.375 4414 2,800 2.83 1 1.627 1.104 0.635 7 0.510 3 0363 3 0234 6 0188 3 0142 5 0.120 5 0.096 77 0.073 13 0.058 71 0.040 77

SP: 8 - 1970 . . ..--__U_ -.w---_
TABLE 45 UNEQUAL ANGLE%
DESIGNATIOS SIZE THICKNESS WEIGHT PER METRE (4)
DESIGSATIOS

SIZE

THICKNESS

\V.\;EIGHT PER METRE (4) kg ;:t

(1)

(2) mm x mm

(3)

(1)
ISA 9060

(2)
mmxmm
90x60

(3)

mm
3.0 4.0 5.0 3.0 4.0 ;:;
:::

mm
6.0 8.0 10.0 120 6.0 *ito"

ISA 3020

30x20

1.8 1.5 1:; 2.8 ;:: 2.8 3.3 1.8 2.4 3.0 3.5 3.7 4.4 5.8 4.1 4.9 6.4 4.3 5.2 6.7 8.3 ISA 10065 100 x65

TSA 4025

40x25

11.0 13.0 9':; 12.2 8.0 10.5 13.0 15.4

TSX 4530

45 x30

3.0 4.0 Z:.8

ISA 10075

100x75

6.0 8.0 10.0 12.0 ;:; 10.0 6.0 11I.x 12.0

ISA 5030

50x30

3.0 4.0 ;:;

ISA 12575

125 x75

14.9 10.1 13.4 16.5 19-7 13.7 17.0 20.2 16.3 20.1 24.0 3 1 . 4 22.9 27.3 35.8 26.9 32.1 42.2 52.0

2.:

ISA 6040

60x40

5.0 6.0 8.0 2:; 8.0

ISA 12595

125 x95

ISA 6545

65 x45

ISA 15075

150 x75

Z.8 12.0 8.0 10.0 12.0 16.0 10.0 12.0 16.0 10.0 12.0 16.0 20.0

ISA 7045

70 x45

ISA 150115

150x115

ISA 7550

75 x50

5.0 6.0 8.0 10.0 5.0 6.0 1 %

4.7 5.6 7.4 9.0 4.9 5.9 7.7 9.4

ISA 200100

200 x 100

ISA 8050

80x50

JSA 200150

200 x 150

TABLE 46 BULB ANGLES
D ESIGN ATION

SIZE

T H I C KNESS OF WEB (3)

THICKNESS OF FLAXGE (4)

W EIGHT PER _vETRE (5)

DESIGNATION

SIZE

TIIICKNESS OF WEB (3)

T H I C KNESS OF FLANGE (4)

W EIGHT PER METRE (5) kg 33.6 31.4 37.3 34.9 39.2 40.9 45.6 47.5 52:6

(1)
ISRA 100 ISBX 100 ISB_I\ 125 ISBA 125 ISBA 150 ISBA 150 ISBA 175 ISBA 175 ISBA 17.5 ISBA 200

(2)
mmxmm
100x65 100 x65 125 x75 125 x75 150x75 150x75 175 x90 175 x90 175 x 9 0 200 x90

(1)

(2)

mm
6.0 7.0 7.0 8.0 8.0 10.0 8.0 10.0 12.0 11.0

mm
6.0 6.5 7.0 7.5 8.0 9.0 9.0 IO.0 Il.0 11.0

kg
8.6 9.6 12.2 13.4 16.1 18.8 20.0 23.3 26.5 28.2
ISBA 200 ISBA 22.5 ISBA 225 ISBA 250 ISBA 250

mmxmm
200x90 225 x 90 225 x 90 250 x 90 250 x 90 275 x 90 275 x 90 300 x 90 300x90

mm
14.0 11.0 14.0 11.0 13.0 12.0 14.0 13.0 15.0

mm
12.5 11.0 12.5 11.0 12.0 12.0 13.0 13.0 14.0

ISBA 27.5
ISBA 275 ISBA 300 ISBA 300

162

AMENDMENT NO. 1 JANUARY 1973
TO

SP : 8 - l970 IS1 HANDBOOK OF MA-TICAL, PHYSICAL, CHEMICAL AND ENGINEERING TABLES
Addenda
This amendment to the IS1 Handbook of Mathematical, Physical, Chemical and Engineering Tables (SP : 8 - 1970) introduces two new tables, namely, 18A. and 25A in Section 2 Physical and Chemical Tables; and three new tables, namely, 3!2A, 37A and 37B in Section 3 Engineering Tables. Besides, four existing tables, namely, Tables 33, 94, 35 and 37, in Section 3, have been enlarged to incorporate a column each giving data on centre of gravity, perimeter, etc. In another Table' 45, the amount of data added is so substantial that the rev&d table replaces the existing Table 45 on page 162 of the Handbook. The details of the contents of the amendment are as under, which should be read in conjunction with the Handbook (SP : 8 - 1970):

TAB= No.

TITLE

RmARKs

Section 2 Physical and .Chemical Tables
18A 25A Psychrometric Properties of Air Some Physical Constants These two are new tables introduced in the Handbook

Section 3 Engineering Tables
32A 33 Rolled Steel Heavy Beams Rolled Steel Channels New table introduced Introduces ' data on `Centre of Gravity' in a new column No. 12 in Table 33 (P 154) Introduces data on `Centre of Gravity' in a new column No. 11 in Table 34 (P 155) Introduces data on `Centre of Gravity Position' in a new column No. 10 in Table 35 (P 157) Introduces data on `Perimeter' in case of `Round Bars' only in a new. column No. 5 in Table 37 (P 158)

34

Steel Equal Angles

35

Steel Tee Bars

37

Round and Square Steel Bars

37A 37B 45

Indian %tandard Rivets *(Snap Head Rivets) Indian Standard Bolts and Nuts (Hexagon Head) Steel Unequal Angles

New tables introduced

This table replaces Table 45 Unequal Angles (P 162) as it provides substantial additional data in eight more columns 1

B NO. 1 TO & I 9 - 1970
T A B L E 19A PSYCHROMETRIC PROPERTIE OF AIR* Nom - The values ofentbalpy in columns 4,5,8 and 10 are measured from water at 0�C.

l-

PROPERTIESOFWATER

(O

R

ICE) ANDSTEAM

PRSSSSSsOp
Saturation

: r I
(

?ROPERTIEBOF~Y f kOPERTIE8 OF MIXTU RROFbY
JRATAhESSIJRE
OF

76.00 cm Hg

A IR AND S ATURATE D STFAM ATA TOTAL PRESSUREOF

76.00 ~4 Hg

Volume, ma/kg

"Ym S
E

nthalw

aturated

xrn Hg

lb* gf/cm'

Ice -20" to OOC) Bthalpy of laturated Water 1" to loo0 I, k=l/kg (4)

bf +turated steam, k&/kg

$xCific Jolume of at&ted Steam: ma/kg

specific

olume of' E`"$pY diture er kg of I hlrttture. hy Air, cr kg of ma/kg zlj$

ipecffic

humidity erkg of hy Air, "Irglkg

(1)
-20 -19 -18 -17 -16 -15 r; -12 -11

(2)

(3)
1.052 1.158 :::;: 1.536

(5) 588.5 588.9 589.4 589.8 590.3 590.7 591.2 591.6 592.0 592.5 592.9 593.3 593.8 594.2 594.7 595.1 595.6 596.0 596.4 596.8 597.2 !I~~:~ 598.5 599.0 599.4 "599.8 600.2 600.7 601.1 601.6 602.0 602.5 602.9 603.4 603.8 :::`:

(6)
1 132.4 1 033.2 948.5 %:r: 721.0 660.7 605.3 554.9 509.2, 467.5 429.6 395.0 363.4 334.6 308.1 284.1 262.1 241.8 223.3 206.3 192.7 180.0 168.2 157.3 147.2 137.8 129.1 121.0 113.4 106.4 99.9: 93.8! ;;; ;z 6911:

(7) 0.716 5 0.719 8 0.722 2 0.725 1 0.727 9 0.730 8 8%: x:z z X:Z t x::;: 3 0.756 3 0.259 2 0.762 0 8%; 0.770 5 0.773 4 0.776 2 ::zr: 01784 7 0.787 5 0.790 4 0.793 2 0.796 0 O-798 9 0'8018 0.804 6 0.807 4 0.810 3 0.813 1

-W
-4.81 1;:;; -4.09 - 3.85 -3.61 1;;; -2189 -2.65 -2.41 -2.17 - 1.93 - 1.68 - 1.44 - 1.20 -0% -0.72 -0.48 -0.24 0.00 8':: 0172 0.96 1.20 1.44 1.69 1.93 2.17 2'41 2.65 2.89 3.13 3.37 3.61 4.09 3.85

(9)
o-717 3 0.720 2 0.723 0 0.726 1 0.728 7 0.731 6 0.735 0 0,737 8 8:Z! Z 0.746 6 0.750 0 0.753 0 0.756 1 0.758 9 0.762 2 0.765 6 Z:Z "; 0.775 0 0.777 8 0.781 2 0.784 5 0.787 9 0.791 3 0.794 7 0.798 0 0.801 4 0.804 8 0.808 2 0.8115 0.814 9 8::;: : 0.826 2 -4.433 -4,153 - 3.873 $5' - 3.006 -2.706 - 2402 - 2.092 - 1.776 - 1.456 - 1.126 - 0.792 -0444 - 0.093 0.272 0.642 1.030 1.422 1.830 2.256 2.666 3.090 3.526 3.978 4.439 4.919 5.44 1 5.918 6449 6.994 7.559 8.144 8.754 9.383 10.04 IO.71 11.42 12.16 12.92

(11)
0.633 5 0.697 3

x: 00;: "; 0.093 6
0.102 9 0.112 9 X:::; ;: ..0.148 8 0.162 9 0.178 2

- 89.39
- 88.89

-88.42 -87.94 -87.50 - 87.00 :E:;: -85.56 -85.11 -84.61 -84.11 -83.61 Al3.13 -82.67

8'EX 01918 2
I.015 1.113 1.220 1.336 1462 l-597 I.746 1.907 2.081 2.269 2.474 2.695 2.9% ::K 3.771 4;057 4.362 4.686 5.031 5:% 6.210 6.654 7.127
7629

0.301 2 0.327 9 0.356 9 0.388 2 0.421 8 0458 0 0.492 4 0.529 1 0.568 1 0.609 7 0.653 9 0.701 0 0.751 0 0.804 1 0.860 5 6.920 4 0.983 9 1.051 2 1.122 5 I.198 2
15

4.0% 4.45! 4.85: z * ! 6.221 6.69 z* : 8.28! 8.89l 9*53( 10.21( 10.93: 11*69! 12.51: 13.371 14.29 15.26 16.28

z:;*:: -~81:17 -80.67 -80.17 I -79.67 040 i 1.01 2.01 3.02 4.02 5.03 %! 8104 9.04 lO+l 1 I.04 12.04 13.04 14.04

8.162 8.729 9.333 9971 IO.65 Il.37 12.13 12.94 13.79 (Conthued)

1.278 1 1.362 B I.452 4 1.547 1.647 * Reprodul

17.j7 15.04 18.52 16.04 19.74 17.04 21.03 18.04 ~22.39 19.0: from IS1 Handbook of

0.829 6 0433 6 0.837 6 01821 6 605: i 65.U 4.33 0.841 6 0.824 4 605.6 61.3! 4.57 0.845 6 0.827 3 quantities, conversion factors, formulae and tables.

: X't;g;

2

AMENDMENT NO. 1 TO SP

I

8 - 1970

TABLE 18A PSYCHROMETRIC PROPER= OF AIR-Cmtd
NOTE-The values of enthalpy in columna 4,5,8 and 10 are measured from water at 0�C.

PROPERTIE.S
OF

PROPERTIESOPDRY kR AT A &UBSURE OF 76.00 cm Hg 1PROPERTIRSOFMIXTLIRBOFDRY Am AND S ATURATED S T EA M ATA TOTALPRESSUREOF 76-00 cm Hg Volume of Mixture En$falpy per kg of Mixture Dry Air, per kg of Dry Air, m*/kg kcal/kg Specific humidity perk o f Dry Lr o-' kg&

WATZR (OR I C E)

AND

STEAM

TEMPE RATURI "C Saturation Pressure of Water and Steam

En:+y
Saturated Ice (-$E) to

Specific V":fme Saturated Sttam, ma/kg

Yolume, ma/kg

specific

Znthalpy kcal/kg

Ent$lp y
cm Hg lo-' kgf1c.m Saturated Water 0" to 100' :), kcal/k (4), (5) 606.0 606.5 606.9 607.3 607.8 608.2 608.6 609.1 609.5 610.0 30.00 31.00 32.00 32.99 33.99 34.99 35.99 3%: 38:98 39.98 40.98 41.97 42.97 43.97 44.96 45.96 Z.E 48.95 49.95 50.95 51.95 52.94 53.94 54.94 55.94 56.94 57.94 58.94 610.4 610.8 611.3 611.7 612'1 612.5 613.0 613.4 613.9 614.3 614.7 615.2 615.6 616.0 616.4 616.8 617.2 617.7 618.1 618.5 619.0 619.4 619.8 6202 62056 621.0 621.5 z:`: 62217

(21 -1.753 1.864 1.982 2.106 2.237 2.375 2.520 2.673 2.834 3.003 3.181 3.369 3.565 3.772 3.989 4.217 4.455 4.706 4.969 5.244 5.531 5.833 6.149 6,480 6.825 7.187 7.564 7.959 8.372 8.802 9.252 9,754 10.210 10.721 11.253 1 I.806 12.383 t% 14.262

(3) 23.83 25.34 26.94 28.63 30.41 32.29 34.26 3634 38.53 40.83 43.25 45.80 48.47 51.28 54.23 57.33 60.57 t!z 71129 75.20 79.30 83.60 88.09 92.79 97.71 102.84 108.21 113.82 119.67 :23::;: 138.81 145.75 152.98 160.51 168.35 176.53 185.04 193.90

(6)
57.84 54.56 51.49 48.63 45.94 43.41 41.04 38.82 36.73 34.77 32.93 31.20 29.58 28.05 26.61 25.25 23.97 22.77 21.63 20.56 19.55 18.60 17.70 16.85 16.04 15.28 14.56 ::::: 12.63 12.05 11.50' 10.98 10.49 10.02 9.584 t:::: 8.385 8.025

(7) 0.830 1 0.833 0 0.835 8 0.838 7 0.8415 0.844 4 0.847 2 0.850 0 0.852 9 0.855 7 0.858 5 0.861 3 0.864 2 0.867 1 0.869 9 0.872 8 0.875 6 0.878 4 0.881 3 0.884 1 0.886 0.889 0.892 0.895 0.898 9 7 6 4 3

(8)
4.81 5.05 5.29 5.53 5.77 6.01 6.25 6.49 6.73 6.97 7.21 7.45 7.69 87% 8.42 8.66 8.90 9.14 9.38 9.62 1t.E 10.34 10.58 10.82 11.06 11.30 11.54 Il.78 12.02 12.27 12.51 12.75 12.99 13.23 13.47 13.71 13.95 14.19

(9) 10.849 6 0.854 1 0.858 0 0.862 6 0.867 0 0.871 5 0.875 9 0.881 1 0.885 8 i.O.890 8 0.895 8 0.9014 0.907 0 0.912 7 0.918 3 0.923 9 0.930 1 0.936 4 0.942 9 0.949 6

(10) 13.72 14.55 15.41. 16.32 17.25 18.23 19.76 20.33 21.45 22.62 23.83 25.11 26.45 27.85 29.32 30.85 3246 34.15 35.92 37.78 39.72 41.77 43.92 46.17 48.54

(11) 14.70 15.66 16.66 17.76 18.89 20.09 21.37 22.72 24.14 25.65 27.23 28.91 30.69 32.56 34.53 36.63 38.83 41.17 43.63 46.26 48.97 51.87 E 61158 65.19 69.01 :;::: 81.81 86.57 91.61 96.95 102.6 108.6 114.b 121.7 128.8 E:";

0.901 1 0.904 0 0.906 8 0909 7 0.912 5 0.915 3 0.918 2 8:::: : 0.926 6 0.929 5 0.932 3 0.935 2 0.938 0 0.940 9

0.995 1 1.000 0 1.013 0 1.022 3 1.031 8 I.042 5 1.053 1 I.063 7 1.075 6 1.087 7 :`E! 11127 9 1.142 8 1.158 5

51.03 53.66 56.42 59.33 62.39 65.61 Ez 76139 80.39 84.62 89.10 93.84 98.86 104.2

3

AMENDMENT NO. 1 TO SP: 8 - 1970

TABLE 18A PSYCHROMETRIC

PROPERTIES QF AIR--cartd

No-m-The values of enthalpy in columns 4,5,8 and 10 are meamred.f?om water at 0%. PROPERTIE(I
OF

W ATER ( OR I C E)

AND

ST E A M

`ROPERTUB OF MIXTIJRB OF DRY AlRAND SATURATED STEAM AT A T OTAL P~~SIJRB op 76+lO .cm Hg

TEMPE. RATURE I, "C

Saturation Presssr ;:z

En:f+y iaturated Steam, kcal/kg

Specific volume of saturatec Steah, ma/kg

Volume, ma/kg

Specific

llthalpy, Ical/kg

`olume of Mixture ler kg of hy Air, ma/kg

$thalpj of Gxture crkgof hy Air, :cal/kg

Specific Iumidity
I-'

gx-f kg&g

cm Hg

10-a kgf/cm'

(1)

(2)
14-94 15.65 16.38 17.14 17.93 18.76 19.61 20.50 21.42 22.38 23.37 24.40 25.47 26.58 27.72 28.91 30.14 31.42 32.74 34.11 35.52 36.98 38.50 40.07 41.68 43.35 45.08 Z; 50.62 52.59 54.62 56.71 58.87 61.10 6340 65.77 68.22 70.73 73.33, 76.00

(3) 203.1 212.7 222.7 233.0 243.8 255.0 266.6 278.7 291.2 304.2 317.7 331.7 z 37S19 393.1 Z.28 445.1 463.7 482.9 502.8 z:"; 566.7 E: 63712 662.3 688.2

(4) 5944 60.94 61.94 62.94 63.94 64.93 65.93 66.93 67.93 68.93 69.93 E 72193 73.94 7494 75.94 76.94 77.95 78.95 79.95 80.95 81.95 Z:E E.E 86.97 87.97 88.98 89.98 90.98 91.99 93@0 94.00

(5) 623.2 623.6 624.0 6244 624.8 625.2 625.6 626.0 626.4 626.9 627.3 627.7 628.1 628.5 628.9 629.3 629.7 630.1 L%z 631.3 631.7 632.1 632.5 632.8 633.2 633.6 634.0 634.4 634.7 635.1 635.5 635.9 636.3 636.7 637.0 %8 63812 638.5 638.9

(6)
7682 7.356 7.046 6.752 6.473 6.206 5.951 5.709 EZ 5.045 4.84: 4.65f 4*47c 4.30: 4*13( 3.975 3.82t 3.681 3.541 3*41( 3.28: 3.16: i:$ % 2:63( 2.535 2445

(7) 0.943 7 0*946 5 0.949 4 0.952 2 0.955 0 Ezt 0.963 7 0966 4 0.969 2 0.972 1 0.974 9 0.977 8 0.980 6 0.983 4 0.986 3 0.989 1 ::%S 0.997 6 ::E% 1.006 2 1.009 0 1.011 8 1.014 7 1.017 5 1.020 3 1.023 1 I.026 0 1,028 8

03)
1443 1467 14.91 :kE 15.63 15.87 16.12 16.36 16.60 16.84 :::g 17.56 17.80 18.04 18.28 18.52 :::;; 19.25 1949 :t :: 20.21 %% ;Q;; 21:42 21.66 -

(9)
1.174 8 1.192 2 1.210 2 Et ; ::;3: : 1.319 8 1.345 9 I.374 1 1.404 0 :::;: : 1.508 2 1.548 5 1.5919 1.639 6 1.691 7 1.748 1 1.810 2 1.878 4 1.955 1 2.040 0 %`: f 2.362 8 2.502 1 2663 6 2.851 4 3.073 7 3.339 8 -

(10)
109.8 115.8 122.2 128.9 136.2 143.9 152.2 161.0 170.4 180.6 191.4 203.2 215.8 229.5 244.4 260.5 278.1 297.3 318.4 341.6 367.2 395.8 427.7 463.4 503.7 549.4 602.3 663.4 734.7 819.1 920.2 -

(11)
153.0 162.2 171.9 E:3 205.1 217.9 231.3 245.9 261.5 278.3 296.5 316.1 3% 385.1 412.6 zt 511:3 551.1 595.6 645.3 701.1 763.9 8 3 5 . 3 917.7 : !E 1256 1414

-

861.9 894.2 927.4 961.6 996.9 1033.2,

95.01 96.01 97.02 98.02 99.03 loo*04

-i1.671

-

-

AMENDMENTNO. lTOSPr8-1970

TABLE 25A SOME PHYSICAL CONSTANTS*

b' 00-w

Fint Bohr Radius Fine Structure Constant Velocity of %ht First Radiation constant Second Radiation Constant Electronic charge Charge to Mass Ratio of Electron Faraday Constant Gravitational Constant Planck% constant

5.291 73 x 10-e cm
7.297 29 x 10-a

g-723 60 3.863 16 2.136 85 10.476 82 15.698 26 0.158 00 TO.681 50 Rr.204 69 17.722 qS 7.245 2'5 3.984 63 8.824 13 Ti.82121 o-023 02 T5.139 69 T6.140 03

2u8 0=hc a-l

Boltzmannil Constant Coqnpton Wavelength of Electron Compton Wavelength of Proton Compton Wavelength of Neutron Wiendisp~cnt-law Constant Atomic Man of Electron Atomic MMB ofHydrogen Atomic Maaa @Neutron Atomic Mm of Proton Ratio of Proton to Electron Mass Electron Rat Mana Neutron Rat Maas Proton Rest Mass Rzg Ma9 ofElectron in Hydrogen Magnetic Moment of Electron Nuclear Magneton Bohr Magneton Avogadro'a Number Lwchmidt'r Number Ideal Gas Constant Rydberg Constant for Hydrogen Rydberg Constant for Infinite Mw Ratio of Physical to Chemical Scale of Atomic Weight Classical Electron Radius Steffan-Boltzmann Constant Molar Volume

1.370 372 x 10' 2.997 929 x 10U cm/s 4+919X 10-l` erg cm 1.438 80 cm deg 4.802 90 x lo-lo csu 1.602 08 x 10-D emu 5.273 02 x 10" cau/g 1.758 89 x 10' emu/g 9.652 1 x lo" emu (g-mole)-' 6.670 x lad g' cm* a-* exg s 6.625 3 x lo-" erg (1 1.054 45 x 10-m erg s/uu 1.379 4 3 x 10-I' 1.380 47 x K+' cqjdeg 2.426 27 x lo-' cm 1.32141 x 10-u cm l-319 59X 1O-U cm 0.289 782 cm deg 5.487 62 x lO-' 1.008 144 1.008 983 1.007 595 1.836 12 x l(r 9.108 5x lo-" g 1.674 73 x 10-u g 1.672 42 x lo-" g 9.1035x 10-m g 9.283 9 x 10-n erg/gauss 5.050 4 X lO_" erg/gauma 9.273 2 X 10-= erg/gau88 6.024 8 x low mole-' 2687 09 x lp' cm-J 8.317 OX 10' erg/mole deg l-096 78 x lo" .cm-l 1.097 37 X 10' cm-l 1.000 275 2.817 85x lo-- cm 5.669 2 x lO_` erg/cm* s dd 2.242 1 x 10' cm*lmole

TO48494
T3.12103 T3.120 44 T-462 07 4.739 38 0.003 52 0+03 89 0*003 29 3.263 89 28.959 44 R.223 95 3.223 34 28.959 20 2T.967 73 s.703 33 %%723 23.779 94 19.429 29 7.919 97 5UO 13 5.040 36 0.000 11 T3.449 92 5.753 53 4.350 66

*Reproduced from IS1 Handbook of quantities, conversion factors, formulae and tables.

5

AMENDMENTNO.lTOSPr8-1970

TABLJ3 3!tA ROLLED 8TEEL HEAVY BEAMS
DESIGNA- WE I G H T PER TION METRS SECDIUTH WIDTH T H I C K TIONAL NESS hU?A SEittON FLikE O F FLANGE a h b

Momma OF ~ERTU
-

RADII OF fhwnoN

ur

%I
A
C-3)
cm' 14556 1540.0 1 635.6 3 608.4 3 721.8 5 279-5 5 478.8 7 736.5 7 983.9
UIIII

1"

rw (10)
cm

`W

%OZIY , -%a r,
L

,

(1)
ISHB 150 ISHB 150 ISHB 150 ISHEZ 200 ISHB 200 ISHB 225 ISHB 225 ISHB 250 ISHB 250 ISI-IEZ 300 ISHB 300 .ISHB 350 ISHB 350 ISI-IFJ 400 ISHB 400 ISHB 450 ISJZXB 450

(2) kg
27-l 30.6 34.6 37.3 ii.: 46.8 51.0 54.7 58.8 63.0 67.4 72.4 77.4 82.2 87.2 92-5

(3) cm' 3448 3898 44.08 47.54 i% 59-66 64.96 69.71 74.85 80.25 85.91 92.2 1 98.66 104.66 111.14 117.89

(4)
mm

(5) mm 150 150 150 200 22: 225 250 250 250 250 250 250 250 250 250 250

`161 mm ;:z 9.0 9.0 ;I; 9.1 9.7 9.7 10.6 10.6 11.6 11.6 12.7 12.7 13.7 13.7

(9)
cm' 431.7 Z.!

(11)
cm

(12)
cm' 1w1 205.3 218-l 3%: 469-3 487.0 618.9 638.7 836.3 863.3 1094.8 1 131-6 1 404.2 I 444.2 1 742.7 1 793.3

(13) cm8 57.6 iit;

150 :zi ;ii 225 225 250 250 ~~ 350 350 iii 450 450

;:4'
11.8 ;:; 6.5 8-6 f:t ;:f 8-3 10.1 10":: 1;:;.

;:z E 6.09 3.35
8-71 8.55 9-80 4.51 4.42 4.96 4.84 5.49 5.37 5.41 5.29 5.34 5-22 5.26 5.16 5.18 5.08 9.58 IO.91 10.70 12.95 12.70 14-93 14.65 16.87 16.61 18.78 1650

396.6 961.3 011.7

123-O 156.9 159.7 175.5 178.4 196-l 199.4 218.3 221.3 238.8 242-l

12 545.2 2 193.6 12 950.2 2 246.7 19 159.7 2 451.4 19 802.8 28 083.5 28 823.5 39 2 10.8 40 349.9 2 510.5 2 728.3 2 783-O 2 985-2 3 045.0

TABLE 33 ROLLED STEEL CHANNBLS
DIBIQNATION

(1)

CW (12)
cm

CENTRE OF GRAVITY c Y.

(1)
ISMC 75 :Ez E ISMC 125 ISMC 150

(12) cm 1.32 ;:g :z 2.17 2-21 2.14 2.18 2.11 2.31 2.22 2.30 2.23 2.19

ISLC 75 ISLC 100 ISLC 125 ;g I $ 125

1.35 1.62 :`E 2139

:tiEi ISMC ISMC ISMC

:;i 175 200 200

ISMC 225 ISMC 225 ISMC 250 :z% % :xz ZE ISMC 300 ISMC 350 ISMC 400

6

AMENDMENT NO. I TO SP: 8.l970
TABLE 34 STEEL EQUAL ANGLES
DESIGNATION CENTRE OF GRAVITY C,=C, DFSIONATION

I

CENTRB OF GRAVITY C,=C,

(11)
cm

(1)
ISA 7070

(11)
cm

ISA 2020 ISA 2525

0.59 0.63 0.71 0.75 0.79 O-83 0.87 0.92

1.89 l-94 2.02 2.10 2.02 Z:E 2.22

ISA 7575

ISA 3030

ISA 8080 ISA 3535
0.95

::z
1.08 1.08 1.12 l-16 l-20 l-20 ::I: 1.33 ISA9090 ISA 100100

2-18 2.27

ISA 4040

2.42 2.51 2.59 2.66
2.76

2-67

ISA 4545

ISA 5050

1.32 l-37 l-41 1.45

ISA 110110

ISA 130130 ISA 5555

,
ISA 6060 1.65 ::;; l-85 ISA@65 l-77 1.81 1.89 l-97 ISA 200200 ISA 150150

3-67 3.82 4.08 4.16 4.31 446 5.39 5.56 5.71 5.90

TABLE 55 8TEEL TEE BAR8
DFSIONATION GENTRE OF G R AV I T Y POSITION C" DEWNATION CENTRE OF GRAVITy
i%ITION

(1)

(10)

cm

(1)
ISNT 60 :E 1: ISNT 1qo
I

CC4 (10)
cm 1.56 2-04 3::;

38 :E ISNT 40
ISNT 50

0.60 0.82 I.14 1.35

7

AMENDMENT NO. 1 TO SP: 8-1970
TABLE 37 ROUND AND SQUARE STEEL BARS

RoundBars DFSIGNATION (1) ISRO 5 ISRO 6 ::z: 1: ISRO 12 ISRO 14 ISRO 18 16 ISRO 20 ISRO 22 ISRO ISRO ISRO ISRO ISRO 25 28 32 36 40 PERIMETER (5) c m 1.57 E 3.14 3.77 4.39 E 6.28 6.91 7.85 8.79 10-l 11.3 12.6 DIBIQNATION (1) ::z% ISRO ";: 56 ISRO 63 ISRO 71 ISRO 80 ISRO 100 90 ISRO 110 ISRO 125 ISRO ISRO ISRO ISRO 140 160 180 200 PluumETEr~ (5) cm 14.1 15.7 t ;f 2213 25.1 E3 3k6 39.3 44.0 50.3 56.6 62.8

TABLIi 37A INDIAN STANDARD RIVETS (SNAP HEAD m)

[Calculated weight of rivets in kg/l 000 pieces (based on 7.85' kg/dm*)]
N OMINAL DLUETER

\ OF RIvETa,-, D,LENGTH,
&mm 1

16
weight of rivets in kg/l 090 piecesw

24

\I
18 zx z: 28 E.5 35 35.5 40 45 z: 56 E 65 :: 80 85 90 95 100 106 112 118 :`3: E 160

18.5 20.9 19.7 23.4 22.2 24.7 25.9 30 3s 35.1 41.3 38.2 44-i 4G 50.6 -

-376 4G Z.Z 52.7 57.2 6&j g.: 75.8 74.9 83.8 88.3 A --

80 Z!:: 101 109 119 130 125

i- 1sS 180 195 212 205 22: 254 267 ;E! E 333 E 59.04

--228 246 ZE

--i3or 326 315

142 141 157

287 290 317 332 z: 377 395 413 431 473 452 497

354 351 386 E 440 457 479 500 521 2: z 671 102.1

.

:z 180 :: 207 --

--

Wc$ht_p 1000 heads For each additional 10 mm

7.38

12.77

30.25

78.6

len "py;"yk"d do 9 pa

[calculated weight in kg/l 000 piecea of bolts and nub (based on 7.85 kg/dm*)]

Nom Sm, dmm+ I,=~ 1 \ 16 20 25 30 35 40 45 50 55 60 65 70 75 80 90 100 110 120 130 140 150 160 170 180 190 200

M6

M8 Ml0 Ml2 Ml4 Ml6 Ml8 M20 M22 M24 M27

M30

M33

M36

M39

M42

M45

M48 M52

i weight of b&l in kg/l opo piecemw
7.43 8.12 8.97 IO.1 11.2 12.3 13.4 145 156 16.7 17.8 18.9 20.0 21.1 23.3 25.5 15.9 17.1 l&7 20.7 22.7 247 26.7 28.7 30.7 32.7 34.7 36.7 38.7 40.7 &7 48.7 52.7 56.7 32.1 34.1 -36.6 391 42.2 45.3 48.4 51.5 54.6 57.7 `b-8 63.9 67.0 70.1 76.3 82.5 88.7 949 101 107 113 119 125 131 137 143 48.9 52.5 56.1 597 Ml 68.5 72.9 77.3 81.7 86.1 90.5 95 100 109 118 127 136 145 154 163 172 181 190 199 208 66.4 72.6 78.9 85.2 91.4 97.7 104 110 116 123 129 135 148 160 172 185 197 210 222 235 247 260 272.0 284 107 114 121 128 136 144 152 160 168 176 182 198 214 230 246 262 278 294 310 326 942 358 374

L--a

136 146 157 167 177 188 198 208 219 229 239 260 280 301 322 342 363 384 404 425 445 466 487

186 196 207 217 227 238 251 264 277 290 303 329 355 381 407 433 459 485 501 527 553 579 605

212 227 244 260 277 293 309 326 343 359 376 407 436 46s 500 531 562 593 624 655 686 717 748

347 362 377 392 407 422 440 458 476 511 547 583 618 654 689 725 760 796 831 867 902

-

-

-

-

-

I'

W

653 698 743 788 833 878 923 968 1010 1055 1100 1 145 1190 853 908 963 1018 -1070 1 125 1180 1230 1290 1345 1400 1455 1510

10 0 1 1f0 1220 1285 1 350 1415 1480 1 550 1620 1685 1 750 1815 1880

1520 1600 1680 1 750 1840 1920 2000 2080 2 160 2240 2 320

1870 1965 2060 2 155 2250 2340 2430 2 525 2 620 2 715 2 810

2 230 2340 2450 2 560 2 670 2780 2890 3000 3 110 3 220 3 330

2660 2 785 2910 3 035 3160 3280 3400 3 525 3650 3 775 3906

3300 3.9 3580 3 720 3860 4000 4140 4280 4 420 4560

4140 4 305 4 470 4 635 4800 ,4 935 5130 5 295 ski0

2.32 4.82 10.9 15.9 22.4 30.8 43.2 WcightoflOmmobnk in kg per 1000 picccm

60.3

80.3

103

154

216

271

369

472

610

750

924 I 130

2.2

4

6

9

12.4

16

20.7

25

31.2

35.5

447

-7.66

80

95

110

125

140

165

TABLE 45 STEEL UNEQUAL ANGIJZS lIhsIQNA-

TION

SIZII

Tmax-

AxB

TIONAL
AREA m'

SEC-

MO- OP INERTIA 1

ZV#
cm` :.-;
l-9 3.0 ;j o-9 ::; 1.6

,

MODULI OF SacnON

CENTRE OF GRAVITY

(1)
ISA 3020

IlMlXIIlID
30x20

(2)

ib

(6)

(7) cm'

cmb

(8)

cm'

cm;

(k) (2)
cm O-98 1.02 1.06 o-49 o-53 0.57 o-57 0.62 X:E O-69 x::; 0.81 0.65 0.70 o-74 0.78 o-96 l-00 l-08 l-08 l-12 1.20 l-04 l-09 1.16 1.24 1.16 1.20 1.28 1.36 l-12 1.16 1.24 1.32 1.39 E L-63 1.47 l-55 1.63 1.78 1.87 1.95 2.03 1.59 1.68 1.76 1.30 1.35 :::: 1.42 1.47 1.51 1.55

1.41 E

ISA 4025

40x25

1.88 23:Z 3-56

::: ::y l-4 ::; 2.7

ISA, 4530

45x30

2.18 2-86 3.52 4.16 2.34 3,07 3-78 4.47 4.76 5-65 7.37 5.26 g;:

;:; 6.9 8.0 5:; 109.93 16.9 19.9 25.4 22.1 26.0 33.2 27.2 32.0 41.0 49.3 34-l %Z 62.3 40-6 48-O 61.9 74-7 f:5" 10.3 11.9 19.5 22.8 29.0 25.9 30.4 38.7 30.9 36.3 46.3 55.4 39.4 ZE 71.2 45.7 53.9 69.3 83.3 81-5 105.3 127.3 147.5 110.6 143.6 174.2 124.0 161.3 196-l 228.4 208.9 272.8 332.9 254.0 331.4 404-l 473.6 435.7 532-7 625-l 1.6 ;:: 2.9 6.0 ;:z li.li 12.8 8.8 10.3 13.1 15.6. 12.2 14.3 18.3 21.8 12.3 14-4 ii:: 25.2 32.4 39.1 45.2 32.4 ";i:`: 48.7 63.3 76-9 89.5 51.6 67.2 81.6 103.6 134.7 164-l 191.8 71.1 86.3 100.4

ISA 5030

50x30

l-7

;:"B
3.4 4.2 5:; ;:9" 7.7 2:;: 8.9 10.9 f;:; 10-4 12.7 g:; 21.7 14.4 11.5 15.1 18.6 22.0 14.2 18.7 23.1 14.4 19.1 23.6 27.9 22.2 29.4 36.3 23.4 30.9 38. i 45.1 E9" 61.6

8; 1.1 1.3 2-o 2.3 3-o $105 3.9

f.zg 1.72 1.76 1.95 ::: 2,07 2.11 2.19 2.27 2.32 f

ISA 6040

60x40

ISA 6545

65x45

ISA 7045

70x45

5.52 6.56 8.58 10.52 6.02 7.16 9-38 11.52

:Z

ISA 7550

75x50

;:; 4.9 6.0 3.2 3.8 4.9 6.0

2.39 % 2.60 2.60 Z:E 2.81 2.87 2.96 3.04 3.12

ISA 8050

80x50

ISA 9060

90X60

8.65 11.37 14.01 16.57 9.55 12.57 15.51 10.14 13.36 16-50 19.56 11.66 15.38 19.02 12.92 17.04 21.08 25.04 17.48 21.62 25.68

70.6 91.5 110.9 129.1 1z.i 153.2 100.9 131.6 160.4 187.5 187.8 245.5 300.3 205.5 268.3 328.0 384.8 410.3 502.2 590-o

If$A 10065

100x65

6.4 1i.z 1E 13.8 16.3 1% 14.2 14.3 18.8 23.1 27.3 11.9 14.7 17.3

3.19 3.28 3.37 3.01 3.10 3.19 3.27 4.05 4.15 4.24 3-72 3.80 3.89 3.97 5.24 g:; I

ISA 10075

100x75

ISA 12575

125x75

ISA 12595

125x95

ISA 15075

150 x 75 12-O

1.54 1.62

10

TABLE 45 STEEL UNEQUAL ANGLES - Cod.
DEYUQNATION

TXKKmsa

t

SE& nomu

WEIQHT MJzTRF#
ID

Mom
t

AREA
a

PBJI

1

OF INERTIA

z, (6) cm' 474.4 581.8 FE: 1 227.8 1 449.2 1 870.1

(Ak)
(7) cm' 589.6 722.6 1 E."9 1304-g 1 539.0 1 982.1 1 729.6 2 043.3 2 638.6 3 192.7

b

1" (`3)
cm' 244-4 298.8 350.6 446.8 214.7 251.5 319.6 1044.9 1260.8

5i-xF
cm8 45.1 55.8 -66% 86.2 1% 146.5

M:ZZl

-Or

.c
"

GRAVITY

w

(1)

IIllIlXIlWQ
ISA 150115 150x115

(2)

mm $8 16.0 12.0 loso 12.0 16.0 l0*O 12.0 16.0 20.0

(3

(41 ma ;pg 40X10 SO.52 i-z 45.65 ii% 53.73 66.29

(5) kg 20.1 16.3 . E 22.9 27.3 35.8 26.9 32.1 E*

(9)

(10)

cm*

(11)
cm 965 4.81 E 7.23 6.02 6.11

(12)
cm 2.76 I:; . I'! 2127 X'f e Ei *

40.8 53.0 31.9 26.9 41.3

ISA 200100 200x100 ISA 200150 200x 150

1 409.2 1 665.6 2 155.2 2 615.1

ii?.;
192.6 114.0

:z *

1 I-

